patient_id,arrival_ts,urgency_level,arrival_mode,triage_ts,assessment_start_ts,lab_required,imaging_required,bed_assigned_type,admit_decision,discharge_ts,waiting_time_minutes,los_minutes
P000001,2026-02-09T00:19:26.961805,4,walk-in,2026-02-09T00:28:44.510152,2026-02-09T00:28:44.510152,False,False,ED,discharge,2026-02-09T01:43:26.815421,0.0,84.0
P000002,2026-02-09T00:43:14.598550,4,walk-in,2026-02-09T00:50:35.276384,2026-02-09T00:50:35.276384,False,False,ED,discharge,2026-02-09T04:11:21.752285,0.0,208.12
P000003,2026-02-09T00:46:16.029203,2,walk-in,2026-02-09T00:51:35.547100,2026-02-09T00:51:35.547100,False,False,ED,discharge,2026-02-09T04:04:51.976968,0.0,198.6
P000004,2026-02-09T00:55:44.755019,3,walk-in,2026-02-09T00:59:30.155182,2026-02-09T00:59:30.155182,False,False,ED,discharge,2026-02-09T06:27:35.691058,0.0,331.85
P000005,2026-02-09T01:11:55.815542,4,walk-in,2026-02-09T01:15:05.754605,2026-02-09T01:15:05.754605,False,False,ED,discharge,2026-02-09T02:04:07.993772,0.0,52.2
P000006,2026-02-09T04:35:03.039340,3,walk-in,2026-02-09T04:40:50.904261,2026-02-09T04:40:50.904261,False,False,ED,discharge,2026-02-09T16:40:50.904261,0.0,725.8
P000007,2026-02-09T05:22:53.829431,5,walk-in,2026-02-09T05:26:39.358501,2026-02-09T05:26:39.358501,False,False,ED,discharge,2026-02-09T06:56:59.710506,0.0,94.1
P000008,2026-02-09T06:11:08.969860,4,walk-in,2026-02-09T06:18:11.136838,2026-02-09T06:18:11.136838,False,False,ED,discharge,2026-02-09T08:40:04.161807,0.0,148.92
P000009,2026-02-09T06:12:47.355524,4,walk-in,2026-02-09T06:18:20.328542,2026-02-09T06:18:20.328542,True,False,ED,discharge,2026-02-09T07:19:52.889959,0.0,67.09
P000010,2026-02-09T06:13:58.047191,4,walk-in,2026-02-09T06:19:04.182544,2026-02-09T06:19:04.182544,False,False,ED,discharge,2026-02-09T07:34:43.453888,0.0,80.76
P000011,2026-02-09T06:27:29.827881,5,walk-in,2026-02-09T06:36:49.006210,2026-02-09T06:36:49.006210,False,False,ED,discharge,2026-02-09T07:31:25.549704,0.0,63.93
P000012,2026-02-09T06:29:09.565668,3,walk-in,2026-02-09T06:36:13.159276,2026-02-09T06:36:13.159276,False,False,ED,admit,2026-02-09T11:25:12.504016,0.0,296.05
P000013,2026-02-09T06:37:51.970646,4,walk-in,2026-02-09T06:41:27.584771,2026-02-09T06:41:27.584771,False,False,ED,discharge,2026-02-09T09:02:50.182428,0.0,144.97
P000014,2026-02-09T06:45:38.167795,4,walk-in,2026-02-09T06:50:12.516875,2026-02-09T06:50:12.516875,False,True,ED,discharge,2026-02-09T07:30:12.516875,0.0,44.57
P000015,2026-02-09T06:52:59.183016,3,walk-in,2026-02-09T06:57:20.845815,2026-02-09T06:57:20.845815,False,False,ED,discharge,2026-02-09T11:55:17.442032,0.0,302.3
P000016,2026-02-09T07:02:49.618952,1,transfer,2026-02-09T07:11:13.038351,2026-02-09T07:11:13.038351,True,True,ICU,admit,2026-02-09T12:41:25.307857,0.0,338.59
P000017,2026-02-09T07:05:48.178957,3,walk-in,2026-02-09T07:11:59.892924,2026-02-09T07:11:59.892924,False,False,ED,discharge,2026-02-09T10:31:20.301986,0.0,205.54
P000018,2026-02-09T07:13:28.910413,5,walk-in,2026-02-09T07:20:46.224389,2026-02-09T07:20:46.224389,False,False,ED,discharge,2026-02-09T07:40:46.224389,0.0,27.29
P000019,2026-02-09T07:16:40.704971,3,walk-in,2026-02-09T07:21:24.545661,2026-02-09T07:21:24.545661,False,False,ED,discharge,2026-02-09T10:03:40.277449,0.0,166.99
P000020,2026-02-09T07:25:51.784257,3,walk-in,2026-02-09T07:30:51.790080,2026-02-09T07:30:51.790080,True,False,ED,discharge,2026-02-09T13:02:32.991270,0.0,336.69
P000021,2026-02-09T07:26:05.154902,4,walk-in,2026-02-09T07:31:56.346637,2026-02-09T07:31:56.346637,False,False,ED,discharge,2026-02-09T09:19:23.420056,0.0,113.3
P000022,2026-02-09T07:33:11.605107,5,walk-in,2026-02-09T07:41:03.724761,2026-02-09T07:41:03.724761,False,False,ED,discharge,2026-02-09T08:45:55.174702,0.0,72.73
P000023,2026-02-09T07:37:38.805750,4,walk-in,2026-02-09T07:43:34.794689,2026-02-09T07:43:34.794689,False,False,ED,discharge,2026-02-09T09:06:26.846354,0.0,88.8
P000024,2026-02-09T08:06:55.543214,3,walk-in,2026-02-09T08:10:07.733638,2026-02-09T08:10:07.733638,False,False,ED,discharge,2026-02-09T14:04:48.660058,0.0,357.89
P000025,2026-02-09T08:07:38.803869,4,walk-in,2026-02-09T08:13:24.292377,2026-02-09T08:13:24.292377,False,True,ED,discharge,2026-02-09T10:25:27.109419,0.0,137.81
P000026,2026-02-09T08:17:48.148172,3,walk-in,2026-02-09T08:23:27.371795,2026-02-09T08:23:27.371795,True,False,ED,admit,2026-02-09T10:23:27.371795,0.0,125.65
P000027,2026-02-09T08:22:46.039590,3,walk-in,2026-02-09T08:25:54.180571,2026-02-09T08:25:54.180571,False,False,ED,discharge,2026-02-09T17:02:33.827139,0.0,519.8
P000028,2026-02-09T08:57:38.804052,4,walk-in,2026-02-09T09:05:55.581998,2026-02-09T09:05:55.581998,False,False,ED,discharge,2026-02-09T10:40:30.732652,0.0,102.87
P000029,2026-02-09T09:01:55.560878,4,walk-in,2026-02-09T09:09:49.336166,2026-02-09T09:09:49.336166,False,False,ED,discharge,2026-02-09T10:50:32.837145,0.0,108.62
P000030,2026-02-09T09:07:56.322655,2,walk-in,2026-02-09T09:17:41.505380,2026-02-09T09:17:41.505380,True,True,ED,admit,2026-02-09T11:24:45.245797,0.0,136.82
P000031,2026-02-09T09:13:12.782584,4,walk-in,2026-02-09T09:21:02.840639,2026-02-09T09:21:02.840639,False,False,ED,discharge,2026-02-09T10:01:02.840639,0.0,47.83
P000032,2026-02-09T09:17:21.796669,4,walk-in,2026-02-09T09:27:15.011297,2026-02-09T09:27:15.011297,False,False,ED,discharge,2026-02-09T10:21:24.740050,0.0,64.05
P000033,2026-02-09T09:18:42.178649,4,walk-in,2026-02-09T09:22:26.504975,2026-02-09T09:22:26.504975,False,False,ED,discharge,2026-02-09T11:27:49.563454,0.0,129.12
P000034,2026-02-09T09:26:55.008772,3,walk-in,2026-02-09T09:36:40.507739,2026-02-09T09:36:40.507739,True,False,ED,discharge,2026-02-09T11:39:13.657419,0.0,132.31
P000035,2026-02-09T09:30:19.279037,3,walk-in,2026-02-09T09:39:08.186065,2026-02-09T09:39:08.186065,True,False,ED,discharge,2026-02-09T14:02:05.035839,0.0,271.76
P000036,2026-02-09T09:35:21.356462,4,walk-in,2026-02-09T09:38:33.410461,2026-02-09T09:38:33.410461,False,False,ED,discharge,2026-02-09T11:11:46.920497,0.0,96.43
P000037,2026-02-09T09:42:58.290483,4,walk-in,2026-02-09T09:46:02.553951,2026-02-09T09:46:02.553951,False,False,ED,discharge,2026-02-09T10:38:43.737259,0.0,55.76
P000038,2026-02-09T09:43:44.856473,4,walk-in,2026-02-09T09:51:16.135691,2026-02-09T09:51:16.135691,False,False,ED,discharge,2026-02-09T11:24:36.148657,0.0,100.85
P000039,2026-02-09T09:54:19.512047,4,walk-in,2026-02-09T10:01:02.499258,2026-02-09T10:01:02.499258,False,False,ED,discharge,2026-02-09T12:54:19.644785,0.0,180.0
P000040,2026-02-09T09:56:34.474972,3,walk-in,2026-02-09T10:00:25.150444,2026-02-09T10:00:25.150444,True,True,ED,discharge,2026-02-09T14:13:01.440047,0.0,256.45
P000041,2026-02-09T10:07:11.591810,3,walk-in,2026-02-09T10:17:01.766760,2026-02-09T10:17:01.766760,False,False,ED,discharge,2026-02-09T12:58:39.172411,0.0,171.46
P000042,2026-02-09T10:13:23.558657,3,walk-in,2026-02-09T10:16:29.500971,2026-02-09T10:16:29.500971,False,False,ED,discharge,2026-02-09T12:16:29.500971,0.0,123.1
P000043,2026-02-09T10:14:47.859028,5,walk-in,2026-02-09T10:23:54.401317,2026-02-09T10:23:54.401317,False,False,ED,discharge,2026-02-09T11:00:22.635477,0.0,45.58
P000044,2026-02-09T10:23:44.829048,2,walk-in,2026-02-09T10:30:05.475307,2026-02-09T10:30:05.475307,False,False,ICU,admit,2026-02-09T13:47:38.067475,0.0,203.89
P000045,2026-02-09T10:36:17.387377,4,walk-in,2026-02-09T10:46:14.832989,2026-02-09T10:46:14.832989,True,False,ED,discharge,2026-02-09T11:58:26.665227,0.0,82.15
P000046,2026-02-09T10:38:20.218182,3,walk-in,2026-02-09T10:44:29.434257,2026-02-09T10:44:29.434257,False,False,ED,discharge,2026-02-09T13:44:10.958403,0.0,185.85
P000047,2026-02-09T10:38:27.462475,4,walk-in,2026-02-09T10:42:54.733395,2026-02-09T10:42:54.733395,False,False,ED,discharge,2026-02-09T13:19:40.939444,0.0,161.22
P000048,2026-02-09T10:40:08.320002,2,ambulance,2026-02-09T10:46:17.531558,2026-02-09T10:46:17.531558,True,True,ED,admit,2026-02-09T13:46:05.577165,0.0,185.95
P000049,2026-02-09T10:47:02.654167,4,walk-in,2026-02-09T10:55:33.541938,2026-02-09T10:55:33.541938,False,False,ED,discharge,2026-02-09T11:35:33.541938,0.0,48.51
P000050,2026-02-09T10:52:20.758948,4,walk-in,2026-02-09T11:01:42.291755,2026-02-09T11:01:42.291755,False,False,ED,discharge,2026-02-09T12:02:23.071415,0.0,70.04
P000051,2026-02-09T10:55:23.756157,3,walk-in,2026-02-09T11:03:13.000913,2026-02-09T11:03:13.000913,False,False,ED,discharge,2026-02-09T22:15:29.267935,0.0,680.09
P000052,2026-02-09T10:55:59.733761,2,ambulance,2026-02-09T11:02:01.185800,2026-02-09T11:02:01.185800,True,True,ICU,discharge,2026-02-09T20:19:35.728878,0.0,563.6
P000053,2026-02-09T10:56:11.956516,5,transfer,2026-02-09T11:03:54.314781,2026-02-09T11:03:54.314781,False,False,ED,discharge,2026-02-09T11:41:13.934505,0.0,45.03
P000054,2026-02-09T11:03:28.530599,4,walk-in,2026-02-09T11:07:44.756041,2026-02-09T11:07:44.756041,False,False,ED,discharge,2026-02-09T13:07:51.888605,0.0,124.39
P000055,2026-02-09T11:09:19.726199,4,walk-in,2026-02-09T11:14:38.243738,2026-02-09T11:14:38.243738,False,False,ED,discharge,2026-02-09T12:59:18.448576,0.0,109.98
P000056,2026-02-09T11:09:27.888596,4,walk-in,2026-02-09T11:14:39.985802,2026-02-09T11:14:39.985802,False,False,ED,discharge,2026-02-09T11:54:39.985802,0.0,45.2
P000057,2026-02-09T11:12:34.225311,4,walk-in,2026-02-09T11:16:53.009978,2026-02-09T11:16:53.009978,False,False,ED,discharge,2026-02-09T12:27:57.167737,0.0,75.38
P000058,2026-02-09T11:16:03.867154,3,walk-in,2026-02-09T11:25:33.489714,2026-02-09T11:25:33.489714,False,False,ED,discharge,2026-02-09T21:14:17.756708,0.0,598.23
P000059,2026-02-09T11:33:07.346273,2,walk-in,2026-02-09T11:39:59.291865,2026-02-09T11:39:59.291865,True,False,ED,admit,2026-02-09T14:57:20.015264,0.0,204.21
P000060,2026-02-09T11:35:17.911386,2,walk-in,2026-02-09T11:41:47.229098,2026-02-09T11:41:47.229098,False,False,ED,admit,2026-02-09T19:12:33.479900,0.0,457.26
P000061,2026-02-09T11:45:06.712173,4,walk-in,2026-02-09T11:54:33.896796,2026-02-09T11:54:33.896796,False,False,ED,discharge,2026-02-09T12:34:33.896796,0.0,49.45
P000062,2026-02-09T11:53:56.333359,4,walk-in,2026-02-09T12:03:28.717684,2026-02-09T12:03:28.717684,False,False,ED,discharge,2026-02-09T13:10:11.033915,0.0,76.25
P000063,2026-02-09T11:59:07.111838,3,walk-in,2026-02-09T12:05:53.315681,2026-02-09T12:05:53.315681,False,False,ED,discharge,2026-02-09T21:23:56.091810,0.0,564.82
P000064,2026-02-09T12:00:34.810919,3,walk-in,2026-02-09T12:08:27.760259,2026-02-09T12:08:27.760259,False,False,ED,discharge,2026-02-09T23:36:35.208615,0.0,696.01
P000065,2026-02-09T12:01:47.269990,4,walk-in,2026-02-09T12:09:26.019298,2026-02-09T12:09:26.019298,False,False,ED,discharge,2026-02-09T13:51:18.607688,0.0,109.52
P000066,2026-02-09T12:03:31.087440,3,walk-in,2026-02-09T12:12:36.361572,2026-02-09T12:12:36.361572,False,False,ED,discharge,2026-02-09T14:12:36.361572,0.0,129.09
P000067,2026-02-09T12:12:42.473540,4,walk-in,2026-02-09T12:18:59.659592,2026-02-09T12:18:59.659592,False,False,ED,discharge,2026-02-09T13:59:52.961648,0.0,107.17
P000068,2026-02-09T12:13:09.554733,4,walk-in,2026-02-09T12:22:10.478450,2026-02-09T12:22:10.478450,False,False,ED,discharge,2026-02-09T13:48:39.207021,0.0,95.49
P000069,2026-02-09T12:16:36.048806,2,walk-in,2026-02-09T12:26:02.839027,2026-02-09T12:26:02.839027,False,False,ED,admit,2026-02-09T13:56:02.839027,0.0,99.45
P000070,2026-02-09T12:16:42.762521,4,walk-in,2026-02-09T12:22:49.107513,2026-02-09T12:22:49.107513,False,False,ED,discharge,2026-02-09T13:54:34.406992,0.0,97.86
P000071,2026-02-09T12:20:21.489379,2,walk-in,2026-02-09T12:27:19.179165,2026-02-09T12:27:19.179165,False,True,ICU,discharge,2026-02-09T14:55:50.294000,0.0,155.48
P000072,2026-02-09T12:25:22.826950,4,walk-in,2026-02-09T12:34:46.215137,2026-02-09T12:34:46.215137,True,False,ED,discharge,2026-02-09T13:56:02.043987,0.0,90.65
P000073,2026-02-09T12:28:01.288805,5,walk-in,2026-02-09T12:32:07.638566,2026-02-09T12:32:07.638566,False,False,ED,discharge,2026-02-09T13:19:21.175515,0.0,51.33
P000074,2026-02-09T12:31:03.273028,3,walk-in,2026-02-09T12:39:58.300677,2026-02-09T12:39:58.300677,True,False,ED,discharge,2026-02-09T17:01:52.791076,0.0,270.83
P000075,2026-02-09T12:35:01.220241,5,walk-in,2026-02-09T12:44:51.956925,2026-02-09T12:44:51.956925,False,False,ED,discharge,2026-02-09T14:00:00.470217,0.0,84.99
P000076,2026-02-09T12:51:40.856777,4,walk-in,2026-02-09T12:58:55.547504,2026-02-09T12:58:55.547504,False,False,ED,discharge,2026-02-09T14:39:03.689379,0.0,107.38
P000077,2026-02-09T12:57:13.737339,4,walk-in,2026-02-09T13:04:58.398412,2026-02-09T13:04:58.398412,False,False,ED,discharge,2026-02-09T13:47:25.936679,0.0,50.2
P000078,2026-02-09T13:10:43.146770,5,walk-in,2026-02-09T13:15:52.898581,2026-02-09T13:15:52.898581,False,False,ED,discharge,2026-02-09T14:15:09.799832,0.0,64.44
P000079,2026-02-09T13:12:49.490277,3,walk-in,2026-02-09T13:19:36.041536,2026-02-09T13:19:36.041536,False,False,ED,admit,2026-02-09T18:47:09.492866,0.0,334.33
P000080,2026-02-09T13:32:59.292937,3,walk-in,2026-02-09T13:39:21.669026,2026-02-09T13:39:21.669026,False,False,ED,discharge,2026-02-10T01:39:21.669026,0.0,726.37
P000081,2026-02-09T13:47:04.629927,5,walk-in,2026-02-09T13:55:08.800946,2026-02-09T13:55:08.800946,False,False,ED,discharge,2026-02-09T15:23:21.688797,0.0,96.28
P000082,2026-02-09T13:51:09.791611,4,ambulance,2026-02-09T13:57:55.151980,2026-02-09T13:57:55.151980,False,False,ED,discharge,2026-02-09T14:37:55.151980,0.0,46.76
P000083,2026-02-09T13:54:19.211368,2,ambulance,2026-02-09T13:57:29.721721,2026-02-09T13:57:29.721721,False,False,ED,admit,2026-02-09T16:15:44.257175,0.0,141.42
P000084,2026-02-09T13:56:04.942528,2,walk-in,2026-02-09T14:05:26.885336,2026-02-09T14:05:26.885336,True,False,ICU,admit,2026-02-09T19:36:23.223912,0.0,340.3
P000085,2026-02-09T13:58:23.216750,2,walk-in,2026-02-09T14:02:20.195650,2026-02-09T14:02:20.195650,True,False,ED,discharge,2026-02-09T17:14:36.198489,0.0,196.22
P000086,2026-02-09T14:03:02.117986,3,walk-in,2026-02-09T14:07:07.017605,2026-02-09T14:07:07.017605,False,True,ED,discharge,2026-02-09T16:07:07.017605,0.0,124.08
P000087,2026-02-09T14:15:45.869791,3,walk-in,2026-02-09T14:25:25.102962,2026-02-09T14:25:25.102962,False,True,ED,discharge,2026-02-10T00:11:07.874798,0.0,595.37
P000088,2026-02-09T14:37:09.773437,5,walk-in,2026-02-09T14:42:56.992087,2026-02-09T14:42:56.992087,False,False,ED,discharge,2026-02-09T15:08:19.751796,0.0,31.17
P000089,2026-02-09T14:40:30.765193,4,walk-in,2026-02-09T14:49:01.218921,2026-02-09T14:49:01.218921,False,False,ED,discharge,2026-02-09T16:29:11.815113,0.0,108.68
P000090,2026-02-09T14:41:04.611304,4,walk-in,2026-02-09T14:45:35.310872,2026-02-09T14:45:35.310872,False,False,ED,discharge,2026-02-09T16:09:34.004510,0.0,88.49
P000091,2026-02-09T14:43:06.269791,2,ambulance,2026-02-09T14:47:51.544554,2026-02-09T14:47:51.544554,True,False,ICU,admit,2026-02-09T18:24:26.267058,0.0,221.33
P000092,2026-02-09T14:43:47.751849,4,walk-in,2026-02-09T14:49:03.735863,2026-02-09T14:49:03.735863,False,False,ED,discharge,2026-02-09T15:29:03.735863,0.0,45.27
P000093,2026-02-09T14:44:52.712017,4,walk-in,2026-02-09T14:48:38.514701,2026-02-09T14:48:38.514701,False,False,ED,discharge,2026-02-09T15:59:48.406226,0.0,74.93
P000094,2026-02-09T14:53:52.162381,5,walk-in,2026-02-09T15:00:04.540240,2026-02-09T15:00:04.540240,False,False,ED,discharge,2026-02-09T15:27:17.438857,0.0,33.42
P000095,2026-02-09T15:00:28.163186,5,walk-in,2026-02-09T15:04:02.095187,2026-02-09T15:04:02.095187,False,False,ED,discharge,2026-02-09T16:07:39.135468,0.0,67.18
P000096,2026-02-09T15:09:10.221367,4,walk-in,2026-02-09T15:19:07.965024,2026-02-09T15:19:07.965024,False,False,ED,discharge,2026-02-09T17:52:18.627262,0.0,163.14
P000097,2026-02-09T15:15:43.038945,4,walk-in,2026-02-09T15:23:45.791710,2026-02-09T15:23:45.791710,False,False,ED,discharge,2026-02-09T17:32:00.323958,0.0,136.29
P000098,2026-02-09T15:15:50.342046,3,walk-in,2026-02-09T15:19:30.278098,2026-02-09T15:19:30.278098,False,False,ED,discharge,2026-02-10T00:49:17.958643,0.0,573.46
P000099,2026-02-09T15:21:53.395844,4,walk-in,2026-02-09T15:25:33.952906,2026-02-09T15:25:33.952906,False,False,ED,discharge,2026-02-09T18:51:21.613819,0.0,209.47
P000100,2026-02-09T15:23:44.274844,4,walk-in,2026-02-09T15:27:35.611984,2026-02-09T15:27:35.611984,False,False,ED,discharge,2026-02-09T17:47:21.184078,0.0,143.62
P000101,2026-02-09T15:32:41.789330,4,walk-in,2026-02-09T15:39:44.515108,2026-02-09T15:39:44.515108,False,False,ED,discharge,2026-02-09T16:24:56.384671,0.0,52.24
P000102,2026-02-09T15:36:32.871620,4,walk-in,2026-02-09T15:44:53.165985,2026-02-09T15:44:53.165985,False,False,ED,discharge,2026-02-09T19:07:36.293352,0.0,211.06
P000103,2026-02-09T15:56:20.148014,4,walk-in,2026-02-09T16:05:50.363416,2026-02-09T16:05:50.363416,False,False,ED,discharge,2026-02-09T17:16:08.980106,0.0,79.81
P000104,2026-02-09T15:59:14.039029,3,walk-in,2026-02-09T16:02:16.603461,2026-02-09T16:02:16.603461,False,False,ED,discharge,2026-02-09T23:18:36.110155,0.0,439.37
P000105,2026-02-09T16:02:44.967781,4,walk-in,2026-02-09T16:08:41.297428,2026-02-09T16:08:41.297428,False,False,ED,discharge,2026-02-09T18:29:59.362354,0.0,147.24
P000106,2026-02-09T16:12:12.950324,4,walk-in,2026-02-09T16:15:35.046031,2026-02-09T16:15:35.046031,False,False,ED,discharge,2026-02-09T17:29:08.471737,0.0,76.93
P000107,2026-02-09T16:17:59.989487,3,walk-in,2026-02-09T16:26:17.065607,2026-02-09T16:26:17.065607,True,False,ED,discharge,2026-02-10T02:57:46.566951,0.0,639.78
P000108,2026-02-09T16:32:13.093189,3,walk-in,2026-02-09T16:35:32.168481,2026-02-09T16:35:32.168481,False,False,ED,discharge,2026-02-09T20:07:48.078028,0.0,215.58
P000109,2026-02-09T17:07:42.209272,3,walk-in,2026-02-09T17:10:45.455833,2026-02-09T17:10:45.455833,False,False,ED,discharge,2026-02-09T23:24:53.461247,0.0,377.19
P000110,2026-02-09T17:31:49.273220,3,walk-in,2026-02-09T17:40:27.877298,2026-02-09T17:40:27.877298,True,False,ED,admit,2026-02-10T05:40:27.877298,0.0,728.64
P000111,2026-02-09T17:32:21.764508,4,walk-in,2026-02-09T17:40:19.754072,2026-02-09T17:40:19.754072,False,False,ED,discharge,2026-02-09T19:13:18.685294,0.0,100.95
P000112,2026-02-09T17:33:06.049516,4,walk-in,2026-02-09T17:41:55.500399,2026-02-09T17:41:55.500399,False,False,ED,discharge,2026-02-09T19:05:41.258516,0.0,92.59
P000113,2026-02-09T17:40:24.112370,3,walk-in,2026-02-09T17:45:46.707948,2026-02-09T17:45:46.707948,False,False,ED,discharge,2026-02-10T03:27:26.205484,0.0,587.03
P000114,2026-02-09T17:40:36.118155,3,walk-in,2026-02-09T17:46:02.855766,2026-02-09T17:46:02.855766,False,False,ED,discharge,2026-02-09T21:58:34.493960,0.0,257.97
P000115,2026-02-09T18:00:23.395535,4,walk-in,2026-02-09T18:07:58.709319,2026-02-09T18:07:58.709319,False,False,ED,discharge,2026-02-09T19:55:47.041293,0.0,115.39
P000116,2026-02-09T18:11:25.475692,4,walk-in,2026-02-09T18:20:53.620481,2026-02-09T18:20:53.620481,False,False,ED,discharge,2026-02-09T20:30:10.677311,0.0,138.75
P000117,2026-02-09T18:17:57.763508,2,walk-in,2026-02-09T18:23:04.948091,2026-02-09T18:23:04.948091,True,True,ED,admit,2026-02-09T20:33:31.417620,0.0,135.56
P000118,2026-02-09T18:25:19.775880,3,walk-in,2026-02-09T18:34:09.088465,2026-02-09T18:34:09.088465,True,False,ED,discharge,2026-02-09T20:51:09.977788,0.0,145.84
P000119,2026-02-09T18:41:53.301822,4,walk-in,2026-02-09T18:51:09.570064,2026-02-09T18:51:09.570064,False,False,ED,discharge,2026-02-09T19:46:07.418945,0.0,64.24
P000120,2026-02-09T18:43:47.034432,3,walk-in,2026-02-09T18:47:13.021386,2026-02-09T18:47:13.021386,True,False,ED,discharge,2026-02-09T22:13:23.489738,0.0,209.61
P000121,2026-02-09T19:04:15.086460,3,walk-in,2026-02-09T19:10:19.643613,2026-02-09T19:10:19.643613,False,False,ED,discharge,2026-02-09T21:10:19.643613,0.0,126.08
P000122,2026-02-09T19:05:32.274484,3,walk-in,2026-02-09T19:12:43.386546,2026-02-09T19:12:43.386546,False,False,ED,discharge,2026-02-10T04:23:34.424015,0.0,558.04
P000123,2026-02-09T19:09:58.719998,4,walk-in,2026-02-09T19:19:19.383931,2026-02-09T19:19:19.383931,False,False,ED,discharge,2026-02-09T21:23:27.569493,0.0,133.48
P000124,2026-02-09T19:14:55.162802,3,transfer,2026-02-09T19:22:48.524386,2026-02-09T19:22:48.524386,False,False,ED,discharge,2026-02-09T22:37:00.530359,0.0,202.09
P000125,2026-02-09T19:34:38.467723,4,walk-in,2026-02-09T19:43:26.630492,2026-02-09T19:43:26.630492,False,False,ED,discharge,2026-02-09T21:51:30.119441,0.0,136.86
P000126,2026-02-09T19:34:57.034439,3,walk-in,2026-02-09T19:40:29.325460,2026-02-09T19:40:29.325460,True,False,ED,discharge,2026-02-09T22:14:18.928459,0.0,159.36
P000127,2026-02-09T19:36:13.413713,2,walk-in,2026-02-09T19:39:55.892834,2026-02-09T19:39:55.892834,False,False,ED,admit,2026-02-09T23:28:16.860016,0.0,232.06
P000128,2026-02-09T19:37:06.671109,3,walk-in,2026-02-09T19:41:01.711706,2026-02-09T19:41:01.711706,False,False,ED,discharge,2026-02-10T00:27:07.657501,0.0,290.02
P000129,2026-02-09T19:42:12.743730,3,walk-in,2026-02-09T19:49:56.816157,2026-02-09T19:49:56.816157,True,False,ED,discharge,2026-02-09T21:49:56.816157,0.0,127.73
P000130,2026-02-09T19:46:33.599682,3,walk-in,2026-02-09T19:51:43.576199,2026-02-09T19:51:43.576199,False,False,ED,admit,2026-02-09T21:51:43.576199,0.0,125.17
P000131,2026-02-09T20:05:12.979797,3,walk-in,2026-02-09T20:10:53.366219,2026-02-09T20:10:53.366219,False,False,ED,admit,2026-02-10T08:10:53.366219,0.0,725.67
P000132,2026-02-09T20:14:46.375252,2,ambulance,2026-02-09T20:22:15.670447,2026-02-09T20:22:15.670447,False,False,ICU,admit,2026-02-10T02:47:11.834101,0.0,392.42
P000133,2026-02-09T20:15:48.200583,4,walk-in,2026-02-09T20:25:08.429191,2026-02-09T20:25:08.429191,True,False,ED,discharge,2026-02-09T21:05:08.429191,0.0,49.34
P000134,2026-02-09T20:18:52.840371,3,walk-in,2026-02-09T20:22:04.041851,2026-02-09T20:22:04.041851,True,False,ED,discharge,2026-02-10T04:01:22.890738,0.0,462.5
P000135,2026-02-09T20:32:44.125041,5,walk-in,2026-02-09T20:40:17.108528,2026-02-09T20:40:17.108528,False,False,ED,discharge,2026-02-09T21:24:23.650086,0.0,51.66
P000136,2026-02-09T20:49:53.995906,4,walk-in,2026-02-09T20:57:50.321100,2026-02-09T20:57:50.321100,False,True,ED,discharge,2026-02-09T22:16:27.782476,0.0,86.56
P000137,2026-02-09T20:52:45.372873,4,walk-in,2026-02-09T20:56:32.071354,2026-02-09T20:56:32.071354,False,False,ED,discharge,2026-02-10T00:26:48.919990,0.0,214.06
P000138,2026-02-09T20:56:49.018003,4,walk-in,2026-02-09T21:00:35.578319,2026-02-09T21:00:35.578319,False,False,ED,discharge,2026-02-09T21:56:49.835671,0.0,60.01
P000139,2026-02-09T21:27:31.866669,3,walk-in,2026-02-09T21:32:12.903649,2026-02-09T21:32:12.903649,False,False,ED,admit,2026-02-10T01:25:45.032416,0.0,238.22
P000140,2026-02-09T21:34:15.755136,2,walk-in,2026-02-09T21:40:48.832769,2026-02-09T21:40:48.832769,False,False,ED,discharge,2026-02-09T23:30:58.510287,0.0,116.71
P000141,2026-02-09T21:52:13.866851,3,ambulance,2026-02-09T22:00:45.045258,2026-02-09T22:00:45.045258,False,False,ED,discharge,2026-02-10T02:51:27.383767,0.0,299.23
P000142,2026-02-09T22:20:11.740362,4,walk-in,2026-02-09T22:23:30.361351,2026-02-09T22:23:30.361351,False,False,ED,discharge,2026-02-09T23:53:40.968434,0.0,93.49
P000143,2026-02-09T22:34:45.049047,4,walk-in,2026-02-09T22:38:11.551273,2026-02-09T22:38:11.551273,False,False,ED,discharge,2026-02-09T23:25:12.329190,0.0,50.45
P000144,2026-02-09T22:51:38.806928,2,ambulance,2026-02-09T23:01:10.822740,2026-02-09T23:01:10.822740,True,False,ED,admit,2026-02-10T02:38:45.849746,0.0,227.12
P000145,2026-02-09T22:55:34.921139,3,walk-in,2026-02-09T23:04:38.556415,2026-02-09T23:04:38.556415,False,True,ED,admit,2026-02-10T11:04:38.556415,0.0,729.06
P000146,2026-02-09T22:59:43.521682,4,walk-in,2026-02-09T23:05:25.912485,2026-02-09T23:05:25.912485,False,False,ED,discharge,2026-02-10T01:24:55.498444,0.0,145.2
P000147,2026-02-09T23:05:54.304336,4,walk-in,2026-02-09T23:13:07.334722,2026-02-09T23:13:07.334722,False,False,ED,discharge,2026-02-10T00:14:51.708734,0.0,68.96
P000148,2026-02-09T23:30:34.294657,4,walk-in,2026-02-09T23:37:47.395741,2026-02-09T23:37:47.395741,False,False,ED,discharge,2026-02-10T03:13:37.549748,0.0,223.05
P000149,2026-02-09T23:31:44.811642,5,walk-in,2026-02-09T23:41:36.423099,2026-02-09T23:41:36.423099,False,False,ED,discharge,2026-02-10T00:36:53.571001,0.0,65.15
P000150,2026-02-09T23:38:23.999135,4,walk-in,2026-02-09T23:48:04.170681,2026-02-09T23:48:04.170681,True,False,ED,discharge,2026-02-10T01:25:47.371991,0.0,107.39
P000151,2026-02-09T23:38:59.561008,3,walk-in,2026-02-09T23:45:57.803758,2026-02-09T23:45:57.803758,False,False,ED,discharge,2026-02-10T04:03:52.291296,0.0,264.88
P000152,2026-02-09T23:50:09.699306,4,walk-in,2026-02-09T23:56:52.072456,2026-02-09T23:56:52.072456,False,False,ED,discharge,2026-02-10T02:27:50.063686,0.0,157.67
P000153,2026-02-09T23:59:45.947212,3,walk-in,2026-02-10T00:04:35.893416,2026-02-10T00:04:35.893416,True,False,ED,discharge,2026-02-10T08:14:07.345904,0.0,494.36
P000154,2026-02-10T00:33:01.269237,5,walk-in,2026-02-10T00:42:09.501368,2026-02-10T00:42:09.501368,True,False,ED,discharge,2026-02-10T01:17:34.167762,0.0,44.55
P000155,2026-02-10T01:28:28.524771,3,transfer,2026-02-10T01:35:16.710974,2026-02-10T01:35:16.710974,False,False,ED,discharge,2026-02-10T04:16:33.313900,0.0,168.08
P000156,2026-02-10T01:56:42.838095,2,walk-in,2026-02-10T02:01:30.889345,2026-02-10T02:01:30.889345,True,False,ED,discharge,2026-02-10T05:57:51.909786,0.0,241.15
P000157,2026-02-10T01:56:53.538615,4,walk-in,2026-02-10T02:05:53.120147,2026-02-10T02:05:53.120147,False,False,ED,discharge,2026-02-10T04:39:44.585956,0.0,162.85
P000158,2026-02-10T03:08:13.330945,2,walk-in,2026-02-10T03:12:57.510720,2026-02-10T03:12:57.510720,True,True,ED,discharge,2026-02-10T08:38:31.780449,0.0,330.31
P000159,2026-02-10T03:29:41.619133,3,walk-in,2026-02-10T03:32:46.422141,2026-02-10T03:32:46.422141,False,False,ED,discharge,2026-02-10T09:41:25.796028,0.0,371.74
P000160,2026-02-10T03:38:29.233442,3,walk-in,2026-02-10T03:46:24.727397,2026-02-10T03:46:24.727397,False,True,ED,discharge,2026-02-10T09:42:55.589024,0.0,364.44
P000161,2026-02-10T05:08:17.096949,3,walk-in,2026-02-10T05:12:13.195838,2026-02-10T05:12:13.195838,True,False,ED,discharge,2026-02-10T07:12:42.175174,0.0,124.42
P000162,2026-02-10T05:26:22.579800,3,walk-in,2026-02-10T05:30:54.312682,2026-02-10T05:30:54.312682,True,False,ED,discharge,2026-02-10T11:41:03.918838,0.0,374.69
P000163,2026-02-10T05:32:31.816900,3,walk-in,2026-02-10T05:36:04.620043,2026-02-10T05:36:04.620043,False,True,ED,discharge,2026-02-10T07:36:04.620043,0.0,123.55
P000164,2026-02-10T06:30:15.319905,3,walk-in,2026-02-10T06:34:04.140714,2026-02-10T06:34:04.140714,True,False,ED,discharge,2026-02-10T10:31:42.907615,0.0,241.46
P000165,2026-02-10T06:58:20.567033,4,walk-in,2026-02-10T07:04:56.131127,2026-02-10T07:04:56.131127,False,False,ED,discharge,2026-02-10T08:52:45.879723,0.0,114.42
P000166,2026-02-10T07:01:08.174523,4,walk-in,2026-02-10T07:08:11.065254,2026-02-10T07:08:11.065254,True,False,ED,discharge,2026-02-10T07:48:11.065254,0.0,47.05
P000167,2026-02-10T07:34:26.880071,5,walk-in,2026-02-10T07:43:59.065807,2026-02-10T07:43:59.065807,True,False,ED,discharge,2026-02-10T08:33:52.832297,0.0,59.43
P000168,2026-02-10T07:40:35.840085,3,transfer,2026-02-10T07:46:16.481525,2026-02-10T07:46:16.481525,False,False,ED,discharge,2026-02-10T09:46:16.481525,0.0,125.68
P000169,2026-02-10T07:46:14.757809,4,walk-in,2026-02-10T07:53:49.242130,2026-02-10T07:53:49.242130,False,False,ED,discharge,2026-02-10T08:33:49.242130,0.0,47.57
P000170,2026-02-10T07:58:30.298135,1,ambulance,2026-02-10T08:03:35.610590,2026-02-10T08:03:35.610590,True,True,ICU,transfer,2026-02-10T10:21:21.384689,0.0,142.85
P000171,2026-02-10T08:09:10.855681,3,walk-in,2026-02-10T08:14:06.628567,2026-02-10T08:14:06.628567,False,False,ED,discharge,2026-02-10T13:27:28.872173,0.0,318.3
P000172,2026-02-10T08:18:10.168582,5,walk-in,2026-02-10T08:22:36.722863,2026-02-10T08:22:36.722863,False,False,ED,discharge,2026-02-10T08:52:55.866209,0.0,34.76
P000173,2026-02-10T08:19:21.578704,2,walk-in,2026-02-10T08:25:10.530151,2026-02-10T08:25:10.530151,True,True,ED,admit,2026-02-10T14:50:55.205005,0.0,391.56
P000174,2026-02-10T08:22:13.944713,4,walk-in,2026-02-10T08:27:27.884265,2026-02-10T08:27:27.884265,False,False,ED,discharge,2026-02-10T10:07:30.369746,0.0,105.27
P000175,2026-02-10T08:36:56.437324,2,walk-in,2026-02-10T08:41:29.275275,2026-02-10T08:41:29.275275,True,True,ED,discharge,2026-02-10T16:54:56.860038,0.0,498.01
P000176,2026-02-10T08:37:44.490868,3,walk-in,2026-02-10T08:47:32.852767,2026-02-10T08:47:32.852767,False,False,ED,discharge,2026-02-10T10:47:32.852767,0.0,129.81
P000177,2026-02-10T08:39:31.438344,3,walk-in,2026-02-10T08:45:09.551623,2026-02-10T08:45:09.551623,False,False,ED,admit,2026-02-10T11:42:56.245136,0.0,183.41
P000178,2026-02-10T08:40:50.616822,5,walk-in,2026-02-10T08:50:37.087021,2026-02-10T08:50:37.087021,False,False,ED,discharge,2026-02-10T10:11:42.965065,0.0,90.87
P000179,2026-02-10T08:51:10.174645,4,walk-in,2026-02-10T09:00:05.970667,2026-02-10T09:00:05.970667,True,False,ED,discharge,2026-02-10T10:14:47.592069,0.0,83.62
P000180,2026-02-10T08:56:29.785156,5,walk-in,2026-02-10T09:04:49.697651,2026-02-10T09:04:49.697651,False,False,ED,discharge,2026-02-10T10:25:50.444237,0.0,89.34
P000181,2026-02-10T09:08:19.956739,3,transfer,2026-02-10T09:11:26.396896,2026-02-10T09:11:26.396896,False,False,ED,discharge,2026-02-10T17:45:24.667263,0.0,517.08
P000182,2026-02-10T09:14:47.468888,4,walk-in,2026-02-10T09:24:11.822001,2026-02-10T09:24:11.822001,False,False,ED,discharge,2026-02-10T10:45:31.377085,0.0,90.73
P000183,2026-02-10T09:19:30.178324,3,walk-in,2026-02-10T09:26:05.561271,2026-02-10T09:26:05.561271,False,True,ED,admit,2026-02-10T11:26:05.561271,0.0,126.59
P000184,2026-02-10T09:21:10.422320,3,walk-in,2026-02-10T09:28:06.682706,2026-02-10T09:28:06.682706,True,True,ED,admit,2026-02-10T14:38:14.289881,0.0,317.06
P000185,2026-02-10T09:32:18.880525,4,walk-in,2026-02-10T09:36:22.893317,2026-02-10T09:36:22.893317,False,False,ED,discharge,2026-02-10T10:16:22.893317,0.0,44.07
P000186,2026-02-10T09:33:11.602536,3,walk-in,2026-02-10T09:42:57.536008,2026-02-10T09:42:57.536008,False,False,ED,discharge,2026-02-10T13:48:40.250430,0.0,255.48
P000187,2026-02-10T09:52:56.081903,3,walk-in,2026-02-10T09:59:21.174758,2026-02-10T09:59:21.174758,False,False,ED,admit,2026-02-10T14:46:13.502476,0.0,293.29
P000188,2026-02-10T09:55:10.685323,5,walk-in,2026-02-10T10:03:31.707637,2026-02-10T10:03:31.707637,False,False,ED,discharge,2026-02-10T10:49:57.240320,0.0,54.78
P000189,2026-02-10T10:04:22.702892,1,ambulance,2026-02-10T10:09:59.447183,2026-02-10T10:09:59.447183,True,False,ICU,admit,2026-02-10T11:32:14.400521,0.0,87.86
P000190,2026-02-10T10:05:48.521949,4,ambulance,2026-02-10T10:12:30.877361,2026-02-10T10:12:30.877361,False,False,ED,discharge,2026-02-10T11:39:04.948656,0.0,93.27
P000191,2026-02-10T10:12:26.200061,4,walk-in,2026-02-10T10:21:48.304875,2026-02-10T10:21:48.304875,True,False,ED,discharge,2026-02-10T12:03:06.618991,0.0,110.67
P000192,2026-02-10T10:20:10.944428,3,walk-in,2026-02-10T10:25:47.626093,2026-02-10T10:25:47.626093,False,False,ED,discharge,2026-02-10T18:59:54.556123,0.0,519.73
P000193,2026-02-10T10:23:02.939401,4,walk-in,2026-02-10T10:30:37.508403,2026-02-10T10:30:37.508403,False,False,ED,discharge,2026-02-10T11:22:01.604191,0.0,58.98
P000194,2026-02-10T10:28:44.685347,1,ambulance,2026-02-10T10:35:14.625872,2026-02-10T10:35:14.625872,True,False,ICU,transfer,2026-02-10T15:12:07.078389,0.0,283.37
P000195,2026-02-10T10:42:50.908635,2,walk-in,2026-02-10T10:46:08.780373,2026-02-10T10:46:08.780373,True,False,ED,admit,2026-02-10T13:56:13.321569,0.0,193.37
P000196,2026-02-10T11:09:05.152529,5,walk-in,2026-02-10T11:16:01.826672,2026-02-10T11:16:01.826672,True,False,ED,discharge,2026-02-10T12:01:35.179243,0.0,52.5
P000197,2026-02-10T11:10:23.456726,4,walk-in,2026-02-10T11:18:22.795514,2026-02-10T11:18:22.795514,False,False,ED,discharge,2026-02-10T12:44:35.229881,0.0,94.2
P000198,2026-02-10T11:20:50.731061,5,walk-in,2026-02-10T11:29:08.086952,2026-02-10T11:29:08.086952,False,False,ED,discharge,2026-02-10T13:04:28.906175,0.0,103.64
P000199,2026-02-10T11:26:32.554003,5,walk-in,2026-02-10T11:32:36.131069,2026-02-10T11:32:36.131069,False,False,ED,discharge,2026-02-10T12:38:21.942905,0.0,71.82
P000200,2026-02-10T11:28:25.478941,2,ambulance,2026-02-10T11:38:22.365010,2026-02-10T11:38:22.365010,True,True,ED,admit,2026-02-10T14:50:43.534373,0.0,202.3
P000201,2026-02-10T11:34:39.673336,4,walk-in,2026-02-10T11:38:15.664865,2026-02-10T11:38:15.664865,False,False,ED,discharge,2026-02-10T13:23:02.015409,0.0,108.37
P000202,2026-02-10T11:45:47.236950,4,walk-in,2026-02-10T11:51:00.241806,2026-02-10T11:51:00.241806,True,True,ED,discharge,2026-02-10T13:24:56.618826,0.0,99.16
P000203,2026-02-10T11:46:19.163223,3,walk-in,2026-02-10T11:50:37.867772,2026-02-10T11:50:37.867772,False,False,ED,discharge,2026-02-10T19:16:10.519067,0.0,449.86
P000204,2026-02-10T11:56:01.321349,4,walk-in,2026-02-10T12:01:43.121274,2026-02-10T12:01:43.121274,False,False,ED,discharge,2026-02-10T13:29:40.110439,0.0,93.65
P000205,2026-02-10T11:56:20.214841,5,walk-in,2026-02-10T12:03:20.438222,2026-02-10T12:03:20.438222,False,False,ED,discharge,2026-02-10T12:41:55.290480,0.0,45.58
P000206,2026-02-10T11:58:48.577934,3,walk-in,2026-02-10T12:05:11.955086,2026-02-10T12:05:11.955086,True,False,ED,discharge,2026-02-10T20:27:23.092702,0.0,508.58
P000207,2026-02-10T11:59:58.542158,4,walk-in,2026-02-10T12:03:43.470552,2026-02-10T12:03:43.470552,False,False,ED,discharge,2026-02-10T12:45:56.044724,0.0,45.96
P000208,2026-02-10T12:05:16.046668,3,walk-in,2026-02-10T12:14:17.040224,2026-02-10T12:14:17.040224,False,True,ED,admit,2026-02-10T14:14:17.040224,0.0,129.02
P000209,2026-02-10T12:34:13.013918,3,walk-in,2026-02-10T12:43:58.135260,2026-02-10T12:43:58.135260,False,False,ED,discharge,2026-02-10T14:43:58.135260,0.0,129.75
P000210,2026-02-10T12:36:22.537881,3,walk-in,2026-02-10T12:42:07.570635,2026-02-10T12:42:07.570635,True,False,ED,discharge,2026-02-10T16:58:52.183262,0.0,262.49
P000211,2026-02-10T12:43:02.489003,4,walk-in,2026-02-10T12:52:42.750940,2026-02-10T12:52:42.750940,False,False,ED,discharge,2026-02-10T13:59:34.871242,0.0,76.54
P000212,2026-02-10T12:47:41.630022,4,walk-in,2026-02-10T12:54:11.337372,2026-02-10T12:54:11.337372,False,False,ED,discharge,2026-02-10T15:45:19.674529,0.0,177.63
P000213,2026-02-10T12:53:55.244511,4,walk-in,2026-02-10T13:03:51.338769,2026-02-10T13:03:51.338769,False,False,ED,discharge,2026-02-10T15:43:31.198416,0.0,169.6
P000214,2026-02-10T13:07:16.904838,4,walk-in,2026-02-10T13:16:33.015474,2026-02-10T13:16:33.015474,False,False,ED,discharge,2026-02-10T14:12:55.873175,0.0,65.65
P000215,2026-02-10T13:11:58.041509,4,walk-in,2026-02-10T13:19:29.781445,2026-02-10T13:19:29.781445,True,False,ED,discharge,2026-02-10T14:00:58.092942,0.0,49.0
P000216,2026-02-10T13:12:14.482849,3,ambulance,2026-02-10T13:17:03.152965,2026-02-10T13:17:03.152965,False,False,ED,discharge,2026-02-10T21:01:27.325485,0.0,469.21
P000217,2026-02-10T13:16:02.898028,3,walk-in,2026-02-10T13:24:27.281766,2026-02-10T13:24:27.281766,False,False,ED,discharge,2026-02-10T18:55:21.737136,0.0,339.31
P000218,2026-02-10T13:18:30.745735,5,walk-in,2026-02-10T13:28:05.829721,2026-02-10T13:28:05.829721,False,False,ED,discharge,2026-02-10T14:14:06.533794,0.0,55.6
P000219,2026-02-10T13:19:40.677051,3,walk-in,2026-02-10T13:25:44.706745,2026-02-10T13:25:44.706745,False,False,ED,admit,2026-02-10T18:01:16.117063,0.0,281.59
P000220,2026-02-10T13:30:00.280453,4,walk-in,2026-02-10T13:34:09.309172,2026-02-10T13:34:09.309172,False,False,ED,discharge,2026-02-10T14:38:53.091906,0.0,68.88
P000221,2026-02-10T13:30:09.263321,4,walk-in,2026-02-10T13:34:46.642651,2026-02-10T13:34:46.642651,False,False,ED,discharge,2026-02-10T14:47:41.077557,0.0,77.53
P000222,2026-02-10T13:30:53.009421,3,walk-in,2026-02-10T13:36:36.320449,2026-02-10T13:36:36.320449,False,False,ED,admit,2026-02-10T17:57:50.763858,0.0,266.96
P000223,2026-02-10T13:32:12.086697,2,ambulance,2026-02-10T13:41:18.318016,2026-02-10T13:41:18.318016,True,True,ED,admit,2026-02-10T17:06:15.097763,0.0,214.05
P000224,2026-02-10T13:43:23.223642,4,walk-in,2026-02-10T13:50:39.973179,2026-02-10T13:50:39.973179,False,False,ED,discharge,2026-02-10T17:30:35.316320,0.0,227.2
P000225,2026-02-10T13:56:11.791481,4,walk-in,2026-02-10T14:01:16.718312,2026-02-10T14:01:16.718312,False,False,ED,discharge,2026-02-10T15:52:53.601667,0.0,116.7
P000226,2026-02-10T13:58:00.071870,4,walk-in,2026-02-10T14:03:55.732295,2026-02-10T14:03:55.732295,True,False,ED,discharge,2026-02-10T15:52:33.792328,0.0,114.56
P000227,2026-02-10T14:13:29.521337,4,walk-in,2026-02-10T14:23:29.479149,2026-02-10T14:23:29.479149,False,False,ED,discharge,2026-02-10T15:29:06.605792,0.0,75.62
P000228,2026-02-10T14:14:32.848938,3,ambulance,2026-02-10T14:18:30.193518,2026-02-10T14:18:30.193518,False,False,ED,discharge,2026-02-10T22:09:06.947654,0.0,474.57
P000229,2026-02-10T14:19:08.817191,4,walk-in,2026-02-10T14:28:01.571748,2026-02-10T14:28:01.571748,False,False,ED,discharge,2026-02-10T15:51:51.661193,0.0,92.71
P000230,2026-02-10T14:22:08.080196,4,walk-in,2026-02-10T14:28:20.155179,2026-02-10T14:28:20.155179,False,False,ED,discharge,2026-02-10T15:22:08.588193,0.0,60.01
P000231,2026-02-10T14:39:04.067919,2,walk-in,2026-02-10T14:47:49.846698,2026-02-10T14:47:49.846698,True,False,ICU,discharge,2026-02-10T18:03:51.389855,0.0,204.79
P000232,2026-02-10T14:47:48.317330,2,walk-in,2026-02-10T14:56:03.882438,2026-02-10T14:56:03.882438,True,False,ED,admit,2026-02-10T16:55:33.327346,0.0,127.75
P000233,2026-02-10T15:03:08.967985,4,walk-in,2026-02-10T15:13:06.430212,2026-02-10T15:13:06.430212,False,False,ED,discharge,2026-02-10T16:07:57.059507,0.0,64.8
P000234,2026-02-10T15:05:10.375734,4,walk-in,2026-02-10T15:09:08.854420,2026-02-10T15:09:08.854420,False,False,ED,discharge,2026-02-10T16:12:58.486724,0.0,67.8
P000235,2026-02-10T15:09:45.007365,3,walk-in,2026-02-10T15:15:00.941884,2026-02-10T15:15:00.941884,False,False,ED,discharge,2026-02-11T03:15:00.941884,0.0,725.27
P000236,2026-02-10T15:10:55.067292,2,transfer,2026-02-10T15:19:25.057532,2026-02-10T15:19:25.057532,False,False,ED,admit,2026-02-10T16:49:25.057532,0.0,98.5
P000237,2026-02-10T15:14:53.773009,5,walk-in,2026-02-10T15:22:52.558846,2026-02-10T15:22:52.558846,False,False,ED,discharge,2026-02-10T15:49:20.950082,0.0,34.45
P000238,2026-02-10T15:17:22.817964,3,walk-in,2026-02-10T15:24:48.941625,2026-02-10T15:24:48.941625,False,True,ED,discharge,2026-02-10T19:43:43.309218,0.0,266.34
P000239,2026-02-10T15:18:45.296997,5,walk-in,2026-02-10T15:28:24.403710,2026-02-10T15:28:24.403710,False,True,ED,discharge,2026-02-10T16:10:04.607718,0.0,51.32
P000240,2026-02-10T15:26:59.908184,4,walk-in,2026-02-10T15:30:26.507072,2026-02-10T15:30:26.507072,False,False,ED,discharge,2026-02-10T16:10:26.507072,0.0,43.44
P000241,2026-02-10T15:29:52.937016,3,walk-in,2026-02-10T15:35:14.794181,2026-02-10T15:35:14.794181,False,False,ED,discharge,2026-02-10T17:56:50.711796,0.0,146.96
P000242,2026-02-10T15:31:31.717745,2,walk-in,2026-02-10T15:37:44.742085,2026-02-10T15:37:44.742085,True,False,ED,admit,2026-02-10T22:33:23.120013,0.0,421.86
P000243,2026-02-10T15:33:03.029096,5,walk-in,2026-02-10T15:40:52.237686,2026-02-10T15:40:52.237686,False,False,ED,discharge,2026-02-10T16:40:43.595925,0.0,67.68
P000244,2026-02-10T15:47:37.306982,3,walk-in,2026-02-10T15:56:56.903095,2026-02-10T15:56:56.903095,True,False,ED,discharge,2026-02-10T19:14:37.199372,0.0,207.0
P000245,2026-02-10T15:50:28.201650,3,walk-in,2026-02-10T15:58:23.754827,2026-02-10T15:58:23.754827,True,False,ED,discharge,2026-02-10T20:41:37.221323,0.0,291.15
P000246,2026-02-10T15:54:28.573051,4,walk-in,2026-02-10T16:04:23.598113,2026-02-10T16:04:23.598113,False,False,ED,discharge,2026-02-10T18:56:11.775684,0.0,181.72
P000247,2026-02-10T16:17:59.246033,4,walk-in,2026-02-10T16:23:10.853654,2026-02-10T16:23:10.853654,False,False,ED,discharge,2026-02-10T17:45:03.890217,0.0,87.08
P000248,2026-02-10T16:19:01.346682,2,walk-in,2026-02-10T16:22:04.906074,2026-02-10T16:22:04.906074,False,False,ED,discharge,2026-02-10T19:11:34.015250,0.0,172.54
P000249,2026-02-10T16:20:40.253211,2,walk-in,2026-02-10T16:28:28.611002,2026-02-10T16:28:28.611002,False,True,ICU,admit,2026-02-10T20:12:09.908381,0.0,231.49
P000250,2026-02-10T16:20:45.683096,5,walk-in,2026-02-10T16:24:44.411775,2026-02-10T16:24:44.411775,False,False,ED,discharge,2026-02-10T16:50:57.149771,0.0,30.19
P000251,2026-02-10T16:24:37.358674,4,walk-in,2026-02-10T16:32:27.358626,2026-02-10T16:32:27.358626,False,False,ED,discharge,2026-02-10T17:17:27.979861,0.0,52.84
P000252,2026-02-10T16:31:32.504357,3,walk-in,2026-02-10T16:40:49.627632,2026-02-10T16:40:49.627632,False,False,ED,discharge,2026-02-10T20:25:16.649418,0.0,233.74
P000253,2026-02-10T16:31:51.749363,4,walk-in,2026-02-10T16:41:42.382081,2026-02-10T16:41:42.382081,False,False,ED,discharge,2026-02-10T18:45:08.362762,0.0,133.28
P000254,2026-02-10T16:35:00.683797,4,walk-in,2026-02-10T16:44:41.554050,2026-02-10T16:44:41.554050,False,True,ED,discharge,2026-02-10T17:34:13.736835,0.0,59.22
P000255,2026-02-10T16:36:18.500068,2,ambulance,2026-02-10T16:44:50.001868,2026-02-10T16:44:50.001868,True,False,ED,admit,2026-02-10T18:38:03.795625,0.0,121.75
P000256,2026-02-10T16:36:36.275688,4,walk-in,2026-02-10T16:41:32.812137,2026-02-10T16:41:32.812137,False,False,ED,discharge,2026-02-10T18:42:20.744431,0.0,125.74
P000257,2026-02-10T16:38:35.912760,4,walk-in,2026-02-10T16:46:02.316344,2026-02-10T16:46:02.316344,False,False,ED,discharge,2026-02-10T17:49:04.043370,0.0,70.47
P000258,2026-02-10T16:41:16.957144,2,ambulance,2026-02-10T16:47:19.440251,2026-02-10T16:47:19.440251,True,False,ED,discharge,2026-02-10T18:30:06.532116,0.0,108.83
P000259,2026-02-10T16:44:03.119117,4,walk-in,2026-02-10T16:52:00.437372,2026-02-10T16:52:00.437372,False,False,ED,discharge,2026-02-10T17:32:00.437372,0.0,47.96
P000260,2026-02-10T16:50:43.876388,3,walk-in,2026-02-10T16:59:11.948460,2026-02-10T16:59:11.948460,True,False,ED,discharge,2026-02-10T20:26:56.937740,0.0,216.22
P000261,2026-02-10T16:55:38.368044,4,walk-in,2026-02-10T16:59:05.194279,2026-02-10T16:59:05.194279,False,False,ED,discharge,2026-02-10T17:50:49.230319,0.0,55.18
P000262,2026-02-10T16:58:47.632912,4,walk-in,2026-02-10T17:03:34.781666,2026-02-10T17:03:34.781666,True,False,ED,discharge,2026-02-10T18:36:27.282617,0.0,97.66
P000263,2026-02-10T17:11:56.608374,3,ambulance,2026-02-10T17:20:59.038342,2026-02-10T17:20:59.038342,True,False,ED,admit,2026-02-11T03:12:48.909482,0.0,600.87
P000264,2026-02-10T17:16:46.994439,4,walk-in,2026-02-10T17:24:58.074087,2026-02-10T17:24:58.074087,False,False,ED,discharge,2026-02-10T20:52:40.916179,0.0,215.9
P000265,2026-02-10T17:21:57.374469,3,walk-in,2026-02-10T17:27:33.953899,2026-02-10T17:27:33.953899,False,False,ED,admit,2026-02-11T00:59:54.319218,0.0,457.95
P000266,2026-02-10T17:24:59.712421,2,walk-in,2026-02-10T17:29:58.281307,2026-02-10T17:29:58.281307,False,True,ED,admit,2026-02-10T18:59:58.281307,0.0,94.98
P000267,2026-02-10T17:34:39.483825,3,walk-in,2026-02-10T17:39:47.125734,2026-02-10T17:39:47.125734,False,False,ED,discharge,2026-02-10T19:39:47.125734,0.0,125.13
P000268,2026-02-10T17:49:24.021838,5,walk-in,2026-02-10T17:54:06.975125,2026-02-10T17:54:06.975125,True,False,ED,discharge,2026-02-10T18:40:07.166704,0.0,50.72
P000269,2026-02-10T17:55:13.875420,4,walk-in,2026-02-10T18:04:53.291330,2026-02-10T18:04:53.291330,True,False,ED,discharge,2026-02-10T19:23:39.702552,0.0,88.43
P000270,2026-02-10T18:01:34.622497,3,walk-in,2026-02-10T18:04:59.778429,2026-02-10T18:04:59.778429,False,False,ED,admit,2026-02-10T21:06:00.615311,0.0,184.43
P000271,2026-02-10T18:01:42.144556,5,walk-in,2026-02-10T18:09:36.500258,2026-02-10T18:09:36.500258,False,False,ED,discharge,2026-02-10T19:02:56.877018,0.0,61.25
P000272,2026-02-10T18:16:24.447132,2,walk-in,2026-02-10T18:22:27.139941,2026-02-10T18:22:27.139941,False,True,ED,admit,2026-02-10T22:40:00.887301,0.0,263.61
P000273,2026-02-10T18:17:25.629547,4,walk-in,2026-02-10T18:25:34.477752,2026-02-10T18:25:34.477752,False,False,ED,discharge,2026-02-10T20:10:39.186046,0.0,113.23
P000274,2026-02-10T18:22:06.088116,2,ambulance,2026-02-10T18:28:21.831263,2026-02-10T18:28:21.831263,True,False,ED,admit,2026-02-11T02:57:04.864338,0.0,514.98
P000275,2026-02-10T18:31:56.423388,3,walk-in,2026-02-10T18:35:46.787082,2026-02-10T18:35:46.787082,True,False,ED,admit,2026-02-10T22:25:58.088486,0.0,234.03
P000276,2026-02-10T18:33:05.928962,3,walk-in,2026-02-10T18:37:50.180854,2026-02-10T18:37:50.180854,False,False,ED,discharge,2026-02-10T22:02:59.726240,0.0,209.9
P000277,2026-02-10T18:41:05.967028,5,walk-in,2026-02-10T18:46:55.811763,2026-02-10T18:46:55.811763,False,False,ED,discharge,2026-02-10T19:09:05.577705,0.0,27.99
P000278,2026-02-10T18:57:16.591908,2,walk-in,2026-02-10T19:07:09.270148,2026-02-10T19:07:09.270148,True,False,ED,discharge,2026-02-10T23:41:10.594987,0.0,283.9
P000279,2026-02-10T19:09:34.918784,4,walk-in,2026-02-10T19:14:23.623458,2026-02-10T19:14:23.623458,False,True,ED,discharge,2026-02-10T21:21:13.359057,0.0,131.64
P000280,2026-02-10T19:15:02.179112,5,walk-in,2026-02-10T19:20:21.430066,2026-02-10T19:20:21.430066,True,False,ED,discharge,2026-02-10T19:55:12.320882,0.0,40.17
P000281,2026-02-10T19:25:51.339970,4,walk-in,2026-02-10T19:29:03.722533,2026-02-10T19:29:03.722533,False,False,ED,discharge,2026-02-10T21:04:15.074562,0.0,98.4
P000282,2026-02-10T19:33:49.024924,2,walk-in,2026-02-10T19:38:32.254531,2026-02-10T19:38:32.254531,True,False,ED,admit,2026-02-11T01:00:21.102742,0.0,326.53
P000283,2026-02-10T19:44:09.014177,3,walk-in,2026-02-10T19:48:32.786456,2026-02-10T19:48:32.786456,False,False,ED,admit,2026-02-11T01:43:40.178517,0.0,359.52
P000284,2026-02-10T19:58:31.346860,4,walk-in,2026-02-10T20:05:20.044339,2026-02-10T20:05:20.044339,False,False,ED,discharge,2026-02-10T20:45:20.044339,0.0,46.81
P000285,2026-02-10T20:03:19.486260,3,walk-in,2026-02-10T20:07:51.474739,2026-02-10T20:07:51.474739,False,False,ED,discharge,2026-02-11T05:10:47.162220,0.0,547.46
P000286,2026-02-10T20:20:32.377264,5,walk-in,2026-02-10T20:24:14.433686,2026-02-10T20:24:14.433686,False,False,ED,discharge,2026-02-10T21:07:47.352178,0.0,47.25
P000287,2026-02-10T20:39:15.336133,2,transfer,2026-02-10T20:43:47.488999,2026-02-10T20:43:47.488999,False,False,ED,admit,2026-02-11T02:53:48.317728,0.0,374.55
P000288,2026-02-10T20:43:39.029028,4,walk-in,2026-02-10T20:51:32.032185,2026-02-10T20:51:32.032185,False,True,ED,discharge,2026-02-10T21:31:32.032185,0.0,47.88
P000289,2026-02-10T20:46:48.946544,4,walk-in,2026-02-10T20:51:08.004683,2026-02-10T20:51:08.004683,False,False,ED,discharge,2026-02-10T21:57:07.317674,0.0,70.31
P000290,2026-02-10T20:51:04.903383,3,walk-in,2026-02-10T20:57:46.011759,2026-02-10T20:57:46.011759,True,False,ED,discharge,2026-02-11T05:12:12.285359,0.0,501.12
P000291,2026-02-10T21:24:24.866826,4,walk-in,2026-02-10T21:33:19.466142,2026-02-10T21:33:19.466142,False,True,ED,discharge,2026-02-11T00:25:32.039788,0.0,181.12
P000292,2026-02-10T21:41:46.216682,5,walk-in,2026-02-10T21:47:23.124810,2026-02-10T21:47:23.124810,False,False,ED,discharge,2026-02-10T22:19:06.380098,0.0,37.34
P000293,2026-02-10T21:52:42.238637,2,ambulance,2026-02-10T22:02:20.689920,2026-02-10T22:02:20.689920,False,False,ED,discharge,2026-02-11T04:47:10.671441,0.0,414.47
P000294,2026-02-10T21:53:41.733301,5,walk-in,2026-02-10T21:58:15.492931,2026-02-10T21:58:15.492931,False,False,ED,discharge,2026-02-10T23:52:13.370200,0.0,118.53
P000295,2026-02-10T21:54:47.627012,2,walk-in,2026-02-10T22:04:26.118016,2026-02-10T22:04:26.118016,False,True,ED,discharge,2026-02-11T02:15:22.858177,0.0,260.59
P000296,2026-02-10T22:17:51.412435,5,walk-in,2026-02-10T22:22:24.188440,2026-02-10T22:22:24.188440,False,False,ED,discharge,2026-02-10T23:06:07.181085,0.0,48.26
P000297,2026-02-10T22:19:16.203728,3,transfer,2026-02-10T22:23:26.716443,2026-02-10T22:23:26.716443,False,True,ED,discharge,2026-02-11T00:23:26.716443,0.0,124.18
P000298,2026-02-10T22:25:57.425831,3,walk-in,2026-02-10T22:29:25.899639,2026-02-10T22:29:25.899639,True,True,ED,discharge,2026-02-11T00:29:25.899639,0.0,123.47
P000299,2026-02-10T22:28:58.601345,4,walk-in,2026-02-10T22:38:10.113184,2026-02-10T22:38:10.113184,False,False,ED,discharge,2026-02-11T00:47:05.537684,0.0,138.12
P000300,2026-02-10T22:46:58.454369,4,walk-in,2026-02-10T22:51:06.770104,2026-02-10T22:51:06.770104,True,False,ED,discharge,2026-02-11T00:45:32.704766,0.0,118.57
P000301,2026-02-10T23:23:49.180467,5,walk-in,2026-02-10T23:28:00.624652,2026-02-10T23:28:00.624652,False,False,ED,discharge,2026-02-11T00:19:31.401068,0.0,55.7
P000302,2026-02-10T23:40:49.435104,3,walk-in,2026-02-10T23:44:02.452250,2026-02-10T23:44:02.452250,False,False,ED,discharge,2026-02-11T03:10:08.446221,0.0,209.32
P000303,2026-02-10T23:44:21.549698,2,ambulance,2026-02-10T23:48:41.343086,2026-02-10T23:48:41.343086,False,False,ED,admit,2026-02-11T03:21:38.423562,0.0,217.28
P000304,2026-02-11T00:15:08.605589,1,ambulance,2026-02-11T00:23:58.561629,2026-02-11T00:23:58.561629,True,False,ICU,admit,2026-02-11T03:09:07.256095,0.0,173.98
P000305,2026-02-11T00:16:24.700304,2,walk-in,2026-02-11T00:23:31.941993,2026-02-11T00:23:31.941993,True,False,ED,admit,2026-02-11T08:21:12.862394,0.0,484.8
P000306,2026-02-11T00:54:41.455577,4,walk-in,2026-02-11T01:00:03.346341,2026-02-11T01:00:03.346341,False,False,ED,discharge,2026-02-11T02:59:38.675328,0.0,124.95
P000307,2026-02-11T01:10:14.995890,5,walk-in,2026-02-11T01:16:04.420381,2026-02-11T01:16:04.420381,False,False,ED,discharge,2026-02-11T01:51:58.614953,0.0,41.73
P000308,2026-02-11T01:22:20.880342,3,walk-in,2026-02-11T01:27:54.848752,2026-02-11T01:27:54.848752,False,True,ED,discharge,2026-02-11T05:25:33.270070,0.0,243.21
P000309,2026-02-11T01:49:02.589331,5,walk-in,2026-02-11T01:56:37.087731,2026-02-11T01:56:37.087731,True,False,ED,discharge,2026-02-11T03:09:54.786788,0.0,80.87
P000310,2026-02-11T02:16:31.490911,3,walk-in,2026-02-11T02:20:35.804292,2026-02-11T02:20:35.804292,False,False,ED,discharge,2026-02-11T04:48:17.591104,0.0,151.77
P000311,2026-02-11T03:34:18.371308,3,walk-in,2026-02-11T03:43:07.245451,2026-02-11T03:43:07.245451,True,False,ED,discharge,2026-02-11T05:43:07.245451,0.0,128.81
P000312,2026-02-11T05:23:17.156951,2,ambulance,2026-02-11T05:27:41.051693,2026-02-11T05:27:41.051693,True,False,ED,admit,2026-02-11T08:43:55.470111,0.0,200.64
P000313,2026-02-11T06:20:37.648992,3,walk-in,2026-02-11T06:30:09.561217,2026-02-11T06:30:09.561217,False,True,ED,admit,2026-02-11T08:55:31.378845,0.0,154.9
P000314,2026-02-11T06:54:09.997925,4,walk-in,2026-02-11T06:58:12.638612,2026-02-11T06:58:12.638612,True,False,ED,discharge,2026-02-11T08:49:10.214362,0.0,115.0
P000315,2026-02-11T07:03:49.813394,5,walk-in,2026-02-11T07:10:04.809884,2026-02-11T07:10:04.809884,False,False,ED,discharge,2026-02-11T08:03:44.771517,0.0,59.92
P000316,2026-02-11T07:07:40.598903,4,walk-in,2026-02-11T07:15:50.785785,2026-02-11T07:15:50.785785,True,False,ED,discharge,2026-02-11T09:22:27.567206,0.0,134.78
P000317,2026-02-11T07:17:09.934275,3,walk-in,2026-02-11T07:24:31.093229,2026-02-11T07:24:31.093229,False,True,ED,discharge,2026-02-11T09:24:31.093229,0.0,127.35
P000318,2026-02-11T07:21:19.020226,3,transfer,2026-02-11T07:26:13.190124,2026-02-11T07:26:13.190124,False,False,ED,discharge,2026-02-11T09:29:04.621868,0.0,127.76
P000319,2026-02-11T07:30:41.449383,4,walk-in,2026-02-11T07:40:17.285518,2026-02-11T07:40:17.285518,False,False,ED,discharge,2026-02-11T08:20:17.285518,0.0,49.6
P000320,2026-02-11T07:45:25.879520,4,walk-in,2026-02-11T07:51:05.374847,2026-02-11T07:51:05.374847,False,True,ED,discharge,2026-02-11T10:36:57.939866,0.0,171.53
P000321,2026-02-11T07:52:08.040090,5,walk-in,2026-02-11T07:58:00.779481,2026-02-11T07:58:00.779481,True,False,ED,discharge,2026-02-11T08:18:00.779481,0.0,25.88
P000322,2026-02-11T08:25:24.149638,4,walk-in,2026-02-11T08:32:26.342221,2026-02-11T08:32:26.342221,False,False,ED,discharge,2026-02-11T09:31:33.200654,0.0,66.15
P000323,2026-02-11T08:35:16.562880,2,walk-in,2026-02-11T08:40:00.965218,2026-02-11T08:40:00.965218,True,False,ED,discharge,2026-02-11T14:51:23.064276,0.0,376.11
P000324,2026-02-11T08:36:31.158951,4,transfer,2026-02-11T08:39:54.076719,2026-02-11T08:39:54.076719,False,False,ED,discharge,2026-02-11T11:08:41.763884,0.0,152.18
P000325,2026-02-11T08:51:04.663228,3,walk-in,2026-02-11T09:00:52.124148,2026-02-11T09:00:52.124148,True,False,ED,discharge,2026-02-11T11:00:52.124148,0.0,129.79
P000326,2026-02-11T08:58:27.189929,3,walk-in,2026-02-11T09:07:03.719670,2026-02-11T09:07:03.719670,False,False,ED,discharge,2026-02-11T16:15:26.280317,0.0,436.98
P000327,2026-02-11T09:22:23.165060,2,walk-in,2026-02-11T09:29:17.160085,2026-02-11T09:29:17.160085,True,True,ED,discharge,2026-02-11T14:58:55.209243,0.0,336.53
P000328,2026-02-11T09:24:33.090648,3,walk-in,2026-02-11T09:28:59.968173,2026-02-11T09:28:59.968173,False,False,ED,discharge,2026-02-11T15:47:03.763227,0.0,382.51
P000329,2026-02-11T09:32:04.686366,4,walk-in,2026-02-11T09:38:23.402512,2026-02-11T09:38:23.402512,False,False,ED,discharge,2026-02-11T11:10:06.749727,0.0,98.03
P000330,2026-02-11T09:38:04.196289,3,walk-in,2026-02-11T09:46:52.747521,2026-02-11T09:46:52.747521,False,False,ED,discharge,2026-02-11T13:37:33.211901,0.0,239.48
P000331,2026-02-11T09:43:35.579556,2,walk-in,2026-02-11T09:51:38.634376,2026-02-11T09:51:38.634376,True,False,ED,discharge,2026-02-11T13:02:56.306202,0.0,199.35
P000332,2026-02-11T09:49:26.289963,3,walk-in,2026-02-11T09:57:54.486533,2026-02-11T09:57:54.486533,False,True,ED,discharge,2026-02-11T21:57:54.486533,0.0,728.47
P000333,2026-02-11T09:49:58.547759,4,walk-in,2026-02-11T09:57:35.099571,2026-02-11T09:57:35.099571,False,False,ED,discharge,2026-02-11T10:50:53.286339,0.0,60.91
P000334,2026-02-11T09:59:03.724765,2,walk-in,2026-02-11T10:07:56.027531,2026-02-11T10:07:56.027531,True,False,ED,discharge,2026-02-11T15:03:54.463818,0.0,304.85
P000335,2026-02-11T10:03:14.623094,2,walk-in,2026-02-11T10:10:26.852423,2026-02-11T10:10:26.852423,False,False,ED,discharge,2026-02-11T16:49:45.123456,0.0,406.51
P000336,2026-02-11T10:03:41.901731,5,walk-in,2026-02-11T10:08:36.812001,2026-02-11T10:08:36.812001,False,False,ED,discharge,2026-02-11T11:07:31.681635,0.0,63.83
P000337,2026-02-11T10:04:54.969941,4,walk-in,2026-02-11T10:12:49.597551,2026-02-11T10:12:49.597551,False,False,ED,discharge,2026-02-11T12:12:20.690410,0.0,127.43
P000338,2026-02-11T10:08:59.745467,3,walk-in,2026-02-11T10:14:01.788855,2026-02-11T10:14:01.788855,False,False,ED,discharge,2026-02-11T12:14:01.788855,0.0,125.03
P000339,2026-02-11T10:16:49.247951,4,walk-in,2026-02-11T10:20:37.718157,2026-02-11T10:20:37.718157,False,False,ED,discharge,2026-02-11T11:00:37.718157,0.0,43.81
P000340,2026-02-11T10:17:38.584038,3,walk-in,2026-02-11T10:26:31.967545,2026-02-11T10:26:31.967545,True,False,ED,discharge,2026-02-11T13:58:04.541574,0.0,220.43
P000341,2026-02-11T10:25:00.381820,4,walk-in,2026-02-11T10:33:15.459528,2026-02-11T10:33:15.459528,False,False,ED,discharge,2026-02-11T11:53:24.450294,0.0,88.4
P000342,2026-02-11T10:25:06.836470,4,walk-in,2026-02-11T10:33:23.345928,2026-02-11T10:33:23.345928,True,False,ED,discharge,2026-02-11T12:55:07.571919,0.0,150.01
P000343,2026-02-11T10:27:29.365852,4,walk-in,2026-02-11T10:32:09.155950,2026-02-11T10:32:09.155950,False,False,ED,discharge,2026-02-11T11:16:38.623121,0.0,49.15
P000344,2026-02-11T10:39:43.272814,5,walk-in,2026-02-11T10:49:25.087641,2026-02-11T10:49:25.087641,False,False,ED,discharge,2026-02-11T11:49:57.632118,0.0,70.24
P000345,2026-02-11T10:44:44.699351,4,walk-in,2026-02-11T10:53:33.292413,2026-02-11T10:53:33.292413,False,False,ED,discharge,2026-02-11T12:17:34.002381,0.0,92.82
P000346,2026-02-11T10:48:30.037929,4,walk-in,2026-02-11T10:56:56.019562,2026-02-11T10:56:56.019562,False,False,ED,discharge,2026-02-11T12:08:18.333422,0.0,79.8
P000347,2026-02-11T11:02:15.811147,4,walk-in,2026-02-11T11:08:15.784429,2026-02-11T11:08:15.784429,False,False,ED,discharge,2026-02-11T12:09:00.393968,0.0,66.74
P000348,2026-02-11T11:09:48.649012,3,walk-in,2026-02-11T11:13:53.667405,2026-02-11T11:13:53.667405,True,False,ED,discharge,2026-02-11T20:28:52.197294,0.0,559.06
P000349,2026-02-11T11:15:07.195353,3,walk-in,2026-02-11T11:20:37.591300,2026-02-11T11:20:37.591300,False,False,ED,discharge,2026-02-11T14:09:33.646737,0.0,174.44
P000350,2026-02-11T11:25:39.381447,2,walk-in,2026-02-11T11:31:34.072569,2026-02-11T11:31:34.072569,True,True,ED,admit,2026-02-11T15:36:52.114911,0.0,251.21
P000351,2026-02-11T11:30:24.462991,3,walk-in,2026-02-11T11:37:07.272527,2026-02-11T11:37:07.272527,False,False,ED,discharge,2026-02-11T18:49:05.549064,0.0,438.68
P000352,2026-02-11T11:38:50.431632,4,walk-in,2026-02-11T11:48:10.320145,2026-02-11T11:48:10.320145,False,False,ED,discharge,2026-02-11T12:56:08.657728,0.0,77.3
P000353,2026-02-11T12:01:12.188487,5,walk-in,2026-02-11T12:07:59.088158,2026-02-11T12:07:59.088158,False,False,ED,discharge,2026-02-11T12:40:25.123853,0.0,39.22
P000354,2026-02-11T12:02:07.148417,4,walk-in,2026-02-11T12:05:25.566115,2026-02-11T12:05:25.566115,False,False,ED,discharge,2026-02-11T13:53:55.692758,0.0,111.81
P000355,2026-02-11T12:09:46.466660,4,ambulance,2026-02-11T12:13:13.964825,2026-02-11T12:13:13.964825,False,False,ED,discharge,2026-02-11T13:27:10.336424,0.0,77.4
P000356,2026-02-11T12:15:47.865480,2,walk-in,2026-02-11T12:23:43.017484,2026-02-11T12:23:43.017484,False,False,ED,admit,2026-02-11T20:21:58.575526,0.0,486.18
P000357,2026-02-11T12:18:58.980448,3,walk-in,2026-02-11T12:22:35.739225,2026-02-11T12:22:35.739225,True,False,ED,discharge,2026-02-11T15:06:54.636471,0.0,167.93
P000358,2026-02-11T12:19:34.056499,3,walk-in,2026-02-11T12:25:17.030193,2026-02-11T12:25:17.030193,False,False,ED,discharge,2026-02-11T15:13:50.353434,0.0,174.27
P000359,2026-02-11T12:22:35.311628,4,walk-in,2026-02-11T12:29:41.266994,2026-02-11T12:29:41.266994,False,False,ED,discharge,2026-02-11T13:16:46.060846,0.0,54.18
P000360,2026-02-11T12:22:58.956502,4,walk-in,2026-02-11T12:26:35.288695,2026-02-11T12:26:35.288695,False,False,ED,discharge,2026-02-11T13:26:50.254142,0.0,63.85
P000361,2026-02-11T12:24:51.992636,2,walk-in,2026-02-11T12:33:26.936173,2026-02-11T12:33:26.936173,True,False,ICU,discharge,2026-02-11T14:50:27.873503,0.0,145.6
P000362,2026-02-11T12:29:20.748524,5,walk-in,2026-02-11T12:37:27.064846,2026-02-11T12:37:27.064846,False,False,ED,discharge,2026-02-11T13:14:18.409876,0.0,44.96
P000363,2026-02-11T12:32:07.851883,4,walk-in,2026-02-11T12:41:45.583226,2026-02-11T12:41:45.583226,False,False,ED,discharge,2026-02-11T13:56:25.568452,0.0,84.3
P000364,2026-02-11T12:49:32.963994,3,walk-in,2026-02-11T12:56:08.236126,2026-02-11T12:56:08.236126,True,False,ED,discharge,2026-02-11T17:37:51.682536,0.0,288.31
P000365,2026-02-11T12:55:04.911850,4,walk-in,2026-02-11T13:04:36.507193,2026-02-11T13:04:36.507193,False,False,ED,discharge,2026-02-11T14:54:14.609133,0.0,119.16
P000366,2026-02-11T12:57:55.180224,2,ambulance,2026-02-11T13:05:59.927712,2026-02-11T13:05:59.927712,True,True,ICU,discharge,2026-02-11T16:20:42.674256,0.0,202.79
P000367,2026-02-11T13:09:32.300794,5,walk-in,2026-02-11T13:15:41.572105,2026-02-11T13:15:41.572105,False,False,ED,discharge,2026-02-11T13:54:04.959149,0.0,44.54
P000368,2026-02-11T13:13:34.472209,3,walk-in,2026-02-11T13:19:34.361314,2026-02-11T13:19:34.361314,True,False,ED,admit,2026-02-11T17:13:37.004895,0.0,240.04
P000369,2026-02-11T13:20:37.929043,2,walk-in,2026-02-11T13:29:46.641091,2026-02-11T13:29:46.641091,True,True,ED,discharge,2026-02-11T15:39:33.709958,0.0,138.93
P000370,2026-02-11T13:36:32.263747,3,walk-in,2026-02-11T13:45:25.816805,2026-02-11T13:45:25.816805,False,True,ED,discharge,2026-02-11T17:24:03.997546,0.0,227.53
P000371,2026-02-11T13:37:51.717980,2,ambulance,2026-02-11T13:44:24.732871,2026-02-11T13:44:24.732871,True,False,ED,discharge,2026-02-11T23:44:24.732871,0.0,606.55
P000372,2026-02-11T13:40:37.906163,5,walk-in,2026-02-11T13:47:26.163279,2026-02-11T13:47:26.163279,False,False,ED,discharge,2026-02-11T14:24:26.006147,0.0,43.8
P000373,2026-02-11T13:41:46.258241,4,walk-in,2026-02-11T13:48:01.432721,2026-02-11T13:48:01.432721,False,False,ED,discharge,2026-02-11T15:34:14.075784,0.0,112.46
P000374,2026-02-11T14:10:39.301299,4,walk-in,2026-02-11T14:17:57.196409,2026-02-11T14:17:57.196409,False,False,ED,discharge,2026-02-11T16:35:36.886959,0.0,144.96
P000375,2026-02-11T14:11:05.572394,5,walk-in,2026-02-11T14:17:28.643829,2026-02-11T14:17:28.643829,False,False,ED,discharge,2026-02-11T16:05:14.224653,0.0,114.14
P000376,2026-02-11T14:11:58.829283,3,ambulance,2026-02-11T14:16:25.674394,2026-02-11T14:16:25.674394,False,False,ED,admit,2026-02-11T17:38:18.013955,0.0,206.32
P000377,2026-02-11T14:33:12.966862,3,walk-in,2026-02-11T14:39:51.943482,2026-02-11T14:39:51.943482,False,False,ED,discharge,2026-02-11T18:58:44.589136,0.0,265.53
P000378,2026-02-11T14:39:37.909165,3,walk-in,2026-02-11T14:45:11.333812,2026-02-11T14:45:11.333812,False,False,ED,discharge,2026-02-11T16:45:11.333812,0.0,125.56
P000379,2026-02-11T14:54:23.835364,3,walk-in,2026-02-11T15:00:48.317220,2026-02-11T15:00:48.317220,False,False,ED,discharge,2026-02-12T02:01:54.010698,0.0,667.5
P000380,2026-02-11T14:57:53.703393,3,walk-in,2026-02-11T15:05:23.963734,2026-02-11T15:05:23.963734,True,False,ED,discharge,2026-02-11T18:54:20.246978,0.0,236.44
P000381,2026-02-11T14:58:14.539934,4,walk-in,2026-02-11T15:04:36.776927,2026-02-11T15:04:36.776927,False,False,ED,discharge,2026-02-11T16:08:19.375142,0.0,70.08
P000382,2026-02-11T15:05:28.092759,2,ambulance,2026-02-11T15:12:28.957094,2026-02-11T15:12:28.957094,True,False,ICU,admit,2026-02-11T18:22:35.256347,0.0,197.12
P000383,2026-02-11T15:07:25.942292,3,transfer,2026-02-11T15:14:37.672452,2026-02-11T15:14:37.672452,False,True,ED,discharge,2026-02-11T18:56:45.741000,0.0,229.33
P000384,2026-02-11T15:11:16.568487,3,walk-in,2026-02-11T15:17:25.233899,2026-02-11T15:17:25.233899,False,False,ED,discharge,2026-02-11T21:32:07.872037,0.0,380.86
P000385,2026-02-11T15:17:54.513335,4,walk-in,2026-02-11T15:25:31.565810,2026-02-11T15:25:31.565810,False,False,ED,discharge,2026-02-11T16:10:32.281606,0.0,52.63
P000386,2026-02-11T15:31:21.223238,4,walk-in,2026-02-11T15:37:03.117229,2026-02-11T15:37:03.117229,True,False,ED,discharge,2026-02-11T16:25:24.158248,0.0,54.05
P000387,2026-02-11T15:36:04.111022,2,walk-in,2026-02-11T15:43:22.305253,2026-02-11T15:43:22.305253,True,False,ED,admit,2026-02-11T19:21:38.220843,0.0,225.57
P000388,2026-02-11T15:38:00.555147,3,walk-in,2026-02-11T15:45:14.014500,2026-02-11T15:45:14.014500,False,False,ED,discharge,2026-02-11T18:18:34.605292,0.0,160.57
P000389,2026-02-11T15:50:35.822220,2,walk-in,2026-02-11T15:55:12.206448,2026-02-11T15:55:12.206448,False,False,ED,discharge,2026-02-11T18:10:52.282526,0.0,140.27
P000390,2026-02-11T15:59:50.888758,4,walk-in,2026-02-11T16:07:43.505951,2026-02-11T16:07:43.505951,True,False,ED,discharge,2026-02-11T17:38:30.825443,0.0,98.67
P000391,2026-02-11T16:02:19.617117,5,walk-in,2026-02-11T16:06:39.005943,2026-02-11T16:06:39.005943,False,False,ED,discharge,2026-02-11T17:44:51.311377,0.0,102.53
P000392,2026-02-11T16:16:08.700885,1,ambulance,2026-02-11T16:23:57.562914,2026-02-11T16:23:57.562914,True,True,ICU,transfer,2026-02-11T18:29:39.809478,0.0,133.52
P000393,2026-02-11T16:16:26.318995,3,walk-in,2026-02-11T16:21:22.054423,2026-02-11T16:21:22.054423,False,False,ED,discharge,2026-02-11T19:04:33.246440,0.0,168.12
P000394,2026-02-11T16:17:06.249755,3,walk-in,2026-02-11T16:23:59.312525,2026-02-11T16:23:59.312525,True,False,ED,admit,2026-02-11T19:26:35.265096,0.0,189.48
P000395,2026-02-11T16:20:08.276868,4,walk-in,2026-02-11T16:26:15.846717,2026-02-11T16:26:15.846717,False,False,ED,discharge,2026-02-11T17:06:15.846717,0.0,46.13
P000396,2026-02-11T16:30:07.565293,3,walk-in,2026-02-11T16:38:00.329405,2026-02-11T16:38:00.329405,False,False,ED,discharge,2026-02-11T22:03:02.324171,0.0,332.91
P000397,2026-02-11T16:30:26.333480,5,walk-in,2026-02-11T16:33:53.247272,2026-02-11T16:33:53.247272,False,False,ED,discharge,2026-02-11T17:18:50.947450,0.0,48.41
P000398,2026-02-11T16:34:19.352763,5,walk-in,2026-02-11T16:40:58.175091,2026-02-11T16:40:58.175091,False,False,ED,discharge,2026-02-11T17:38:02.416303,0.0,63.72
P000399,2026-02-11T16:37:12.983212,3,walk-in,2026-02-11T16:45:50.625374,2026-02-11T16:45:50.625374,True,True,ED,discharge,2026-02-11T18:45:50.625374,0.0,128.63
P000400,2026-02-11T16:43:16.619511,3,walk-in,2026-02-11T16:46:31.765187,2026-02-11T16:46:31.765187,True,True,ED,discharge,2026-02-12T04:46:31.765187,0.0,723.25
P000401,2026-02-11T16:46:44.188239,3,walk-in,2026-02-11T16:53:21.640173,2026-02-11T16:53:21.640173,False,True,ED,discharge,2026-02-11T20:52:34.958650,0.0,245.85
P000402,2026-02-11T16:53:32.545672,4,walk-in,2026-02-11T16:58:58.745676,2026-02-11T16:58:58.745676,False,False,ED,discharge,2026-02-11T18:59:42.352589,0.0,126.16
P000403,2026-02-11T17:05:16.948838,3,walk-in,2026-02-11T17:09:01.664120,2026-02-11T17:09:01.664120,True,False,ED,admit,2026-02-12T05:09:01.664120,0.0,723.75
P000404,2026-02-11T17:10:06.980724,5,walk-in,2026-02-11T17:18:48.502611,2026-02-11T17:18:48.502611,False,False,ED,discharge,2026-02-11T17:42:33.469430,0.0,32.44
P000405,2026-02-11T17:10:59.046085,5,walk-in,2026-02-11T17:17:12.548670,2026-02-11T17:17:12.548670,False,False,ED,discharge,2026-02-11T17:51:30.077358,0.0,40.52
P000406,2026-02-11T17:18:25.506977,4,transfer,2026-02-11T17:26:09.810427,2026-02-11T17:26:09.810427,False,False,ED,discharge,2026-02-11T18:42:08.655080,0.0,83.72
P000407,2026-02-11T17:29:22.477526,3,walk-in,2026-02-11T17:37:05.430651,2026-02-11T17:37:05.430651,False,True,ED,discharge,2026-02-11T21:39:29.504731,0.0,250.12
P000408,2026-02-11T17:40:02.886453,3,walk-in,2026-02-11T17:44:55.898282,2026-02-11T17:44:55.898282,False,False,ED,discharge,2026-02-11T20:23:29.978489,0.0,163.45
P000409,2026-02-11T17:45:34.175863,5,walk-in,2026-02-11T17:49:59.337818,2026-02-11T17:49:59.337818,False,False,ED,discharge,2026-02-11T18:34:45.914558,0.0,49.2
P000410,2026-02-11T17:46:03.261822,5,walk-in,2026-02-11T17:53:41.899935,2026-02-11T17:53:41.899935,False,False,ED,discharge,2026-02-11T19:03:18.466240,0.0,77.25
P000411,2026-02-11T17:53:58.873361,3,transfer,2026-02-11T18:03:15.613266,2026-02-11T18:03:15.613266,False,False,ED,admit,2026-02-11T23:00:51.434198,0.0,306.88
P000412,2026-02-11T17:56:22.739946,3,walk-in,2026-02-11T18:03:24.939324,2026-02-11T18:03:24.939324,True,False,ED,discharge,2026-02-11T20:03:24.939324,0.0,127.04
P000413,2026-02-11T18:18:19.654914,4,walk-in,2026-02-11T18:28:09.787936,2026-02-11T18:28:09.787936,False,False,ED,discharge,2026-02-11T19:38:17.426895,0.0,79.96
P000414,2026-02-11T18:19:52.741693,3,walk-in,2026-02-11T18:25:09.424897,2026-02-11T18:25:09.424897,False,False,ED,discharge,2026-02-11T22:44:46.957677,0.0,264.9
P000415,2026-02-11T18:23:49.749144,3,walk-in,2026-02-11T18:28:18.172786,2026-02-11T18:28:18.172786,False,False,ED,discharge,2026-02-12T02:56:49.612853,0.0,513.0
P000416,2026-02-11T18:30:18.454950,3,walk-in,2026-02-11T18:37:20.329896,2026-02-11T18:37:20.329896,True,True,ED,discharge,2026-02-11T22:57:34.656872,0.0,267.27
P000417,2026-02-11T18:48:08.509480,2,transfer,2026-02-11T18:52:11.319664,2026-02-11T18:52:11.319664,False,True,ED,discharge,2026-02-12T01:08:17.700129,0.0,380.15
P000418,2026-02-11T18:54:23.495420,4,walk-in,2026-02-11T19:02:26.130758,2026-02-11T19:02:26.130758,False,False,ED,discharge,2026-02-11T19:53:54.424058,0.0,59.52
P000419,2026-02-11T19:08:14.514933,2,walk-in,2026-02-11T19:14:34.661491,2026-02-11T19:14:34.661491,False,False,ED,admit,2026-02-11T22:14:20.064192,0.0,186.09
P000420,2026-02-11T19:09:12.923764,4,walk-in,2026-02-11T19:14:01.163991,2026-02-11T19:14:01.163991,True,False,ED,discharge,2026-02-11T21:06:39.211209,0.0,117.44
P000421,2026-02-11T19:14:58.164941,4,walk-in,2026-02-11T19:23:25.894762,2026-02-11T19:23:25.894762,False,False,ED,discharge,2026-02-11T20:38:53.059706,0.0,83.91
P000422,2026-02-11T19:15:28.390896,5,walk-in,2026-02-11T19:20:28.730798,2026-02-11T19:20:28.730798,False,False,ED,discharge,2026-02-11T20:11:19.307548,0.0,55.85
P000423,2026-02-11T19:15:40.128869,4,walk-in,2026-02-11T19:19:10.093382,2026-02-11T19:19:10.093382,False,False,ED,discharge,2026-02-11T20:12:27.883514,0.0,56.8
P000424,2026-02-11T19:18:30.072240,3,walk-in,2026-02-11T19:23:23.996443,2026-02-11T19:23:23.996443,False,False,ED,discharge,2026-02-11T21:23:23.996443,0.0,124.9
P000425,2026-02-11T19:22:54.009191,3,ambulance,2026-02-11T19:30:59.673606,2026-02-11T19:30:59.673606,False,False,ED,discharge,2026-02-11T21:30:59.673606,0.0,128.09
P000426,2026-02-11T19:28:13.931644,3,walk-in,2026-02-11T19:31:40.724452,2026-02-11T19:31:40.724452,False,False,ED,discharge,2026-02-11T21:31:40.724452,0.0,123.45
P000427,2026-02-11T19:28:29.367797,3,walk-in,2026-02-11T19:36:04.397521,2026-02-11T19:36:04.397521,False,False,ED,discharge,2026-02-12T03:32:46.601381,0.0,484.29
P000428,2026-02-11T19:35:00.868631,4,walk-in,2026-02-11T19:43:53.046098,2026-02-11T19:43:53.046098,True,False,ED,discharge,2026-02-11T20:46:45.856755,0.0,71.75
P000429,2026-02-11T19:35:12.768894,4,walk-in,2026-02-11T19:41:19.603766,2026-02-11T19:41:19.603766,False,False,ED,discharge,2026-02-11T21:56:27.739140,0.0,141.25
P000430,2026-02-11T19:38:50.567610,4,walk-in,2026-02-11T19:45:47.441094,2026-02-11T19:45:47.441094,False,False,ED,discharge,2026-02-11T20:42:47.055244,0.0,63.94
P000431,2026-02-11T19:49:06.258774,3,walk-in,2026-02-11T19:53:55.377732,2026-02-11T19:53:55.377732,False,True,ED,admit,2026-02-12T03:48:57.692993,0.0,479.86
P000432,2026-02-11T19:49:15.662613,3,walk-in,2026-02-11T19:52:19.155799,2026-02-11T19:52:19.155799,False,False,ED,discharge,2026-02-12T03:59:26.885610,0.0,490.19
P000433,2026-02-11T19:50:26.299301,3,ambulance,2026-02-11T19:56:03.229729,2026-02-11T19:56:03.229729,False,False,ED,discharge,2026-02-12T00:10:37.072255,0.0,260.18
P000434,2026-02-11T20:01:44.213374,4,walk-in,2026-02-11T20:07:23.123759,2026-02-11T20:07:23.123759,False,False,ED,discharge,2026-02-11T21:37:24.589381,0.0,95.67
P000435,2026-02-11T20:10:52.089088,4,walk-in,2026-02-11T20:19:04.118383,2026-02-11T20:19:04.118383,False,False,ED,discharge,2026-02-11T20:59:04.118383,0.0,48.2
P000436,2026-02-11T20:19:53.378673,3,walk-in,2026-02-11T20:27:12.825027,2026-02-11T20:27:12.825027,True,False,ED,discharge,2026-02-12T01:27:50.330517,0.0,307.95
P000437,2026-02-11T20:22:09.845994,3,walk-in,2026-02-11T20:27:02.907950,2026-02-11T20:27:02.907950,False,False,ED,discharge,2026-02-12T00:37:59.287650,0.0,255.82
P000438,2026-02-11T20:28:34.544212,3,walk-in,2026-02-11T20:33:45.406420,2026-02-11T20:33:45.406420,False,False,ED,admit,2026-02-12T01:17:59.080381,0.0,289.41
P000439,2026-02-11T20:30:01.718548,5,walk-in,2026-02-11T20:38:27.492770,2026-02-11T20:38:27.492770,False,False,ED,discharge,2026-02-11T21:10:04.926281,0.0,40.05
P000440,2026-02-11T20:44:56.260084,4,walk-in,2026-02-11T20:48:47.483938,2026-02-11T20:48:47.483938,False,False,ED,discharge,2026-02-11T21:28:47.483938,0.0,43.85
P000441,2026-02-11T20:47:11.582300,3,walk-in,2026-02-11T20:53:50.460730,2026-02-11T20:53:50.460730,False,False,ED,discharge,2026-02-12T02:49:08.452807,0.0,361.95
P000442,2026-02-11T20:48:01.621212,3,walk-in,2026-02-11T20:51:19.339297,2026-02-11T20:51:19.339297,False,False,ED,admit,2026-02-11T23:56:27.749955,0.0,188.44
P000443,2026-02-11T20:54:51.026173,5,walk-in,2026-02-11T20:58:38.456126,2026-02-11T20:58:38.456126,False,False,ED,discharge,2026-02-11T21:35:06.520904,0.0,40.26
P000444,2026-02-11T21:04:16.376655,2,walk-in,2026-02-11T21:07:20.127194,2026-02-11T21:07:20.127194,True,False,ED,admit,2026-02-11T23:36:16.931611,0.0,152.01
P000445,2026-02-11T21:33:45.661534,2,ambulance,2026-02-11T21:41:05.492375,2026-02-11T21:41:05.492375,False,False,ED,admit,2026-02-12T00:29:27.674269,0.0,175.7
P000446,2026-02-11T21:53:49.312904,4,walk-in,2026-02-11T22:02:21.728727,2026-02-11T22:02:21.728727,True,False,ED,discharge,2026-02-11T23:42:00.941498,0.0,108.19
P000447,2026-02-11T22:38:33.865121,3,walk-in,2026-02-11T22:46:23.350113,2026-02-11T22:46:23.350113,False,True,ED,discharge,2026-02-12T00:46:23.350113,0.0,127.82
P000448,2026-02-11T22:48:30.458597,3,walk-in,2026-02-11T22:56:23.214462,2026-02-11T22:56:23.214462,True,False,ED,admit,2026-02-12T02:47:23.515363,0.0,238.88
P000449,2026-02-11T23:26:07.415684,4,walk-in,2026-02-11T23:29:36.343849,2026-02-11T23:29:36.343849,False,False,ED,discharge,2026-02-12T00:24:16.109926,0.0,58.14
P000450,2026-02-11T23:37:38.014364,1,ambulance,2026-02-11T23:43:17.212663,2026-02-11T23:43:17.212663,True,True,ED,admit,2026-02-12T02:39:34.607913,0.0,181.94
P000451,2026-02-11T23:38:26.141084,4,walk-in,2026-02-11T23:44:08.887237,2026-02-11T23:44:08.887237,False,False,ED,discharge,2026-02-12T00:40:43.403690,0.0,62.29
P000452,2026-02-12T01:18:17.347851,3,walk-in,2026-02-12T01:28:04.973464,2026-02-12T01:28:04.973464,False,False,ED,discharge,2026-02-12T10:52:08.521907,0.0,573.85
P000453,2026-02-12T01:33:17.781666,2,walk-in,2026-02-12T01:41:53.825791,2026-02-12T01:41:53.825791,False,True,ED,discharge,2026-02-12T04:31:29.966953,0.0,178.2
P000454,2026-02-12T01:49:18.983721,5,walk-in,2026-02-12T01:58:50.856298,2026-02-12T01:58:50.856298,False,False,ED,discharge,2026-02-12T02:42:08.110618,0.0,52.82
P000455,2026-02-12T02:04:13.397267,2,walk-in,2026-02-12T02:13:22.845278,2026-02-12T02:13:22.845278,False,False,ED,admit,2026-02-12T04:35:46.466906,0.0,151.55
P000456,2026-02-12T02:10:13.150729,5,walk-in,2026-02-12T02:19:45.115742,2026-02-12T02:19:45.115742,False,False,ED,discharge,2026-02-12T03:14:59.628775,0.0,64.77
P000457,2026-02-12T02:21:20.360712,4,walk-in,2026-02-12T02:26:12.443009,2026-02-12T02:26:12.443009,False,False,ED,discharge,2026-02-12T03:34:10.890526,0.0,72.84
P000458,2026-02-12T03:23:57.088678,3,walk-in,2026-02-12T03:31:11.067617,2026-02-12T03:31:11.067617,False,False,ED,discharge,2026-02-12T05:50:03.483651,0.0,146.11
P000459,2026-02-12T03:43:53.682865,2,ambulance,2026-02-12T03:47:07.219277,2026-02-12T03:47:07.219277,False,True,ED,discharge,2026-02-12T05:36:40.387298,0.0,112.78
P000460,2026-02-12T04:56:56.187294,4,walk-in,2026-02-12T05:06:25.570641,2026-02-12T05:06:25.570641,False,False,ED,discharge,2026-02-12T07:11:22.178233,0.0,134.43
P000461,2026-02-12T05:33:28.871602,3,walk-in,2026-02-12T05:39:18.915645,2026-02-12T05:39:18.915645,True,False,ED,discharge,2026-02-12T08:32:45.880555,0.0,179.28
P000462,2026-02-12T05:50:06.696088,3,walk-in,2026-02-12T05:59:14.524936,2026-02-12T05:59:14.524936,False,False,ED,admit,2026-02-12T15:17:33.692107,0.0,567.45
P000463,2026-02-12T06:03:21.321752,2,transfer,2026-02-12T06:09:59.176866,2026-02-12T06:09:59.176866,True,False,ED,admit,2026-02-12T07:59:42.340371,0.0,116.35
P000464,2026-02-12T06:22:55.945639,3,walk-in,2026-02-12T06:28:03.858381,2026-02-12T06:28:03.858381,False,False,ED,discharge,2026-02-12T10:11:04.256088,0.0,228.14
P000465,2026-02-12T06:30:06.563216,2,walk-in,2026-02-12T06:34:06.303856,2026-02-12T06:34:06.303856,False,False,ED,discharge,2026-02-12T13:41:36.996644,0.0,431.51
P000466,2026-02-12T06:34:17.186126,4,walk-in,2026-02-12T06:40:10.881034,2026-02-12T06:40:10.881034,False,False,ED,discharge,2026-02-12T09:03:44.784662,0.0,149.46
P000467,2026-02-12T06:46:36.378836,3,walk-in,2026-02-12T06:51:21.413400,2026-02-12T06:51:21.413400,False,False,ED,discharge,2026-02-12T10:40:26.677256,0.0,233.84
P000468,2026-02-12T06:48:03.671816,3,walk-in,2026-02-12T06:54:43.675085,2026-02-12T06:54:43.675085,False,False,ED,admit,2026-02-12T09:51:07.718305,0.0,183.07
P000469,2026-02-12T07:31:23.521941,3,walk-in,2026-02-12T07:39:46.191277,2026-02-12T07:39:46.191277,False,False,ED,discharge,2026-02-12T16:27:57.564248,0.0,536.57
P000470,2026-02-12T07:34:15.643853,4,walk-in,2026-02-12T07:39:25.641541,2026-02-12T07:39:25.641541,False,False,ED,discharge,2026-02-12T10:43:33.324952,0.0,189.29
P000471,2026-02-12T07:40:18.291192,2,ambulance,2026-02-12T07:47:39.766530,2026-02-12T07:47:39.766530,True,False,ED,discharge,2026-02-12T11:17:54.730861,0.0,217.61
P000472,2026-02-12T08:02:41.559183,3,walk-in,2026-02-12T08:09:01.358219,2026-02-12T08:09:01.358219,False,True,ED,discharge,2026-02-12T12:09:08.808882,0.0,246.45
P000473,2026-02-12T08:20:48.407650,4,walk-in,2026-02-12T08:27:42.578082,2026-02-12T08:27:42.578082,False,True,ED,discharge,2026-02-12T09:43:02.491193,0.0,82.23
P000474,2026-02-12T08:22:01.498415,4,walk-in,2026-02-12T08:27:06.843865,2026-02-12T08:27:06.843865,False,True,ED,discharge,2026-02-12T09:39:54.856516,0.0,77.89
P000475,2026-02-12T08:33:33.466238,4,walk-in,2026-02-12T08:41:23.901958,2026-02-12T08:41:23.901958,False,False,ED,discharge,2026-02-12T09:24:41.666277,0.0,51.14
P000476,2026-02-12T08:52:24.573999,2,ambulance,2026-02-12T08:57:59.373158,2026-02-12T08:57:59.373158,True,True,ED,discharge,2026-02-12T13:23:37.761631,0.0,271.22
P000477,2026-02-12T09:17:23.218905,3,walk-in,2026-02-12T09:25:14.959069,2026-02-12T09:25:14.959069,True,False,ED,discharge,2026-02-12T12:26:46.435416,0.0,189.39
P000478,2026-02-12T09:22:50.524331,4,walk-in,2026-02-12T09:32:45.143822,2026-02-12T09:32:45.143822,False,False,ED,discharge,2026-02-12T10:15:19.981808,0.0,52.49
P000479,2026-02-12T09:24:05.605825,3,walk-in,2026-02-12T09:29:18.531020,2026-02-12T09:29:18.531020,False,False,ED,discharge,2026-02-12T16:43:26.243773,0.0,439.34
P000480,2026-02-12T09:29:07.333034,4,walk-in,2026-02-12T09:33:22.894071,2026-02-12T09:33:22.894071,False,False,ED,discharge,2026-02-12T11:43:26.194698,0.0,134.31
P000481,2026-02-12T09:31:23.757173,2,walk-in,2026-02-12T09:35:13.285977,2026-02-12T09:35:13.285977,False,False,ED,discharge,2026-02-12T12:05:39.139978,0.0,154.26
P000482,2026-02-12T09:31:34.291278,4,ambulance,2026-02-12T09:35:58.789876,2026-02-12T09:35:58.789876,False,False,ED,discharge,2026-02-12T11:18:40.267842,0.0,107.1
P000483,2026-02-12T09:32:16.819648,3,ambulance,2026-02-12T09:40:04.870679,2026-02-12T09:40:04.870679,False,False,ED,discharge,2026-02-12T15:44:06.683549,0.0,371.83
P000484,2026-02-12T09:36:57.588615,3,walk-in,2026-02-12T09:46:22.377097,2026-02-12T09:46:22.377097,False,False,ED,discharge,2026-02-12T14:09:43.571885,0.0,272.77
P000485,2026-02-12T09:39:10.005059,5,walk-in,2026-02-12T09:44:30.751114,2026-02-12T09:44:30.751114,False,False,ED,discharge,2026-02-12T10:37:36.001071,0.0,58.43
P000486,2026-02-12T09:44:57.099689,3,walk-in,2026-02-12T09:49:24.569926,2026-02-12T09:49:24.569926,False,False,ED,discharge,2026-02-12T12:22:04.668494,0.0,157.13
P000487,2026-02-12T09:45:56.549591,5,walk-in,2026-02-12T09:49:09.642320,2026-02-12T09:49:09.642320,False,False,ED,discharge,2026-02-12T10:20:23.572774,0.0,34.45
P000488,2026-02-12T09:51:20.593532,5,walk-in,2026-02-12T09:59:16.805329,2026-02-12T09:59:16.805329,False,False,ED,discharge,2026-02-12T10:36:56.339829,0.0,45.6
P000489,2026-02-12T10:02:28.256108,3,walk-in,2026-02-12T10:12:07.561343,2026-02-12T10:12:07.561343,True,False,ED,admit,2026-02-12T15:24:55.182360,0.0,322.45
P000490,2026-02-12T10:09:06.149451,3,ambulance,2026-02-12T10:15:28.867991,2026-02-12T10:15:28.867991,False,False,ED,discharge,2026-02-12T12:15:28.867991,0.0,126.38
P000491,2026-02-12T10:18:01.202262,4,walk-in,2026-02-12T10:22:01.386182,2026-02-12T10:22:01.386182,False,False,ED,discharge,2026-02-12T11:34:22.044217,0.0,76.35
P000492,2026-02-12T10:21:58.874472,3,walk-in,2026-02-12T10:28:38.259319,2026-02-12T10:28:38.259319,True,False,ED,discharge,2026-02-12T13:27:58.345867,0.0,185.99
P000493,2026-02-12T10:28:58.894789,2,walk-in,2026-02-12T10:32:18.273492,2026-02-12T10:32:18.273492,True,False,ED,discharge,2026-02-12T13:03:23.132284,0.0,154.4
P000494,2026-02-12T10:31:45.895310,3,walk-in,2026-02-12T10:36:42.088116,2026-02-12T10:36:42.088116,False,False,ED,discharge,2026-02-12T13:44:44.976300,0.0,192.98
P000495,2026-02-12T10:37:31.170193,3,ambulance,2026-02-12T10:44:52.807077,2026-02-12T10:44:52.807077,False,False,ED,discharge,2026-02-12T14:15:31.693082,0.0,218.01
P000496,2026-02-12T10:47:21.078580,3,walk-in,2026-02-12T10:50:51.000586,2026-02-12T10:50:51.000586,False,False,ED,discharge,2026-02-12T16:29:59.014396,0.0,342.63
P000497,2026-02-12T10:56:40.572535,3,walk-in,2026-02-12T11:00:25.061841,2026-02-12T11:00:25.061841,True,False,ED,admit,2026-02-12T13:00:25.061841,0.0,123.74
P000498,2026-02-12T10:58:41.679362,4,walk-in,2026-02-12T11:03:52.904435,2026-02-12T11:03:52.904435,False,False,ED,discharge,2026-02-12T11:59:32.946295,0.0,60.85
P000499,2026-02-12T11:09:29.435241,5,walk-in,2026-02-12T11:15:45.027293,2026-02-12T11:15:45.027293,False,False,ED,discharge,2026-02-12T11:44:45.607448,0.0,35.27
P000500,2026-02-12T11:18:54.557986,4,walk-in,2026-02-12T11:23:31.869556,2026-02-12T11:23:31.869556,False,False,ED,discharge,2026-02-12T12:54:22.704516,0.0,95.47
P000501,2026-02-12T11:23:36.239344,3,walk-in,2026-02-12T11:31:15.615204,2026-02-12T11:31:15.615204,False,False,ED,discharge,2026-02-12T19:56:27.409648,0.0,512.85
P000502,2026-02-12T11:35:37.957737,3,walk-in,2026-02-12T11:44:00.493173,2026-02-12T11:44:00.493173,False,True,ED,admit,2026-02-12T16:25:20.463470,0.0,289.71
P000503,2026-02-12T11:37:30.831493,4,walk-in,2026-02-12T11:45:03.601086,2026-02-12T11:45:03.601086,False,False,ED,discharge,2026-02-12T12:29:56.680149,0.0,52.43
P000504,2026-02-12T11:42:30.361626,5,walk-in,2026-02-12T11:47:53.461572,2026-02-12T11:47:53.461572,False,False,ED,discharge,2026-02-12T12:47:31.657926,0.0,65.02
P000505,2026-02-12T11:45:27.841617,4,walk-in,2026-02-12T11:50:07.026431,2026-02-12T11:50:07.026431,False,False,ED,discharge,2026-02-12T12:38:44.740893,0.0,53.28
P000506,2026-02-12T11:45:51.063724,3,walk-in,2026-02-12T11:54:36.313406,2026-02-12T11:54:36.313406,True,False,ED,discharge,2026-02-12T14:49:13.875578,0.0,183.38
P000507,2026-02-12T11:52:00.381884,4,walk-in,2026-02-12T11:57:39.524510,2026-02-12T11:57:39.524510,False,False,ED,discharge,2026-02-12T14:02:30.471948,0.0,130.5
P000508,2026-02-12T11:55:26.897091,4,ambulance,2026-02-12T11:59:28.521740,2026-02-12T11:59:28.521740,True,False,ED,discharge,2026-02-12T12:39:28.521740,0.0,44.03
P000509,2026-02-12T12:01:21.893215,3,walk-in,2026-02-12T12:06:34.864256,2026-02-12T12:06:34.864256,False,False,ED,admit,2026-02-12T19:55:38.665544,0.0,474.28
P000510,2026-02-12T12:06:19.851055,3,walk-in,2026-02-12T12:09:23.261141,2026-02-12T12:09:23.261141,False,False,ED,discharge,2026-02-12T15:21:28.990612,0.0,195.15
P000511,2026-02-12T12:07:55.880563,3,walk-in,2026-02-12T12:11:18.194034,2026-02-12T12:11:18.194034,False,False,ED,discharge,2026-02-12T21:36:59.783261,0.0,569.07
P000512,2026-02-12T12:16:16.717365,4,walk-in,2026-02-12T12:21:30.330835,2026-02-12T12:21:30.330835,False,False,ED,discharge,2026-02-12T13:01:30.330835,0.0,45.23
P000513,2026-02-12T12:20:53.908285,3,walk-in,2026-02-12T12:26:35.438209,2026-02-12T12:26:35.438209,False,False,ED,discharge,2026-02-12T23:10:41.606266,0.0,649.79
P000514,2026-02-12T12:26:44.218450,2,ambulance,2026-02-12T12:34:47.180928,2026-02-12T12:34:47.180928,True,False,ED,admit,2026-02-12T16:13:34.401296,0.0,226.84
P000515,2026-02-12T12:39:54.872477,4,walk-in,2026-02-12T12:46:06.404512,2026-02-12T12:46:06.404512,False,False,ED,discharge,2026-02-12T14:31:11.440932,0.0,111.28
P000516,2026-02-12T12:43:33.123661,3,walk-in,2026-02-12T12:47:51.155895,2026-02-12T12:47:51.155895,False,False,ED,discharge,2026-02-12T21:01:20.162581,0.0,497.78
P000517,2026-02-12T12:43:34.727802,3,walk-in,2026-02-12T12:50:24.117631,2026-02-12T12:50:24.117631,False,False,ED,discharge,2026-02-12T16:34:14.077093,0.0,230.66
P000518,2026-02-12T12:55:04.374492,4,walk-in,2026-02-12T13:03:11.517629,2026-02-12T13:03:11.517629,False,False,ED,discharge,2026-02-12T14:07:34.050479,0.0,72.49
P000519,2026-02-12T13:11:11.102595,2,walk-in,2026-02-12T13:14:48.250062,2026-02-12T13:14:48.250062,True,False,ED,discharge,2026-02-12T20:08:27.556855,0.0,417.27
P000520,2026-02-12T13:13:14.869829,3,walk-in,2026-02-12T13:18:39.159221,2026-02-12T13:18:39.159221,False,False,ED,discharge,2026-02-12T19:36:19.571860,0.0,383.08
P000521,2026-02-12T13:27:28.750544,4,walk-in,2026-02-12T13:37:12.194691,2026-02-12T13:37:12.194691,False,False,ED,discharge,2026-02-12T16:27:14.894762,0.0,179.77
P000522,2026-02-12T13:39:08.094380,4,walk-in,2026-02-12T13:45:26.821803,2026-02-12T13:45:26.821803,False,False,ED,discharge,2026-02-12T14:40:43.685748,0.0,61.59
P000523,2026-02-12T13:42:04.730478,4,walk-in,2026-02-12T13:45:39.384748,2026-02-12T13:45:39.384748,False,False,ED,discharge,2026-02-12T15:32:42.061549,0.0,110.62
P000524,2026-02-12T13:48:42.814296,2,ambulance,2026-02-12T13:52:56.152112,2026-02-12T13:52:56.152112,True,True,ED,discharge,2026-02-12T18:51:56.089157,0.0,303.22
P000525,2026-02-12T13:53:23.162371,3,walk-in,2026-02-12T13:59:46.828147,2026-02-12T13:59:46.828147,False,False,ED,admit,2026-02-12T19:34:43.010784,0.0,341.33
P000526,2026-02-12T13:59:36.283234,2,walk-in,2026-02-12T14:09:33.589175,2026-02-12T14:09:33.589175,False,True,ED,discharge,2026-02-12T18:24:38.666127,0.0,265.04
P000527,2026-02-12T14:00:41.163771,3,walk-in,2026-02-12T14:06:06.095573,2026-02-12T14:06:06.095573,False,False,ED,discharge,2026-02-12T19:44:35.402751,0.0,343.9
P000528,2026-02-12T14:08:58.488069,4,walk-in,2026-02-12T14:15:42.146819,2026-02-12T14:15:42.146819,False,False,ED,discharge,2026-02-12T16:21:57.047618,0.0,132.98
P000529,2026-02-12T14:13:58.778935,5,walk-in,2026-02-12T14:23:28.212396,2026-02-12T14:23:28.212396,False,False,ED,discharge,2026-02-12T15:06:06.142439,0.0,52.12
P000530,2026-02-12T14:18:01.415714,4,walk-in,2026-02-12T14:24:02.765783,2026-02-12T14:24:02.765783,False,False,ED,discharge,2026-02-12T15:35:25.359048,0.0,77.4
P000531,2026-02-12T14:30:17.025646,2,walk-in,2026-02-12T14:36:01.310227,2026-02-12T14:36:01.310227,False,False,ED,admit,2026-02-12T17:23:27.395083,0.0,173.17
P000532,2026-02-12T14:33:22.763108,4,walk-in,2026-02-12T14:40:12.760381,2026-02-12T14:40:12.760381,False,False,ED,discharge,2026-02-12T15:48:38.551256,0.0,75.26
P000533,2026-02-12T14:39:48.702031,2,walk-in,2026-02-12T14:44:20.856888,2026-02-12T14:44:20.856888,True,True,ICU,discharge,2026-02-13T00:39:44.798603,0.0,599.93
P000534,2026-02-12T14:54:27.560312,4,walk-in,2026-02-12T15:01:55.555124,2026-02-12T15:01:55.555124,False,False,ED,discharge,2026-02-12T17:37:08.761077,0.0,162.69
P000535,2026-02-12T15:00:30.003031,4,walk-in,2026-02-12T15:07:27.751929,2026-02-12T15:07:27.751929,False,False,ED,discharge,2026-02-12T16:27:57.695724,0.0,87.46
P000536,2026-02-12T15:03:11.106895,4,walk-in,2026-02-12T15:08:07.187991,2026-02-12T15:08:07.187991,False,False,ED,discharge,2026-02-12T17:30:49.208359,0.0,147.64
P000537,2026-02-12T15:04:15.146259,3,walk-in,2026-02-12T15:12:41.530758,2026-02-12T15:12:41.530758,False,False,ED,discharge,2026-02-12T21:52:06.014475,0.0,407.85
P000538,2026-02-12T15:13:38.740719,3,walk-in,2026-02-12T15:20:55.067511,2026-02-12T15:20:55.067511,True,False,ED,discharge,2026-02-12T18:53:34.308575,0.0,219.93
P000539,2026-02-12T15:21:28.668117,3,walk-in,2026-02-12T15:30:51.963991,2026-02-12T15:30:51.963991,False,True,ED,discharge,2026-02-12T18:07:40.771375,0.0,166.2
P000540,2026-02-12T15:33:47.320930,5,walk-in,2026-02-12T15:41:16.261743,2026-02-12T15:41:16.261743,False,False,ED,discharge,2026-02-12T16:20:27.416994,0.0,46.67
P000541,2026-02-12T15:52:43.238187,5,walk-in,2026-02-12T15:59:19.699048,2026-02-12T15:59:19.699048,False,False,ED,discharge,2026-02-12T17:05:14.544159,0.0,72.52
P000542,2026-02-12T16:01:06.198645,4,ambulance,2026-02-12T16:10:46.943890,2026-02-12T16:10:46.943890,False,False,ED,discharge,2026-02-12T16:50:46.943890,0.0,49.68
P000543,2026-02-12T16:06:40.600772,3,walk-in,2026-02-12T16:12:28.858987,2026-02-12T16:12:28.858987,False,False,ED,discharge,2026-02-12T18:12:28.858987,0.0,125.8
P000544,2026-02-12T16:16:33.445692,3,walk-in,2026-02-12T16:24:05.518572,2026-02-12T16:24:05.518572,True,True,ED,discharge,2026-02-12T19:15:16.366404,0.0,178.72
P000545,2026-02-12T16:31:53.979785,4,walk-in,2026-02-12T16:39:18.838949,2026-02-12T16:39:18.838949,False,False,ED,discharge,2026-02-12T17:58:43.891435,0.0,86.83
P000546,2026-02-12T17:07:49.350630,4,walk-in,2026-02-12T17:14:14.828301,2026-02-12T17:14:14.828301,True,False,ED,discharge,2026-02-12T18:16:12.898018,0.0,68.39
P000547,2026-02-12T17:08:28.850715,4,walk-in,2026-02-12T17:18:27.100839,2026-02-12T17:18:27.100839,True,False,ED,discharge,2026-02-12T19:02:10.673593,0.0,113.7
P000548,2026-02-12T17:14:46.485026,4,walk-in,2026-02-12T17:22:31.277712,2026-02-12T17:22:31.277712,False,False,ED,discharge,2026-02-12T18:49:35.154136,0.0,94.81
P000549,2026-02-12T17:20:52.548745,2,ambulance,2026-02-12T17:28:27.157986,2026-02-12T17:28:27.157986,True,False,ICU,admit,2026-02-12T20:52:54.223934,0.0,212.03
P000550,2026-02-12T17:22:56.953064,2,walk-in,2026-02-12T17:31:30.305848,2026-02-12T17:31:30.305848,True,True,ED,discharge,2026-02-12T20:23:33.708315,0.0,180.61
P000551,2026-02-12T17:34:34.621306,2,walk-in,2026-02-12T17:43:10.274899,2026-02-12T17:43:10.274899,True,False,ED,discharge,2026-02-13T00:01:13.171194,0.0,386.64
P000552,2026-02-12T17:43:24.889896,3,transfer,2026-02-12T17:50:26.796040,2026-02-12T17:50:26.796040,True,False,ED,discharge,2026-02-12T19:50:26.796040,0.0,127.03
P000553,2026-02-12T18:00:49.439854,4,walk-in,2026-02-12T18:04:40.152960,2026-02-12T18:04:40.152960,True,False,ED,discharge,2026-02-12T18:53:42.587731,0.0,52.89
P000554,2026-02-12T18:05:30.858437,2,ambulance,2026-02-12T18:14:26.752455,2026-02-12T18:14:26.752455,False,False,ICU,admit,2026-02-12T21:19:56.758384,0.0,194.43
P000555,2026-02-12T18:10:22.448967,1,ambulance,2026-02-12T18:13:59.888288,2026-02-12T18:13:59.888288,True,False,ICU,admit,2026-02-12T22:10:08.756441,0.0,239.77
P000556,2026-02-12T18:11:58.866769,3,walk-in,2026-02-12T18:18:38.563252,2026-02-12T18:18:38.563252,False,False,ED,discharge,2026-02-12T20:18:38.563252,0.0,126.66
P000557,2026-02-12T18:15:56.936284,3,walk-in,2026-02-12T18:25:36.061471,2026-02-12T18:25:36.061471,False,False,ED,discharge,2026-02-13T00:59:35.240171,0.0,403.64
P000558,2026-02-12T18:24:59.478165,4,walk-in,2026-02-12T18:30:31.476713,2026-02-12T18:30:31.476713,False,False,ED,discharge,2026-02-12T19:52:50.230617,0.0,87.85
P000559,2026-02-12T18:41:22.542364,4,walk-in,2026-02-12T18:45:43.904341,2026-02-12T18:45:43.904341,False,False,ED,discharge,2026-02-12T19:45:37.577770,0.0,64.25
P000560,2026-02-12T19:01:08.681966,2,walk-in,2026-02-12T19:06:08.409064,2026-02-12T19:06:08.409064,True,True,ED,discharge,2026-02-12T22:58:51.845006,0.0,237.72
P000561,2026-02-12T19:06:44.538267,2,walk-in,2026-02-12T19:16:12.980032,2026-02-12T19:16:12.980032,True,False,ED,discharge,2026-02-13T03:24:53.556924,0.0,498.15
P000562,2026-02-12T19:38:57.880121,4,walk-in,2026-02-12T19:43:21.355707,2026-02-12T19:43:21.355707,False,False,ED,discharge,2026-02-12T22:28:36.260402,0.0,169.64
P000563,2026-02-12T19:39:28.516530,2,walk-in,2026-02-12T19:48:33.868777,2026-02-12T19:48:33.868777,True,True,ED,admit,2026-02-12T21:18:33.868777,0.0,99.09
P000564,2026-02-12T19:39:36.361344,5,walk-in,2026-02-12T19:45:19.040072,2026-02-12T19:45:19.040072,False,False,ED,discharge,2026-02-12T20:33:51.147758,0.0,54.25
P000565,2026-02-12T19:52:11.231451,3,walk-in,2026-02-12T20:00:01.959873,2026-02-12T20:00:01.959873,True,True,ED,discharge,2026-02-12T22:46:32.779225,0.0,174.36
P000566,2026-02-12T20:10:00.513548,5,walk-in,2026-02-12T20:18:32.123273,2026-02-12T20:18:32.123273,False,False,ED,discharge,2026-02-12T21:06:08.826599,0.0,56.14
P000567,2026-02-12T20:39:24.954332,4,walk-in,2026-02-12T20:48:24.883313,2026-02-12T20:48:24.883313,False,False,ED,discharge,2026-02-12T22:28:55.611491,0.0,109.51
P000568,2026-02-12T20:48:53.491096,4,walk-in,2026-02-12T20:54:10.955394,2026-02-12T20:54:10.955394,False,False,ED,discharge,2026-02-12T21:51:49.888113,0.0,62.94
P000569,2026-02-12T21:01:17.358450,4,ambulance,2026-02-12T21:11:09.035747,2026-02-12T21:11:09.035747,True,False,ED,discharge,2026-02-12T23:39:49.077268,0.0,158.53
P000570,2026-02-12T21:09:16.973230,4,walk-in,2026-02-12T21:15:26.998605,2026-02-12T21:15:26.998605,False,False,ED,discharge,2026-02-12T22:48:07.133423,0.0,98.84
P000571,2026-02-12T21:12:31.457137,5,walk-in,2026-02-12T21:17:35.689117,2026-02-12T21:17:35.689117,False,False,ED,discharge,2026-02-12T21:53:48.390802,0.0,41.28
P000572,2026-02-12T21:15:14.720858,4,walk-in,2026-02-12T21:21:25.753993,2026-02-12T21:21:25.753993,False,False,ED,discharge,2026-02-13T00:11:03.653904,0.0,175.82
P000573,2026-02-12T21:24:57.431530,3,walk-in,2026-02-12T21:32:23.460497,2026-02-12T21:32:23.460497,False,True,ED,discharge,2026-02-13T01:17:29.749549,0.0,232.54
P000574,2026-02-12T21:52:07.508466,3,walk-in,2026-02-12T21:58:55.331211,2026-02-12T21:58:55.331211,False,False,ED,admit,2026-02-13T02:41:54.732694,0.0,289.79
P000575,2026-02-12T22:05:49.629301,4,walk-in,2026-02-12T22:15:26.664638,2026-02-12T22:15:26.664638,False,False,ED,discharge,2026-02-12T23:06:47.568457,0.0,60.97
P000576,2026-02-12T22:26:50.999240,2,walk-in,2026-02-12T22:30:19.141724,2026-02-12T22:30:19.141724,False,True,ED,admit,2026-02-13T04:42:30.826736,0.0,375.66
P000577,2026-02-12T22:36:44.814216,2,walk-in,2026-02-12T22:46:19.256348,2026-02-12T22:46:19.256348,True,False,ED,admit,2026-02-13T02:25:15.838613,0.0,228.52
P000578,2026-02-12T23:05:58.573363,3,walk-in,2026-02-12T23:10:54.974403,2026-02-12T23:10:54.974403,True,False,ED,discharge,2026-02-13T01:44:42.664749,0.0,158.73
P000579,2026-02-12T23:19:28.754791,2,walk-in,2026-02-12T23:27:13.644274,2026-02-12T23:27:13.644274,True,True,ED,discharge,2026-02-13T04:48:21.857065,0.0,328.89
P000580,2026-02-12T23:26:31.956379,5,walk-in,2026-02-12T23:35:46.555729,2026-02-12T23:35:46.555729,False,False,ED,discharge,2026-02-12T23:55:46.555729,0.0,29.24
P000581,2026-02-12T23:26:34.843812,5,walk-in,2026-02-12T23:31:30.739761,2026-02-12T23:31:30.739761,False,False,ED,discharge,2026-02-12T23:57:07.009363,0.0,30.54
P000582,2026-02-12T23:35:44.746176,5,walk-in,2026-02-12T23:39:40.197671,2026-02-12T23:39:40.197671,False,False,ED,discharge,2026-02-13T00:21:13.846826,0.0,45.49
P000583,2026-02-12T23:36:58.395580,2,walk-in,2026-02-12T23:41:35.973367,2026-02-12T23:41:35.973367,False,False,ED,admit,2026-02-13T02:10:29.784586,0.0,153.52
P000584,2026-02-13T00:15:45.637285,3,walk-in,2026-02-13T00:23:09.553117,2026-02-13T00:23:09.553117,True,True,ED,admit,2026-02-13T10:19:05.608275,0.0,603.33
P000585,2026-02-13T00:31:05.414687,3,walk-in,2026-02-13T00:35:09.564080,2026-02-13T00:35:09.564080,False,True,ED,discharge,2026-02-13T06:42:41.820783,0.0,371.61
P000586,2026-02-13T00:44:18.581933,4,walk-in,2026-02-13T00:48:43.393270,2026-02-13T00:48:43.393270,False,False,ED,discharge,2026-02-13T01:35:43.484184,0.0,51.42
P000587,2026-02-13T01:32:18.284259,5,walk-in,2026-02-13T01:38:19.054949,2026-02-13T01:38:19.054949,False,False,ED,discharge,2026-02-13T03:04:45.689202,0.0,92.46
P000588,2026-02-13T03:21:11.235223,3,ambulance,2026-02-13T03:28:05.035174,2026-02-13T03:28:05.035174,False,False,ED,discharge,2026-02-13T06:20:42.811058,0.0,179.53
P000589,2026-02-13T04:38:28.725550,3,walk-in,2026-02-13T04:46:12.235874,2026-02-13T04:46:12.235874,False,False,ED,discharge,2026-02-13T08:55:30.785131,0.0,257.03
P000590,2026-02-13T05:40:03.311125,4,walk-in,2026-02-13T05:45:47.692749,2026-02-13T05:45:47.692749,False,False,ED,discharge,2026-02-13T06:25:47.692749,0.0,45.74
P000591,2026-02-13T05:44:44.036065,2,ambulance,2026-02-13T05:53:35.548409,2026-02-13T05:53:35.548409,True,False,ICU,discharge,2026-02-13T15:53:35.548409,0.0,608.86
P000592,2026-02-13T05:58:30.746979,3,walk-in,2026-02-13T06:03:55.707051,2026-02-13T06:03:55.707051,False,False,ED,discharge,2026-02-13T10:12:05.447840,0.0,253.58
P000593,2026-02-13T06:12:28.021647,5,walk-in,2026-02-13T06:17:36.084879,2026-02-13T06:17:36.084879,False,True,ED,discharge,2026-02-13T07:37:16.944392,0.0,84.82
P000594,2026-02-13T06:30:42.435078,5,walk-in,2026-02-13T06:40:01.027213,2026-02-13T06:40:01.027213,False,False,ED,discharge,2026-02-13T07:45:54.738044,0.0,75.21
P000595,2026-02-13T06:43:40.272085,4,walk-in,2026-02-13T06:47:22.295892,2026-02-13T06:47:22.295892,False,False,ED,discharge,2026-02-13T08:05:21.304691,0.0,81.68
P000596,2026-02-13T06:46:28.892309,3,walk-in,2026-02-13T06:52:01.492717,2026-02-13T06:52:01.492717,False,False,ED,discharge,2026-02-13T12:18:23.496398,0.0,331.91
P000597,2026-02-13T07:08:09.284532,3,ambulance,2026-02-13T07:18:07.700163,2026-02-13T07:18:07.700163,False,False,ED,discharge,2026-02-13T09:18:07.700163,0.0,129.97
P000598,2026-02-13T07:09:16.397693,4,walk-in,2026-02-13T07:14:37.869679,2026-02-13T07:14:37.869679,True,False,ED,discharge,2026-02-13T08:56:25.860236,0.0,107.16
P000599,2026-02-13T07:12:50.455391,3,walk-in,2026-02-13T07:18:52.277795,2026-02-13T07:18:52.277795,False,False,ED,discharge,2026-02-13T19:18:52.277795,0.0,726.03
P000600,2026-02-13T07:15:10.844896,3,walk-in,2026-02-13T07:19:26.697253,2026-02-13T07:19:26.697253,True,False,ED,admit,2026-02-13T10:03:43.651870,0.0,168.55
P000601,2026-02-13T07:24:34.058300,4,walk-in,2026-02-13T07:34:07.666729,2026-02-13T07:34:07.666729,False,False,ED,discharge,2026-02-13T08:43:29.421897,0.0,78.92
P000602,2026-02-13T07:26:17.010061,4,walk-in,2026-02-13T07:32:56.363287,2026-02-13T07:32:56.363287,False,False,ED,discharge,2026-02-13T08:41:51.533504,0.0,75.58
P000603,2026-02-13T07:30:45.093130,3,walk-in,2026-02-13T07:34:12.152692,2026-02-13T07:34:12.152692,True,False,ED,discharge,2026-02-13T10:01:56.642755,0.0,151.19
P000604,2026-02-13T07:45:09.462623,3,walk-in,2026-02-13T07:50:59.926317,2026-02-13T07:50:59.926317,True,False,ED,discharge,2026-02-13T13:34:19.207781,0.0,349.16
P000605,2026-02-13T07:47:34.998654,3,walk-in,2026-02-13T07:50:50.540223,2026-02-13T07:50:50.540223,True,True,ED,admit,2026-02-13T09:59:34.405393,0.0,131.99
P000606,2026-02-13T08:03:30.637418,4,walk-in,2026-02-13T08:12:28.696245,2026-02-13T08:12:28.696245,False,False,ED,discharge,2026-02-13T09:45:31.088170,0.0,102.01
P000607,2026-02-13T08:04:42.977864,5,walk-in,2026-02-13T08:10:33.920742,2026-02-13T08:10:33.920742,False,False,ED,discharge,2026-02-13T08:49:50.614894,0.0,45.13
P000608,2026-02-13T08:09:47.911867,4,walk-in,2026-02-13T08:13:34.923460,2026-02-13T08:13:34.923460,False,False,ED,discharge,2026-02-13T10:39:21.729145,0.0,149.56
P000609,2026-02-13T08:18:05.615170,3,walk-in,2026-02-13T08:22:45.607449,2026-02-13T08:22:45.607449,True,False,ED,discharge,2026-02-13T10:22:45.607449,0.0,124.67
P000610,2026-02-13T08:24:02.247436,3,walk-in,2026-02-13T08:28:41.341429,2026-02-13T08:28:41.341429,False,True,ED,discharge,2026-02-13T16:35:02.826503,0.0,491.01
P000611,2026-02-13T08:30:02.283895,4,walk-in,2026-02-13T08:35:39.659989,2026-02-13T08:35:39.659989,False,False,ED,discharge,2026-02-13T09:49:16.941924,0.0,79.24
P000612,2026-02-13T08:33:54.833454,5,walk-in,2026-02-13T08:43:28.361816,2026-02-13T08:43:28.361816,False,False,ED,discharge,2026-02-13T10:49:16.837073,0.0,135.37
P000613,2026-02-13T08:35:13.848243,4,walk-in,2026-02-13T08:44:49.004519,2026-02-13T08:44:49.004519,False,False,ED,discharge,2026-02-13T10:21:34.857391,0.0,106.35
P000614,2026-02-13T08:51:13.694652,3,transfer,2026-02-13T08:56:46.093793,2026-02-13T08:56:46.093793,False,True,ED,admit,2026-02-13T15:03:05.649491,0.0,371.87
P000615,2026-02-13T09:04:10.592965,3,transfer,2026-02-13T09:08:57.917115,2026-02-13T09:08:57.917115,True,False,ED,discharge,2026-02-13T11:36:58.461600,0.0,152.8
P000616,2026-02-13T09:06:46.243723,5,walk-in,2026-02-13T09:14:11.411858,2026-02-13T09:14:11.411858,False,False,ED,discharge,2026-02-13T10:52:08.805333,0.0,105.38
P000617,2026-02-13T09:07:31.239052,5,walk-in,2026-02-13T09:13:24.682806,2026-02-13T09:13:24.682806,False,False,ED,discharge,2026-02-13T10:06:22.429017,0.0,58.85
P000618,2026-02-13T09:11:18.300426,4,walk-in,2026-02-13T09:17:50.960922,2026-02-13T09:17:50.960922,False,False,ED,discharge,2026-02-13T10:35:56.415112,0.0,84.64
P000619,2026-02-13T09:11:29.571073,2,walk-in,2026-02-13T09:18:54.236736,2026-02-13T09:18:54.236736,False,True,ED,discharge,2026-02-13T11:26:55.308489,0.0,135.43
P000620,2026-02-13T09:19:03.928124,3,walk-in,2026-02-13T09:23:10.213549,2026-02-13T09:23:10.213549,False,False,ED,discharge,2026-02-13T13:54:41.469084,0.0,275.63
P000621,2026-02-13T09:21:17.360442,4,walk-in,2026-02-13T09:27:38.273944,2026-02-13T09:27:38.273944,False,False,ED,discharge,2026-02-13T10:07:38.273944,0.0,46.35
P000622,2026-02-13T09:22:54.370317,4,walk-in,2026-02-13T09:28:48.458815,2026-02-13T09:28:48.458815,False,False,ED,discharge,2026-02-13T11:15:07.707076,0.0,112.22
P000623,2026-02-13T10:02:28.145243,5,walk-in,2026-02-13T10:09:51.328733,2026-02-13T10:09:51.328733,False,False,ED,discharge,2026-02-13T10:46:50.385673,0.0,44.37
P000624,2026-02-13T10:07:09.676789,3,walk-in,2026-02-13T10:13:09.816204,2026-02-13T10:13:09.816204,True,True,ED,discharge,2026-02-13T15:45:48.900384,0.0,338.65
P000625,2026-02-13T10:07:55.035307,3,walk-in,2026-02-13T10:14:05.592610,2026-02-13T10:14:05.592610,False,True,ED,discharge,2026-02-13T13:54:14.532954,0.0,226.32
P000626,2026-02-13T10:11:04.187699,5,walk-in,2026-02-13T10:16:05.131728,2026-02-13T10:16:05.131728,False,False,ED,discharge,2026-02-13T10:36:05.131728,0.0,25.02
P000627,2026-02-13T10:21:04.878120,4,walk-in,2026-02-13T10:26:56.458243,2026-02-13T10:26:56.458243,True,False,ED,discharge,2026-02-13T11:06:56.458243,0.0,45.86
P000628,2026-02-13T10:25:10.250419,5,walk-in,2026-02-13T10:32:57.642595,2026-02-13T10:32:57.642595,False,True,ED,discharge,2026-02-13T11:06:58.873497,0.0,41.81
P000629,2026-02-13T10:29:03.275205,4,walk-in,2026-02-13T10:37:12.438929,2026-02-13T10:37:12.438929,False,False,ED,discharge,2026-02-13T13:19:21.066664,0.0,170.3
P000630,2026-02-13T10:31:46.604388,3,walk-in,2026-02-13T10:41:45.234951,2026-02-13T10:41:45.234951,False,False,ED,discharge,2026-02-13T14:45:54.610369,0.0,254.13
P000631,2026-02-13T10:33:33.411804,4,walk-in,2026-02-13T10:39:19.184466,2026-02-13T10:39:19.184466,False,False,ED,discharge,2026-02-13T11:49:14.580992,0.0,75.69
P000632,2026-02-13T10:36:01.402230,3,walk-in,2026-02-13T10:45:32.139545,2026-02-13T10:45:32.139545,False,True,ED,discharge,2026-02-13T13:37:27.940256,0.0,181.44
P000633,2026-02-13T10:41:07.597390,2,ambulance,2026-02-13T10:50:13.702805,2026-02-13T10:50:13.702805,False,False,ED,admit,2026-02-13T14:20:18.201917,0.0,219.18
P000634,2026-02-13T10:42:48.577706,5,walk-in,2026-02-13T10:51:08.434552,2026-02-13T10:51:08.434552,False,False,ED,discharge,2026-02-13T11:17:47.642992,0.0,34.98
P000635,2026-02-13T10:51:19.316401,2,walk-in,2026-02-13T10:58:55.432582,2026-02-13T10:58:55.432582,False,True,ICU,admit,2026-02-13T20:58:55.432582,0.0,607.6
P000636,2026-02-13T10:54:05.977049,2,ambulance,2026-02-13T11:02:02.481451,2026-02-13T11:02:02.481451,True,False,ED,discharge,2026-02-13T16:50:43.507912,0.0,356.63
P000637,2026-02-13T10:56:38.434293,3,walk-in,2026-02-13T11:05:33.686400,2026-02-13T11:05:33.686400,False,True,ED,admit,2026-02-13T15:51:12.003794,0.0,294.56
P000638,2026-02-13T10:58:23.541921,3,walk-in,2026-02-13T11:04:57.211782,2026-02-13T11:04:57.211782,True,False,ED,discharge,2026-02-13T13:04:57.211782,0.0,126.56
P000639,2026-02-13T10:59:39.598635,4,walk-in,2026-02-13T11:03:11.869529,2026-02-13T11:03:11.869529,False,False,ED,discharge,2026-02-13T11:44:55.480127,0.0,45.26
P000640,2026-02-13T11:05:26.805527,4,walk-in,2026-02-13T11:11:12.356844,2026-02-13T11:11:12.356844,False,False,ED,discharge,2026-02-13T12:42:45.250800,0.0,97.31
P000641,2026-02-13T11:06:56.601385,4,walk-in,2026-02-13T11:16:37.786028,2026-02-13T11:16:37.786028,False,True,ED,discharge,2026-02-13T12:53:05.504255,0.0,106.15
P000642,2026-02-13T11:07:35.304643,5,walk-in,2026-02-13T11:15:42.553634,2026-02-13T11:15:42.553634,False,False,ED,discharge,2026-02-13T12:01:47.343806,0.0,54.2
P000643,2026-02-13T11:12:51.386402,3,walk-in,2026-02-13T11:16:21.090519,2026-02-13T11:16:21.090519,False,False,ED,discharge,2026-02-13T16:15:01.244143,0.0,302.16
P000644,2026-02-13T11:20:37.849254,5,walk-in,2026-02-13T11:24:15.308343,2026-02-13T11:24:15.308343,False,False,ED,discharge,2026-02-13T12:02:54.041756,0.0,42.27
P000645,2026-02-13T11:22:22.192144,2,walk-in,2026-02-13T11:28:23.782680,2026-02-13T11:28:23.782680,False,True,ED,admit,2026-02-13T19:48:53.145622,0.0,506.52
P000646,2026-02-13T11:29:05.636489,4,walk-in,2026-02-13T11:35:40.950844,2026-02-13T11:35:40.950844,False,False,ED,discharge,2026-02-13T12:25:53.518083,0.0,56.8
P000647,2026-02-13T11:32:23.519747,4,walk-in,2026-02-13T11:38:25.844234,2026-02-13T11:38:25.844234,False,True,ED,discharge,2026-02-13T12:44:57.504777,0.0,72.57
P000648,2026-02-13T11:35:21.770056,3,walk-in,2026-02-13T11:39:26.899330,2026-02-13T11:39:26.899330,False,False,ED,admit,2026-02-13T15:04:34.827437,0.0,209.22
P000649,2026-02-13T11:35:41.858988,3,walk-in,2026-02-13T11:39:35.530682,2026-02-13T11:39:35.530682,False,False,ED,discharge,2026-02-13T19:39:54.338705,0.0,484.21
P000650,2026-02-13T11:49:01.339332,2,ambulance,2026-02-13T11:52:20.279192,2026-02-13T11:52:20.279192,True,False,ICU,admit,2026-02-13T14:29:14.201167,0.0,160.21
P000651,2026-02-13T11:52:41.942152,3,walk-in,2026-02-13T11:59:13.388870,2026-02-13T11:59:13.388870,True,False,ED,discharge,2026-02-13T13:59:13.388870,0.0,126.52
P000652,2026-02-13T11:54:38.836723,3,walk-in,2026-02-13T12:03:47.073969,2026-02-13T12:03:47.073969,True,False,ED,discharge,2026-02-13T14:41:54.978466,0.0,167.27
P000653,2026-02-13T11:58:34.244570,5,walk-in,2026-02-13T12:02:52.865098,2026-02-13T12:02:52.865098,False,False,ED,discharge,2026-02-13T12:30:15.011141,0.0,31.68
P000654,2026-02-13T12:04:35.041172,2,walk-in,2026-02-13T12:07:37.496941,2026-02-13T12:07:37.496941,True,True,ED,discharge,2026-02-13T14:42:02.925125,0.0,157.46
P000655,2026-02-13T12:05:32.932073,4,walk-in,2026-02-13T12:12:52.701810,2026-02-13T12:12:52.701810,False,False,ED,discharge,2026-02-13T12:52:52.701810,0.0,47.33
P000656,2026-02-13T12:09:58.907061,3,walk-in,2026-02-13T12:13:51.444647,2026-02-13T12:13:51.444647,True,True,ED,discharge,2026-02-14T00:13:51.444647,0.0,723.88
P000657,2026-02-13T12:19:12.784551,4,walk-in,2026-02-13T12:25:15.815710,2026-02-13T12:25:15.815710,False,False,ED,discharge,2026-02-13T13:33:08.548994,0.0,73.93
P000658,2026-02-13T12:28:32.974620,3,walk-in,2026-02-13T12:31:42.137688,2026-02-13T12:31:42.137688,True,False,ED,admit,2026-02-13T20:52:00.710863,0.0,503.46
P000659,2026-02-13T12:33:14.097208,4,walk-in,2026-02-13T12:40:13.258002,2026-02-13T12:40:13.258002,False,False,ED,discharge,2026-02-13T13:51:57.027602,0.0,78.72
P000660,2026-02-13T12:40:17.607995,4,transfer,2026-02-13T12:49:14.026825,2026-02-13T12:49:14.026825,False,False,ED,discharge,2026-02-13T13:59:35.115606,0.0,79.29
P000661,2026-02-13T12:50:27.156898,4,walk-in,2026-02-13T12:58:12.197423,2026-02-13T12:58:12.197423,False,False,ED,discharge,2026-02-13T15:20:41.427585,0.0,150.24
P000662,2026-02-13T12:53:47.143776,3,walk-in,2026-02-13T12:57:13.818215,2026-02-13T12:57:13.818215,False,False,ED,discharge,2026-02-13T14:57:13.818215,0.0,123.44
P000663,2026-02-13T12:57:27.891849,4,walk-in,2026-02-13T13:02:28.856377,2026-02-13T13:02:28.856377,False,False,ED,discharge,2026-02-13T14:27:08.792642,0.0,89.68
P000664,2026-02-13T12:59:33.349797,5,walk-in,2026-02-13T13:06:46.231853,2026-02-13T13:06:46.231853,False,False,ED,discharge,2026-02-13T13:44:29.427287,0.0,44.93
P000665,2026-02-13T13:01:36.624053,4,walk-in,2026-02-13T13:09:45.149599,2026-02-13T13:09:45.149599,False,False,ED,discharge,2026-02-13T16:03:45.906110,0.0,182.15
P000666,2026-02-13T13:03:33.354853,3,walk-in,2026-02-13T13:11:13.518563,2026-02-13T13:11:13.518563,True,False,ED,admit,2026-02-13T20:12:26.121346,0.0,428.88
P000667,2026-02-13T13:08:43.381992,3,walk-in,2026-02-13T13:12:03.142713,2026-02-13T13:12:03.142713,True,False,ED,discharge,2026-02-13T19:16:50.935919,0.0,368.13
P000668,2026-02-13T13:16:44.006279,4,walk-in,2026-02-13T13:19:57.433682,2026-02-13T13:19:57.433682,True,False,ED,discharge,2026-02-13T15:05:26.645071,0.0,108.71
P000669,2026-02-13T13:18:41.664477,3,walk-in,2026-02-13T13:22:01.268548,2026-02-13T13:22:01.268548,False,False,ED,discharge,2026-02-13T18:58:27.738972,0.0,339.77
P000670,2026-02-13T13:33:04.006182,4,walk-in,2026-02-13T13:41:00.696247,2026-02-13T13:41:00.696247,False,False,ED,discharge,2026-02-13T15:13:57.172529,0.0,100.89
P000671,2026-02-13T13:39:13.726700,4,walk-in,2026-02-13T13:48:51.627767,2026-02-13T13:48:51.627767,False,True,ED,discharge,2026-02-13T14:55:19.196652,0.0,76.09
P000672,2026-02-13T13:41:16.235470,5,walk-in,2026-02-13T13:45:22.189140,2026-02-13T13:45:22.189140,False,False,ED,discharge,2026-02-13T14:29:11.112863,0.0,47.91
P000673,2026-02-13T13:41:39.282355,3,walk-in,2026-02-13T13:50:35.692294,2026-02-13T13:50:35.692294,False,False,ED,discharge,2026-02-13T16:52:41.280159,0.0,191.03
P000674,2026-02-13T13:42:27.921927,4,walk-in,2026-02-13T13:49:00.031473,2026-02-13T13:49:00.031473,True,False,ED,discharge,2026-02-13T14:39:43.319224,0.0,57.26
P000675,2026-02-13T13:52:03.092952,4,walk-in,2026-02-13T13:56:38.929394,2026-02-13T13:56:38.929394,False,False,ED,discharge,2026-02-13T16:20:22.032754,0.0,148.32
P000676,2026-02-13T14:00:50.343522,4,walk-in,2026-02-13T14:06:22.288757,2026-02-13T14:06:22.288757,True,False,ED,discharge,2026-02-13T16:09:43.342462,0.0,128.88
P000677,2026-02-13T14:02:04.880719,3,transfer,2026-02-13T14:06:13.897085,2026-02-13T14:06:13.897085,True,False,ED,discharge,2026-02-13T16:06:13.897085,0.0,124.15
P000678,2026-02-13T14:02:26.190827,5,walk-in,2026-02-13T14:09:51.466003,2026-02-13T14:09:51.466003,False,False,ED,discharge,2026-02-13T14:49:42.320526,0.0,47.27
P000679,2026-02-13T14:02:32.038492,4,walk-in,2026-02-13T14:10:43.971443,2026-02-13T14:10:43.971443,False,True,ED,discharge,2026-02-13T16:23:11.356860,0.0,140.66
P000680,2026-02-13T14:05:56.780465,5,walk-in,2026-02-13T14:12:04.179866,2026-02-13T14:12:04.179866,False,False,ED,discharge,2026-02-13T14:43:20.773608,0.0,37.4
P000681,2026-02-13T14:06:06.199764,4,walk-in,2026-02-13T14:10:29.063981,2026-02-13T14:10:29.063981,False,True,ED,discharge,2026-02-13T14:53:48.560341,0.0,47.71
P000682,2026-02-13T14:13:19.717885,4,walk-in,2026-02-13T14:23:16.325952,2026-02-13T14:23:16.325952,False,False,ED,discharge,2026-02-13T15:03:16.325952,0.0,49.94
P000683,2026-02-13T14:16:22.702046,2,walk-in,2026-02-13T14:23:31.553559,2026-02-13T14:23:31.553559,True,False,ED,discharge,2026-02-13T17:41:23.423782,0.0,205.01
P000684,2026-02-13T14:18:29.095923,2,ambulance,2026-02-13T14:24:05.747048,2026-02-13T14:24:05.747048,False,True,ICU,admit,2026-02-13T17:34:34.579048,0.0,196.09
P000685,2026-02-13T14:24:15.996957,4,walk-in,2026-02-13T14:34:08.836193,2026-02-13T14:34:08.836193,False,False,ED,discharge,2026-02-13T15:40:11.265111,0.0,75.92
P000686,2026-02-13T14:33:56.068523,4,walk-in,2026-02-13T14:41:06.199067,2026-02-13T14:41:06.199067,False,False,ED,discharge,2026-02-13T15:50:15.609615,0.0,76.33
P000687,2026-02-13T14:41:48.708891,4,walk-in,2026-02-13T14:47:06.404615,2026-02-13T14:47:06.404615,False,False,ED,discharge,2026-02-13T15:27:06.404615,0.0,45.29
P000688,2026-02-13T14:42:36.889224,4,walk-in,2026-02-13T14:46:11.307033,2026-02-13T14:46:11.307033,True,False,ED,discharge,2026-02-13T15:37:58.539580,0.0,55.36
P000689,2026-02-13T14:49:23.933341,4,walk-in,2026-02-13T14:55:09.741981,2026-02-13T14:55:09.741981,False,False,ED,discharge,2026-02-13T16:30:40.775762,0.0,101.28
P000690,2026-02-13T14:50:43.008245,5,walk-in,2026-02-13T15:00:31.782688,2026-02-13T15:00:31.782688,False,False,ED,discharge,2026-02-13T15:43:00.778663,0.0,52.3
P000691,2026-02-13T14:52:20.795284,5,walk-in,2026-02-13T14:56:50.105150,2026-02-13T14:56:50.105150,False,False,ED,discharge,2026-02-13T15:33:16.526053,0.0,40.93
P000692,2026-02-13T14:58:24.887654,5,walk-in,2026-02-13T15:04:16.507995,2026-02-13T15:04:16.507995,False,False,ED,discharge,2026-02-13T15:59:58.768164,0.0,61.56
P000693,2026-02-13T15:05:06.021276,3,walk-in,2026-02-13T15:13:38.326830,2026-02-13T15:13:38.326830,True,False,ED,admit,2026-02-13T22:02:52.975480,0.0,417.78
P000694,2026-02-13T15:09:12.545281,5,walk-in,2026-02-13T15:17:56.577810,2026-02-13T15:17:56.577810,False,False,ED,discharge,2026-02-13T16:17:24.944228,0.0,68.21
P000695,2026-02-13T15:56:36.247791,4,walk-in,2026-02-13T16:05:04.414518,2026-02-13T16:05:04.414518,False,False,ED,discharge,2026-02-13T17:00:53.095589,0.0,64.28
P000696,2026-02-13T16:01:43.534334,3,walk-in,2026-02-13T16:07:52.504678,2026-02-13T16:07:52.504678,False,False,ED,discharge,2026-02-13T21:36:46.967132,0.0,335.06
P000697,2026-02-13T16:05:45.000275,3,walk-in,2026-02-13T16:12:32.217944,2026-02-13T16:12:32.217944,False,False,ED,discharge,2026-02-13T18:12:32.217944,0.0,126.79
P000698,2026-02-13T16:10:45.470220,5,walk-in,2026-02-13T16:17:45.708033,2026-02-13T16:17:45.708033,False,False,ED,discharge,2026-02-13T17:22:08.761971,0.0,71.39
P000699,2026-02-13T16:28:26.078425,4,walk-in,2026-02-13T16:31:48.285667,2026-02-13T16:31:48.285667,False,False,ED,discharge,2026-02-13T18:39:26.241979,0.0,131.0
P000700,2026-02-13T16:43:53.905877,2,walk-in,2026-02-13T16:48:09.398106,2026-02-13T16:48:09.398106,True,False,ED,admit,2026-02-13T19:34:11.616171,0.0,170.3
P000701,2026-02-13T16:47:02.507003,4,walk-in,2026-02-13T16:52:51.262106,2026-02-13T16:52:51.262106,True,False,ED,discharge,2026-02-13T17:32:51.262106,0.0,45.81
P000702,2026-02-13T17:02:33.060987,3,walk-in,2026-02-13T17:07:46.361610,2026-02-13T17:07:46.361610,True,True,ED,discharge,2026-02-13T22:00:13.695684,0.0,297.68
P000703,2026-02-13T17:06:28.932005,2,walk-in,2026-02-13T17:12:19.988107,2026-02-13T17:12:19.988107,True,False,ED,admit,2026-02-13T21:54:34.989917,0.0,288.1
P000704,2026-02-13T17:06:50.280251,2,walk-in,2026-02-13T17:12:04.697666,2026-02-13T17:12:04.697666,True,True,ED,admit,2026-02-13T21:21:30.048703,0.0,254.66
P000705,2026-02-13T17:08:12.937344,4,walk-in,2026-02-13T17:14:39.988709,2026-02-13T17:14:39.988709,False,False,ED,discharge,2026-02-13T18:19:45.467065,0.0,71.54
P000706,2026-02-13T17:10:59.690991,3,walk-in,2026-02-13T17:17:23.043025,2026-02-13T17:17:23.043025,False,False,ED,discharge,2026-02-13T20:37:33.182955,0.0,206.56
P000707,2026-02-13T17:14:30.561080,3,walk-in,2026-02-13T17:23:00.351038,2026-02-13T17:23:00.351038,False,False,ED,discharge,2026-02-14T05:23:00.351038,0.0,728.5
P000708,2026-02-13T17:20:31.362467,3,transfer,2026-02-13T17:26:08.150660,2026-02-13T17:26:08.150660,False,False,ED,discharge,2026-02-13T19:26:08.150660,0.0,125.61
P000709,2026-02-13T17:42:17.031295,1,ambulance,2026-02-13T17:51:05.367445,2026-02-13T17:51:05.367445,True,False,ICU,transfer,2026-02-13T22:52:40.523225,0.0,310.39
P000710,2026-02-13T17:46:56.534931,3,walk-in,2026-02-13T17:55:49.119774,2026-02-13T17:55:49.119774,False,False,ED,discharge,2026-02-13T20:01:15.393005,0.0,134.31
P000711,2026-02-13T18:10:18.253652,4,walk-in,2026-02-13T18:15:24.521758,2026-02-13T18:15:24.521758,False,False,ED,discharge,2026-02-13T19:15:28.077924,0.0,65.16
P000712,2026-02-13T18:13:20.488252,3,walk-in,2026-02-13T18:20:36.875282,2026-02-13T18:20:36.875282,False,False,ED,discharge,2026-02-13T21:25:53.592788,0.0,192.55
P000713,2026-02-13T18:17:19.082466,3,walk-in,2026-02-13T18:27:11.951684,2026-02-13T18:27:11.951684,False,False,ED,discharge,2026-02-14T00:40:35.797119,0.0,383.28
P000714,2026-02-13T18:38:37.792241,4,walk-in,2026-02-13T18:41:38.652197,2026-02-13T18:41:38.652197,False,False,ED,discharge,2026-02-13T19:21:38.652197,0.0,43.01
P000715,2026-02-13T18:41:05.881745,4,walk-in,2026-02-13T18:49:36.549944,2026-02-13T18:49:36.549944,False,False,ED,discharge,2026-02-13T21:10:57.197464,0.0,149.86
P000716,2026-02-13T18:50:04.506726,4,walk-in,2026-02-13T18:55:32.764514,2026-02-13T18:55:32.764514,False,False,ED,discharge,2026-02-13T20:54:21.229794,0.0,124.28
P000717,2026-02-13T18:55:24.275110,1,ambulance,2026-02-13T19:04:57.499207,2026-02-13T19:04:57.499207,True,True,ICU,admit,2026-02-14T01:56:35.041924,0.0,421.18
P000718,2026-02-13T18:58:13.298424,5,walk-in,2026-02-13T19:01:51.084362,2026-02-13T19:01:51.084362,False,False,ED,discharge,2026-02-13T19:48:39.672248,0.0,50.44
P000719,2026-02-13T19:08:32.493611,3,walk-in,2026-02-13T19:16:29.420174,2026-02-13T19:16:29.420174,True,False,ED,discharge,2026-02-14T03:56:59.263619,0.0,528.45
P000720,2026-02-13T19:26:42.922693,5,walk-in,2026-02-13T19:33:10.407448,2026-02-13T19:33:10.407448,False,False,ED,discharge,2026-02-13T20:09:18.433025,0.0,42.59
P000721,2026-02-13T19:28:32.436469,2,ambulance,2026-02-13T19:33:21.478751,2026-02-13T19:33:21.478751,True,True,ED,discharge,2026-02-13T21:36:20.845067,0.0,127.81
P000722,2026-02-13T19:31:32.350169,3,walk-in,2026-02-13T19:41:28.969738,2026-02-13T19:41:28.969738,False,False,ED,admit,2026-02-13T21:47:22.314809,0.0,135.83
P000723,2026-02-13T19:37:40.785771,4,walk-in,2026-02-13T19:41:02.568146,2026-02-13T19:41:02.568146,False,False,ED,discharge,2026-02-13T20:47:32.395739,0.0,69.86
P000724,2026-02-13T19:41:34.293368,4,walk-in,2026-02-13T19:47:06.111542,2026-02-13T19:47:06.111542,False,False,ED,discharge,2026-02-13T21:01:27.476223,0.0,79.89
P000725,2026-02-13T19:43:30.721801,1,ambulance,2026-02-13T19:47:05.081540,2026-02-13T19:47:05.081540,True,True,ED,transfer,2026-02-14T00:50:59.131774,0.0,307.47
P000726,2026-02-13T19:56:30.641926,3,walk-in,2026-02-13T20:01:15.635274,2026-02-13T20:01:15.635274,True,False,ED,admit,2026-02-14T03:31:41.685050,0.0,455.18
P000727,2026-02-13T20:08:21.923856,4,walk-in,2026-02-13T20:13:42.330921,2026-02-13T20:13:42.330921,False,False,ED,discharge,2026-02-13T22:06:36.295181,0.0,118.24
P000728,2026-02-13T20:11:05.214568,2,walk-in,2026-02-13T20:19:38.741238,2026-02-13T20:19:38.741238,False,False,ED,discharge,2026-02-14T00:15:12.590010,0.0,244.12
P000729,2026-02-13T20:21:21.543563,2,ambulance,2026-02-13T20:24:35.547907,2026-02-13T20:24:35.547907,True,False,ICU,admit,2026-02-13T22:14:46.371577,0.0,113.41
P000730,2026-02-13T20:21:39.833529,5,walk-in,2026-02-13T20:26:46.451380,2026-02-13T20:26:46.451380,False,False,ED,discharge,2026-02-13T20:59:30.691290,0.0,37.85
P000731,2026-02-13T20:25:01.764380,2,walk-in,2026-02-13T20:29:39.671413,2026-02-13T20:29:39.671413,True,False,ICU,admit,2026-02-13T23:39:50.109331,0.0,194.81
P000732,2026-02-13T20:26:31.579923,4,walk-in,2026-02-13T20:33:51.656756,2026-02-13T20:33:51.656756,False,False,ED,discharge,2026-02-13T21:26:58.568889,0.0,60.45
P000733,2026-02-13T20:35:51.535102,2,walk-in,2026-02-13T20:39:19.903780,2026-02-13T20:39:19.903780,False,True,ED,discharge,2026-02-14T00:50:41.786437,0.0,254.84
P000734,2026-02-13T20:36:48.342094,3,walk-in,2026-02-13T20:44:52.683769,2026-02-13T20:44:52.683769,False,False,ED,discharge,2026-02-14T03:37:09.061111,0.0,420.35
P000735,2026-02-13T21:12:19.444272,5,walk-in,2026-02-13T21:17:30.143333,2026-02-13T21:17:30.143333,False,False,ED,discharge,2026-02-13T22:08:19.237197,0.0,56.0
P000736,2026-02-13T21:16:40.537809,3,walk-in,2026-02-13T21:19:43.932183,2026-02-13T21:19:43.932183,False,False,ED,admit,2026-02-13T23:19:43.932183,0.0,123.06
P000737,2026-02-13T21:24:16.424392,3,walk-in,2026-02-13T21:28:40.580591,2026-02-13T21:28:40.580591,False,False,ED,discharge,2026-02-14T01:20:14.968207,0.0,235.98
P000738,2026-02-13T21:24:52.250450,4,transfer,2026-02-13T21:32:04.150617,2026-02-13T21:32:04.150617,False,False,ED,discharge,2026-02-13T22:27:18.703218,0.0,62.44
P000739,2026-02-13T21:30:49.919375,3,walk-in,2026-02-13T21:34:07.640078,2026-02-13T21:34:07.640078,True,True,ED,discharge,2026-02-14T00:09:57.293000,0.0,159.12
P000740,2026-02-13T21:42:42.523820,4,walk-in,2026-02-13T21:50:51.050015,2026-02-13T21:50:51.050015,False,False,ED,discharge,2026-02-13T23:19:49.867103,0.0,97.12
P000741,2026-02-13T21:58:40.271985,3,walk-in,2026-02-13T22:01:52.879372,2026-02-13T22:01:52.879372,True,False,ED,discharge,2026-02-14T04:06:24.028229,0.0,367.73
P000742,2026-02-13T22:19:52.610326,4,walk-in,2026-02-13T22:23:05.078267,2026-02-13T22:23:05.078267,False,False,ED,discharge,2026-02-13T23:37:37.541068,0.0,77.75
P000743,2026-02-13T22:20:52.211550,2,ambulance,2026-02-13T22:29:46.221747,2026-02-13T22:29:46.221747,False,True,ED,admit,2026-02-14T00:51:22.628809,0.0,150.51
P000744,2026-02-13T22:45:22.010593,4,walk-in,2026-02-13T22:54:55.178517,2026-02-13T22:54:55.178517,False,False,ED,discharge,2026-02-13T23:38:12.854968,0.0,52.85
P000745,2026-02-13T22:46:11.099054,5,walk-in,2026-02-13T22:55:20.021945,2026-02-13T22:55:20.021945,False,False,ED,discharge,2026-02-13T23:15:20.021945,0.0,29.15
P000746,2026-02-13T22:50:03.275057,2,walk-in,2026-02-13T22:55:40.462284,2026-02-13T22:55:40.462284,True,False,ED,admit,2026-02-14T06:05:16.781448,0.0,435.23
P000747,2026-02-13T23:03:58.016812,3,walk-in,2026-02-13T23:09:15.642666,2026-02-13T23:09:15.642666,True,False,ED,admit,2026-02-14T04:25:46.867953,0.0,321.81
P000748,2026-02-13T23:07:21.943804,5,walk-in,2026-02-13T23:11:49.823585,2026-02-13T23:11:49.823585,False,False,ED,discharge,2026-02-14T00:21:04.997262,0.0,73.72
P000749,2026-02-13T23:07:25.015449,4,walk-in,2026-02-13T23:13:54.422315,2026-02-13T23:13:54.422315,False,False,ED,discharge,2026-02-14T00:57:04.009964,0.0,109.65
P000750,2026-02-13T23:29:29.934145,4,walk-in,2026-02-13T23:34:22.635038,2026-02-13T23:34:22.635038,False,False,ED,discharge,2026-02-14T01:29:07.685009,0.0,119.63
P000751,2026-02-13T23:34:25.419298,4,walk-in,2026-02-13T23:39:33.938893,2026-02-13T23:39:33.938893,False,False,ED,discharge,2026-02-14T01:07:49.359335,0.0,93.4
P000752,2026-02-13T23:52:27.486249,3,walk-in,2026-02-13T23:56:02.778072,2026-02-13T23:56:02.778072,False,False,ED,discharge,2026-02-14T01:56:02.778072,0.0,123.59
P000753,2026-02-14T00:06:01.854436,5,walk-in,2026-02-14T00:12:59.410045,2026-02-14T00:12:59.410045,False,False,ED,discharge,2026-02-14T01:30:14.815743,0.0,84.22
P000754,2026-02-14T00:06:52.857781,3,walk-in,2026-02-14T00:14:45.369054,2026-02-14T00:14:45.369054,False,False,ED,discharge,2026-02-14T02:37:18.050588,0.0,150.42
P000755,2026-02-14T00:48:37.444986,2,walk-in,2026-02-14T00:56:02.445126,2026-02-14T00:56:02.445126,False,False,ED,discharge,2026-02-14T04:28:55.971214,0.0,220.31
P000756,2026-02-14T01:41:20.488379,3,walk-in,2026-02-14T01:51:00.235242,2026-02-14T01:51:00.235242,False,True,ED,discharge,2026-02-14T10:11:07.704521,0.0,509.79
P000757,2026-02-14T01:47:07.288119,4,walk-in,2026-02-14T01:54:13.475499,2026-02-14T01:54:13.475499,False,False,ED,discharge,2026-02-14T02:34:13.475499,0.0,47.1
P000758,2026-02-14T02:55:24.272902,3,transfer,2026-02-14T03:03:00.837047,2026-02-14T03:03:00.837047,False,False,ED,admit,2026-02-14T10:15:23.971808,0.0,439.99
P000759,2026-02-14T04:00:16.796638,4,walk-in,2026-02-14T04:07:43.992342,2026-02-14T04:07:43.992342,False,False,ED,discharge,2026-02-14T05:28:26.284491,0.0,88.16
P000760,2026-02-14T04:31:06.714049,3,transfer,2026-02-14T04:39:49.597588,2026-02-14T04:39:49.597588,True,True,ED,discharge,2026-02-14T06:39:49.597588,0.0,128.71
P000761,2026-02-14T05:32:54.342745,4,walk-in,2026-02-14T05:37:06.009133,2026-02-14T05:37:06.009133,False,False,ED,discharge,2026-02-14T07:52:01.489279,0.0,139.12
P000762,2026-02-14T06:02:17.812987,4,walk-in,2026-02-14T06:05:42.585454,2026-02-14T06:05:42.585454,False,False,ED,discharge,2026-02-14T10:12:25.509934,0.0,250.13
P000763,2026-02-14T06:08:11.962857,3,walk-in,2026-02-14T06:15:34.219868,2026-02-14T06:15:34.219868,False,False,ED,discharge,2026-02-14T09:03:31.712375,0.0,175.33
P000764,2026-02-14T06:57:46.780402,4,walk-in,2026-02-14T07:05:29.358331,2026-02-14T07:05:29.358331,True,False,ED,discharge,2026-02-14T08:53:13.568751,0.0,115.45
P000765,2026-02-14T07:19:37.709278,4,transfer,2026-02-14T07:23:18.382855,2026-02-14T07:23:18.382855,False,True,ED,discharge,2026-02-14T10:32:38.755039,0.0,193.02
P000766,2026-02-14T07:32:10.253509,3,walk-in,2026-02-14T07:38:10.624030,2026-02-14T07:38:10.624030,False,False,ED,admit,2026-02-14T11:21:41.979539,0.0,229.53
P000767,2026-02-14T07:32:11.230869,5,walk-in,2026-02-14T07:37:50.173862,2026-02-14T07:37:50.173862,False,False,ED,discharge,2026-02-14T08:41:44.066322,0.0,69.55
P000768,2026-02-14T07:33:10.464391,4,walk-in,2026-02-14T07:37:08.786862,2026-02-14T07:37:08.786862,False,False,ED,discharge,2026-02-14T09:29:54.275543,0.0,116.73
P000769,2026-02-14T07:35:33.470344,4,walk-in,2026-02-14T07:42:53.178056,2026-02-14T07:42:53.178056,False,False,ED,discharge,2026-02-14T10:04:56.655746,0.0,149.39
P000770,2026-02-14T07:45:59.540689,4,ambulance,2026-02-14T07:51:30.827046,2026-02-14T07:51:30.827046,True,False,ED,discharge,2026-02-14T12:51:30.827046,0.0,305.52
P000771,2026-02-14T08:03:50.292155,4,walk-in,2026-02-14T08:11:07.580940,2026-02-14T08:11:07.580940,True,False,ED,discharge,2026-02-14T13:11:07.580940,0.0,307.29
P000772,2026-02-14T08:12:15.192046,5,walk-in,2026-02-14T08:17:18.614495,2026-02-14T08:17:18.614495,False,False,ED,discharge,2026-02-14T08:44:32.378985,0.0,32.29
P000773,2026-02-14T08:12:15.787188,4,walk-in,2026-02-14T08:16:09.488957,2026-02-14T08:16:09.488957,False,False,ED,discharge,2026-02-14T08:56:09.488957,0.0,43.9
P000774,2026-02-14T08:12:20.437218,3,walk-in,2026-02-14T08:19:58.746904,2026-02-14T08:19:58.746904,True,False,ED,discharge,2026-02-14T11:04:04.809143,0.0,171.74
P000775,2026-02-14T08:21:29.113163,2,walk-in,2026-02-14T08:29:29.734529,2026-02-14T08:29:29.734529,True,False,ED,admit,2026-02-14T12:19:02.298800,0.0,237.55
P000776,2026-02-14T08:23:51.019026,3,walk-in,2026-02-14T08:27:42.720232,2026-02-14T08:27:42.720232,True,False,ED,discharge,2026-02-14T11:02:45.822228,0.0,158.91
P000777,2026-02-14T08:24:56.448036,4,walk-in,2026-02-14T08:34:27.795617,2026-02-14T08:34:27.795617,False,False,ED,discharge,2026-02-14T09:20:33.854168,0.0,55.62
P000778,2026-02-14T08:26:28.953855,3,walk-in,2026-02-14T08:33:24.951832,2026-02-14T08:33:24.951832,False,False,ED,discharge,2026-02-14T16:56:51.086313,0.0,510.37
P000779,2026-02-14T08:49:13.536083,2,ambulance,2026-02-14T08:57:24.580195,2026-02-14T08:57:24.580195,False,False,ICU,discharge,2026-02-14T10:51:47.750221,0.0,122.57
P000780,2026-02-14T08:56:36.074404,4,ambulance,2026-02-14T09:00:02.066077,2026-02-14T09:00:02.066077,False,False,ED,discharge,2026-02-14T11:47:58.639979,0.0,171.38
P000781,2026-02-14T09:00:46.203380,3,walk-in,2026-02-14T09:09:20.760807,2026-02-14T09:09:20.760807,False,False,ED,discharge,2026-02-14T11:18:26.079413,0.0,137.66
P000782,2026-02-14T09:02:04.001443,2,walk-in,2026-02-14T09:10:55.632438,2026-02-14T09:10:55.632438,True,False,ED,admit,2026-02-14T14:34:41.784752,0.0,332.63
P000783,2026-02-14T09:06:31.098082,4,walk-in,2026-02-14T09:14:26.344142,2026-02-14T09:14:26.344142,False,False,ED,discharge,2026-02-14T13:47:59.854775,0.0,281.48
P000784,2026-02-14T09:11:47.926762,3,walk-in,2026-02-14T09:18:15.837483,2026-02-14T09:18:15.837483,False,False,ED,discharge,2026-02-14T21:18:15.837483,0.0,726.47
P000785,2026-02-14T09:14:56.289950,4,walk-in,2026-02-14T09:23:04.006353,2026-02-14T09:23:04.006353,False,False,ED,discharge,2026-02-14T11:03:22.962446,0.0,108.44
P000786,2026-02-14T09:14:56.885343,3,transfer,2026-02-14T09:22:33.770474,2026-02-14T09:22:33.770474,False,False,ED,discharge,2026-02-14T12:22:50.321103,0.0,187.89
P000787,2026-02-14T09:18:05.523295,4,transfer,2026-02-14T09:26:23.763253,2026-02-14T09:26:23.763253,False,False,ED,discharge,2026-02-14T10:39:26.566662,0.0,81.35
P000788,2026-02-14T09:21:23.674773,3,walk-in,2026-02-14T09:29:39.626695,2026-02-14T09:29:39.626695,False,False,ED,discharge,2026-02-14T12:13:00.078849,0.0,171.61
P000789,2026-02-14T09:24:07.702163,3,walk-in,2026-02-14T09:28:05.477766,2026-02-14T09:28:05.477766,False,False,ED,discharge,2026-02-14T14:31:23.790679,0.0,307.27
P000790,2026-02-14T09:29:36.555278,1,walk-in,2026-02-14T09:36:38.341759,2026-02-14T09:36:38.341759,True,False,ICU,transfer,2026-02-14T16:52:17.103592,0.0,442.68
P000791,2026-02-14T09:32:30.129552,3,walk-in,2026-02-14T09:41:59.043393,2026-02-14T09:41:59.043393,True,False,ED,discharge,2026-02-14T21:41:59.043393,0.0,729.48
P000792,2026-02-14T09:34:07.014957,4,walk-in,2026-02-14T09:41:30.343427,2026-02-14T09:41:30.343427,False,True,ED,discharge,2026-02-14T11:49:42.382424,0.0,135.59
P000793,2026-02-14T09:36:58.855229,4,walk-in,2026-02-14T09:44:33.029955,2026-02-14T09:44:33.029955,False,False,ED,discharge,2026-02-14T10:35:23.081916,0.0,58.4
P000794,2026-02-14T09:38:03.721053,4,walk-in,2026-02-14T09:45:38.063152,2026-02-14T09:45:38.063152,False,False,ED,discharge,2026-02-14T10:25:38.063152,0.0,47.57
P000795,2026-02-14T09:38:43.277470,4,walk-in,2026-02-14T09:41:52.948710,2026-02-14T09:41:52.948710,False,False,ED,discharge,2026-02-14T11:01:14.929405,0.0,82.53
P000796,2026-02-14T09:44:56.893471,3,walk-in,2026-02-14T09:50:59.029192,2026-02-14T09:50:59.029192,False,True,ED,admit,2026-02-14T11:50:59.029192,0.0,126.04
P000797,2026-02-14T09:46:12.471838,4,walk-in,2026-02-14T09:54:53.876372,2026-02-14T09:54:53.876372,True,False,ED,discharge,2026-02-14T11:36:26.932740,0.0,110.24
P000798,2026-02-14T09:51:34.946451,4,walk-in,2026-02-14T10:00:06.774882,2026-02-14T10:00:06.774882,True,False,ED,discharge,2026-02-14T10:47:47.918551,0.0,56.22
P000799,2026-02-14T09:57:32.524936,3,walk-in,2026-02-14T10:01:48.098710,2026-02-14T10:01:48.098710,False,False,ED,discharge,2026-02-14T15:33:41.447554,0.0,336.15
P000800,2026-02-14T10:00:26.795912,4,walk-in,2026-02-14T10:03:41.498129,2026-02-14T10:03:41.498129,False,False,ED,discharge,2026-02-14T11:47:51.446927,0.0,107.41
P000801,2026-02-14T10:01:25.295996,3,walk-in,2026-02-14T10:04:25.331933,2026-02-14T10:04:25.331933,False,False,ED,discharge,2026-02-14T15:01:50.876196,0.0,300.43
P000802,2026-02-14T10:04:41.392249,4,walk-in,2026-02-14T10:11:20.912078,2026-02-14T10:11:20.912078,False,False,ED,discharge,2026-02-14T10:51:20.912078,0.0,46.66
P000803,2026-02-14T10:05:28.991148,2,walk-in,2026-02-14T10:10:08.573297,2026-02-14T10:10:08.573297,True,True,ED,admit,2026-02-14T17:16:15.235301,0.0,430.77
P000804,2026-02-14T10:13:58.941934,3,walk-in,2026-02-14T10:21:20.313286,2026-02-14T10:21:20.313286,True,False,ED,admit,2026-02-14T13:35:07.068083,0.0,201.14
P000805,2026-02-14T10:26:53.776293,3,walk-in,2026-02-14T10:31:40.531638,2026-02-14T10:31:40.531638,False,False,ED,admit,2026-02-14T21:06:46.101978,0.0,639.87
P000806,2026-02-14T10:30:21.832458,4,walk-in,2026-02-14T10:35:58.132207,2026-02-14T10:35:58.132207,False,False,ED,discharge,2026-02-14T12:31:22.006981,0.0,121.0
P000807,2026-02-14T10:32:04.753799,2,transfer,2026-02-14T10:38:06.877194,2026-02-14T10:38:06.877194,True,False,ICU,admit,2026-02-14T15:00:49.982880,0.0,268.75
P000808,2026-02-14T10:32:21.522308,2,walk-in,2026-02-14T10:37:53.906492,2026-02-14T10:37:53.906492,True,True,ED,admit,2026-02-14T15:00:24.211507,0.0,268.04
P000809,2026-02-14T10:37:41.099532,1,ambulance,2026-02-14T10:47:27.984396,2026-02-14T10:47:27.984396,True,True,ED,admit,2026-02-14T15:01:04.391632,0.0,263.39
P000810,2026-02-14T10:38:36.967458,4,walk-in,2026-02-14T10:45:19.130708,2026-02-14T10:45:19.130708,False,False,ED,discharge,2026-02-14T13:32:48.300621,0.0,174.19
P000811,2026-02-14T10:41:14.459419,5,walk-in,2026-02-14T10:50:51.993747,2026-02-14T10:50:51.993747,False,False,ED,discharge,2026-02-14T12:03:18.469359,0.0,82.07
P000812,2026-02-14T10:42:20.313496,4,walk-in,2026-02-14T10:46:13.893821,2026-02-14T10:46:13.893821,True,False,ED,discharge,2026-02-14T11:58:15.355305,0.0,75.92
P000813,2026-02-14T10:49:20.311881,3,walk-in,2026-02-14T10:52:42.515024,2026-02-14T10:52:42.515024,False,False,ED,discharge,2026-02-14T14:58:37.181879,0.0,249.28
P000814,2026-02-14T10:52:13.942531,3,transfer,2026-02-14T11:00:49.299468,2026-02-14T11:00:49.299468,False,False,ED,admit,2026-02-14T20:56:55.335667,0.0,604.69
P000815,2026-02-14T10:52:51.578664,5,walk-in,2026-02-14T10:57:59.757385,2026-02-14T10:57:59.757385,False,False,ED,discharge,2026-02-14T11:39:48.584075,0.0,46.95
P000816,2026-02-14T10:54:58.666801,4,walk-in,2026-02-14T10:59:08.014314,2026-02-14T10:59:08.014314,True,False,ED,discharge,2026-02-14T12:38:41.033719,0.0,103.71
P000817,2026-02-14T10:57:00.066327,5,walk-in,2026-02-14T11:02:58.139449,2026-02-14T11:02:58.139449,False,False,ED,discharge,2026-02-14T11:22:58.139449,0.0,25.97
P000818,2026-02-14T11:04:02.392567,4,walk-in,2026-02-14T11:11:21.232942,2026-02-14T11:11:21.232942,False,False,ED,discharge,2026-02-14T12:20:21.970704,0.0,76.33
P000819,2026-02-14T11:04:56.706640,4,walk-in,2026-02-14T11:13:07.079564,2026-02-14T11:13:07.079564,False,False,ED,discharge,2026-02-14T11:54:36.012862,0.0,49.66
P000820,2026-02-14T11:10:46.436632,5,walk-in,2026-02-14T11:19:56.847470,2026-02-14T11:19:56.847470,False,False,ED,discharge,2026-02-14T12:00:32.568688,0.0,49.77
P000821,2026-02-14T11:11:31.746551,4,walk-in,2026-02-14T11:17:29.289904,2026-02-14T11:17:29.289904,False,False,ED,discharge,2026-02-14T13:10:13.844902,0.0,118.7
P000822,2026-02-14T11:17:47.813029,4,walk-in,2026-02-14T11:22:53.467786,2026-02-14T11:22:53.467786,False,False,ED,discharge,2026-02-14T12:29:55.066131,0.0,72.12
P000823,2026-02-14T11:18:09.776098,3,walk-in,2026-02-14T11:27:41.682904,2026-02-14T11:27:41.682904,False,False,ED,discharge,2026-02-14T13:27:41.682904,0.0,129.53
P000824,2026-02-14T11:19:17.893168,3,walk-in,2026-02-14T11:24:35.884925,2026-02-14T11:24:35.884925,False,True,ED,discharge,2026-02-14T16:25:40.596479,0.0,306.38
P000825,2026-02-14T11:23:21.071974,3,walk-in,2026-02-14T11:29:47.731344,2026-02-14T11:29:47.731344,True,False,ED,discharge,2026-02-14T18:27:41.069128,0.0,424.33
P000826,2026-02-14T11:27:03.369540,4,walk-in,2026-02-14T11:32:49.420247,2026-02-14T11:32:49.420247,False,False,ED,discharge,2026-02-14T13:35:02.159331,0.0,127.98
P000827,2026-02-14T11:29:22.384012,2,walk-in,2026-02-14T11:38:14.914146,2026-02-14T11:38:14.914146,True,True,ED,admit,2026-02-14T13:34:54.885333,0.0,125.54
P000828,2026-02-14T11:34:39.030415,3,ambulance,2026-02-14T11:40:24.739737,2026-02-14T11:40:24.739737,False,False,ED,discharge,2026-02-14T22:56:44.367712,0.0,682.09
P000829,2026-02-14T11:36:21.691284,3,walk-in,2026-02-14T11:41:13.327124,2026-02-14T11:41:13.327124,False,False,ED,discharge,2026-02-14T15:16:29.782944,0.0,220.13
P000830,2026-02-14T11:36:30.719960,5,walk-in,2026-02-14T11:45:58.615685,2026-02-14T11:45:58.615685,False,False,ED,discharge,2026-02-14T12:17:36.786950,0.0,41.1
P000831,2026-02-14T11:38:07.272426,2,ambulance,2026-02-14T11:44:37.272817,2026-02-14T11:44:37.272817,False,True,ED,discharge,2026-02-14T13:29:18.578626,0.0,111.19
P000832,2026-02-14T11:44:45.446774,3,walk-in,2026-02-14T11:51:09.537056,2026-02-14T11:51:09.537056,False,False,ED,discharge,2026-02-14T23:51:09.537056,0.0,726.4
P000833,2026-02-14T11:51:14.551957,3,walk-in,2026-02-14T12:00:17.502015,2026-02-14T12:00:17.502015,False,False,ED,admit,2026-02-14T17:38:39.533895,0.0,347.42
P000834,2026-02-14T12:00:21.753575,4,walk-in,2026-02-14T12:04:37.852640,2026-02-14T12:04:37.852640,False,False,ED,discharge,2026-02-14T14:55:42.285342,0.0,175.34
P000835,2026-02-14T12:02:19.776832,2,ambulance,2026-02-14T12:12:15.744326,2026-02-14T12:12:15.744326,False,False,ED,admit,2026-02-14T16:25:55.782812,0.0,263.6
P000836,2026-02-14T12:03:57.658623,3,walk-in,2026-02-14T12:08:34.858236,2026-02-14T12:08:34.858236,False,False,ED,discharge,2026-02-14T16:42:43.991964,0.0,278.77
P000837,2026-02-14T12:04:23.503771,3,walk-in,2026-02-14T12:09:21.337266,2026-02-14T12:09:21.337266,False,False,ED,discharge,2026-02-14T17:02:09.526502,0.0,297.77
P000838,2026-02-14T12:04:39.307079,4,walk-in,2026-02-14T12:10:57.571508,2026-02-14T12:10:57.571508,False,False,ED,discharge,2026-02-14T13:35:56.961812,0.0,91.29
P000839,2026-02-14T12:09:25.327638,3,walk-in,2026-02-14T12:13:06.020271,2026-02-14T12:13:06.020271,True,False,ED,discharge,2026-02-14T14:38:16.614688,0.0,148.85
P000840,2026-02-14T12:18:29.967303,4,walk-in,2026-02-14T12:24:06.036063,2026-02-14T12:24:06.036063,False,False,ED,discharge,2026-02-14T15:11:00.796301,0.0,172.51
P000841,2026-02-14T12:32:04.166091,2,walk-in,2026-02-14T12:35:54.714917,2026-02-14T12:35:54.714917,True,False,ED,discharge,2026-02-14T17:30:28.470094,0.0,298.41
P000842,2026-02-14T12:33:30.408542,2,walk-in,2026-02-14T12:38:54.425689,2026-02-14T12:38:54.425689,False,False,ED,discharge,2026-02-14T20:16:53.856843,0.0,463.39
P000843,2026-02-14T12:34:47.833610,2,ambulance,2026-02-14T12:41:39.041796,2026-02-14T12:41:39.041796,True,False,ED,discharge,2026-02-14T22:41:39.041796,0.0,606.85
P000844,2026-02-14T12:41:08.746101,3,walk-in,2026-02-14T12:50:31.302756,2026-02-14T12:50:31.302756,True,False,ED,discharge,2026-02-14T14:50:31.302756,0.0,129.38
P000845,2026-02-14T12:42:01.139543,2,walk-in,2026-02-14T12:49:53.756159,2026-02-14T12:49:53.756159,True,True,ED,discharge,2026-02-14T17:23:31.708480,0.0,281.51
P000846,2026-02-14T12:42:34.817811,3,walk-in,2026-02-14T12:51:40.325213,2026-02-14T12:51:40.325213,False,False,ED,discharge,2026-02-14T14:51:40.325213,0.0,129.09
P000847,2026-02-14T12:46:43.116257,4,walk-in,2026-02-14T12:51:37.143816,2026-02-14T12:51:37.143816,False,False,ED,discharge,2026-02-14T13:49:43.566001,0.0,63.01
P000848,2026-02-14T12:48:27.236997,3,walk-in,2026-02-14T12:55:07.767742,2026-02-14T12:55:07.767742,False,False,ED,discharge,2026-02-14T14:55:07.767742,0.0,126.68
P000849,2026-02-14T12:54:38.999144,3,ambulance,2026-02-14T12:59:19.050189,2026-02-14T12:59:19.050189,True,True,ED,discharge,2026-02-14T19:28:09.660779,0.0,393.51
P000850,2026-02-14T12:56:44.474501,4,walk-in,2026-02-14T13:05:30.306813,2026-02-14T13:05:30.306813,False,True,ED,discharge,2026-02-14T14:13:51.772660,0.0,77.12
P000851,2026-02-14T12:59:21.446250,3,walk-in,2026-02-14T13:07:17.740171,2026-02-14T13:07:17.740171,False,False,ED,discharge,2026-02-14T15:44:50.302636,0.0,165.48
P000852,2026-02-14T13:04:07.546767,4,walk-in,2026-02-14T13:08:39.644196,2026-02-14T13:08:39.644196,False,False,ED,discharge,2026-02-14T14:09:52.768904,0.0,65.75
P000853,2026-02-14T13:09:17.008041,5,walk-in,2026-02-14T13:17:44.823579,2026-02-14T13:17:44.823579,False,False,ED,discharge,2026-02-14T13:45:59.477849,0.0,36.71
P000854,2026-02-14T13:11:12.091579,4,walk-in,2026-02-14T13:15:44.759975,2026-02-14T13:15:44.759975,False,False,ED,discharge,2026-02-14T13:55:44.759975,0.0,44.54
P000855,2026-02-14T13:24:32.229991,2,ambulance,2026-02-14T13:32:37.270163,2026-02-14T13:32:37.270163,True,False,ICU,discharge,2026-02-14T17:45:37.809671,0.0,261.09
P000856,2026-02-14T13:27:12.971181,3,walk-in,2026-02-14T13:35:19.352778,2026-02-14T13:35:19.352778,False,True,ED,discharge,2026-02-14T19:32:22.703863,0.0,365.16
P000857,2026-02-14T13:30:56.971262,3,walk-in,2026-02-14T13:34:26.141992,2026-02-14T13:34:26.141992,True,False,ED,discharge,2026-02-14T19:02:37.471121,0.0,331.67
P000858,2026-02-14T13:36:13.354015,4,walk-in,2026-02-14T13:43:26.737292,2026-02-14T13:43:26.737292,False,True,ED,discharge,2026-02-14T15:01:30.374709,0.0,85.28
P000859,2026-02-14T13:41:05.409345,4,walk-in,2026-02-14T13:45:49.713382,2026-02-14T13:45:49.713382,True,False,ED,discharge,2026-02-14T18:43:59.442586,0.0,302.9
P000860,2026-02-14T13:43:31.243353,2,walk-in,2026-02-14T13:48:53.367118,2026-02-14T13:48:53.367118,False,True,ED,discharge,2026-02-14T17:56:07.015024,0.0,252.6
P000861,2026-02-14T13:44:05.741176,3,walk-in,2026-02-14T13:49:25.078830,2026-02-14T13:49:25.078830,True,True,ED,admit,2026-02-14T17:03:28.444339,0.0,199.38
P000862,2026-02-14T13:45:40.177934,2,ambulance,2026-02-14T13:52:15.025749,2026-02-14T13:52:15.025749,False,True,ED,admit,2026-02-14T16:56:26.688346,0.0,190.78
P000863,2026-02-14T13:54:37.089140,3,walk-in,2026-02-14T14:02:12.342271,2026-02-14T14:02:12.342271,True,False,ED,discharge,2026-02-15T00:05:56.211762,0.0,611.32
P000864,2026-02-14T13:55:32.487857,3,walk-in,2026-02-14T13:59:15.217084,2026-02-14T13:59:15.217084,False,False,ED,discharge,2026-02-14T15:59:15.217084,0.0,123.71
P000865,2026-02-14T14:09:10.075352,5,walk-in,2026-02-14T14:18:26.221678,2026-02-14T14:18:26.221678,False,False,ED,discharge,2026-02-14T14:45:50.974541,0.0,36.68
P000866,2026-02-14T14:11:22.371129,4,walk-in,2026-02-14T14:20:05.747398,2026-02-14T14:20:05.747398,False,False,ED,discharge,2026-02-14T15:12:27.455630,0.0,61.08
P000867,2026-02-14T14:19:33.886252,5,walk-in,2026-02-14T14:27:32.635059,2026-02-14T14:27:32.635059,False,True,ED,discharge,2026-02-14T15:30:48.896639,0.0,71.25
P000868,2026-02-14T14:22:56.537039,3,walk-in,2026-02-14T14:31:26.466398,2026-02-14T14:31:26.466398,False,True,ED,admit,2026-02-14T23:16:23.101450,0.0,533.44
P000869,2026-02-14T14:27:05.527176,3,walk-in,2026-02-14T14:37:03.331283,2026-02-14T14:37:03.331283,True,False,ED,discharge,2026-02-14T16:37:03.331283,0.0,129.96
P000870,2026-02-14T14:44:14.246559,4,walk-in,2026-02-14T14:52:51.145749,2026-02-14T14:52:51.145749,False,False,ED,discharge,2026-02-14T16:48:54.493405,0.0,124.67
P000871,2026-02-14T14:56:45.155390,4,walk-in,2026-02-14T15:05:30.145153,2026-02-14T15:05:30.145153,False,False,ED,discharge,2026-02-14T15:46:49.207580,0.0,50.07
P000872,2026-02-14T14:58:53.097221,4,walk-in,2026-02-14T15:01:54.300985,2026-02-14T15:01:54.300985,False,True,ED,discharge,2026-02-14T15:58:39.057816,0.0,59.77
P000873,2026-02-14T14:58:59.168975,5,walk-in,2026-02-14T15:04:25.894939,2026-02-14T15:04:25.894939,False,False,ED,discharge,2026-02-14T15:46:27.089588,0.0,47.47
P000874,2026-02-14T14:59:18.171112,5,walk-in,2026-02-14T15:04:00.020024,2026-02-14T15:04:00.020024,False,False,ED,discharge,2026-02-14T15:59:23.531784,0.0,60.09
P000875,2026-02-14T15:03:35.722860,4,walk-in,2026-02-14T15:06:46.788551,2026-02-14T15:06:46.788551,False,False,ED,discharge,2026-02-14T16:20:19.863641,0.0,76.74
P000876,2026-02-14T15:04:11.925957,5,walk-in,2026-02-14T15:09:45.328529,2026-02-14T15:09:45.328529,False,False,ED,discharge,2026-02-14T15:48:51.867718,0.0,44.67
P000877,2026-02-14T15:13:56.731719,2,ambulance,2026-02-14T15:22:09.026053,2026-02-14T15:22:09.026053,False,False,ED,discharge,2026-02-14T17:52:45.804279,0.0,158.82
P000878,2026-02-14T15:16:18.698825,4,walk-in,2026-02-14T15:20:24.171506,2026-02-14T15:20:24.171506,False,True,ED,discharge,2026-02-14T17:03:52.927618,0.0,107.57
P000879,2026-02-14T15:28:19.214378,2,walk-in,2026-02-14T15:36:04.773867,2026-02-14T15:36:04.773867,False,False,ED,discharge,2026-02-14T21:46:54.818398,0.0,378.59
P000880,2026-02-14T15:35:17.912420,3,walk-in,2026-02-14T15:45:06.623798,2026-02-14T15:45:06.623798,False,False,ED,discharge,2026-02-14T18:33:34.486088,0.0,178.28
P000881,2026-02-14T15:36:10.810030,4,walk-in,2026-02-14T15:40:27.961415,2026-02-14T15:40:27.961415,False,False,ED,discharge,2026-02-14T17:22:48.248057,0.0,106.62
P000882,2026-02-14T15:47:09.143865,4,walk-in,2026-02-14T15:51:18.370096,2026-02-14T15:51:18.370096,False,False,ED,discharge,2026-02-14T16:40:02.283318,0.0,52.89
P000883,2026-02-14T15:48:35.945153,2,walk-in,2026-02-14T15:57:31.521048,2026-02-14T15:57:31.521048,True,True,ED,discharge,2026-02-14T22:48:22.140614,0.0,419.77
P000884,2026-02-14T15:52:01.001120,3,walk-in,2026-02-14T15:59:29.124484,2026-02-14T15:59:29.124484,True,False,ED,discharge,2026-02-14T21:46:36.876909,0.0,354.6
P000885,2026-02-14T16:12:34.505113,4,walk-in,2026-02-14T16:15:53.690970,2026-02-14T16:15:53.690970,False,False,ED,discharge,2026-02-14T17:19:08.402084,0.0,66.56
P000886,2026-02-14T16:12:58.199398,3,walk-in,2026-02-14T16:21:02.988410,2026-02-14T16:21:02.988410,False,False,ED,discharge,2026-02-14T22:31:36.940710,0.0,378.65
P000887,2026-02-14T16:13:14.044267,4,walk-in,2026-02-14T16:21:53.191887,2026-02-14T16:21:53.191887,False,False,ED,discharge,2026-02-14T17:01:53.191887,0.0,48.65
P000888,2026-02-14T16:14:41.729850,2,walk-in,2026-02-14T16:23:53.515477,2026-02-14T16:23:53.515477,True,False,ED,discharge,2026-02-14T18:37:33.024196,0.0,142.85
P000889,2026-02-14T16:15:26.250200,4,walk-in,2026-02-14T16:19:33.889951,2026-02-14T16:19:33.889951,False,False,ED,discharge,2026-02-14T17:01:14.687005,0.0,45.81
P000890,2026-02-14T16:17:50.815419,4,walk-in,2026-02-14T16:23:22.148288,2026-02-14T16:23:22.148288,False,False,ED,discharge,2026-02-14T17:03:22.148288,0.0,45.52
P000891,2026-02-14T16:18:41.266691,3,walk-in,2026-02-14T16:25:57.629329,2026-02-14T16:25:57.629329,True,False,ED,discharge,2026-02-14T18:25:57.629329,0.0,127.27
P000892,2026-02-14T16:27:41.044094,5,walk-in,2026-02-14T16:37:28.001884,2026-02-14T16:37:28.001884,False,False,ED,discharge,2026-02-14T17:22:40.422362,0.0,54.99
P000893,2026-02-14T16:36:29.027512,5,walk-in,2026-02-14T16:41:26.676787,2026-02-14T16:41:26.676787,False,False,ED,discharge,2026-02-14T17:28:05.079257,0.0,51.6
P000894,2026-02-14T16:40:40.441881,3,walk-in,2026-02-14T16:48:13.564556,2026-02-14T16:48:13.564556,True,True,ED,discharge,2026-02-14T19:17:02.235380,0.0,156.36
P000895,2026-02-14T16:43:20.673801,4,walk-in,2026-02-14T16:52:20.614204,2026-02-14T16:52:20.614204,False,False,ED,discharge,2026-02-14T19:35:00.037112,0.0,171.66
P000896,2026-02-14T16:44:59.050108,4,walk-in,2026-02-14T16:49:49.437630,2026-02-14T16:49:49.437630,False,False,ED,discharge,2026-02-14T17:29:49.437630,0.0,44.84
P000897,2026-02-14T16:50:11.404108,4,walk-in,2026-02-14T16:58:56.322823,2026-02-14T16:58:56.322823,True,False,ED,discharge,2026-02-14T18:46:12.000030,0.0,116.01
P000898,2026-02-14T16:53:49.235568,3,walk-in,2026-02-14T16:57:28.506878,2026-02-14T16:57:28.506878,False,False,ED,discharge,2026-02-15T00:01:37.129330,0.0,427.8
P000899,2026-02-14T17:19:43.283467,2,walk-in,2026-02-14T17:29:08.616815,2026-02-14T17:29:08.616815,False,False,ED,discharge,2026-02-14T20:29:05.081432,0.0,189.36
P000900,2026-02-14T17:29:05.133254,3,walk-in,2026-02-14T17:35:25.145431,2026-02-14T17:35:25.145431,True,True,ED,discharge,2026-02-15T00:18:47.078572,0.0,409.7
P000901,2026-02-14T17:31:15.142295,4,walk-in,2026-02-14T17:34:28.298062,2026-02-14T17:34:28.298062,False,False,ED,discharge,2026-02-14T18:32:20.481974,0.0,61.09
P000902,2026-02-14T17:40:38.579310,2,walk-in,2026-02-14T17:50:18.690214,2026-02-14T17:50:18.690214,False,True,ED,admit,2026-02-14T23:22:23.369678,0.0,341.75
P000903,2026-02-14T17:44:23.355621,2,walk-in,2026-02-14T17:49:28.657078,2026-02-14T17:49:28.657078,False,False,ED,discharge,2026-02-14T20:53:02.326592,0.0,188.65
P000904,2026-02-14T17:45:26.084677,2,walk-in,2026-02-14T17:50:49.732719,2026-02-14T17:50:49.732719,False,True,ED,admit,2026-02-14T20:28:32.950631,0.0,163.11
P000905,2026-02-14T17:46:01.611258,3,walk-in,2026-02-14T17:50:09.100705,2026-02-14T17:50:09.100705,False,False,ED,discharge,2026-02-14T21:38:11.983040,0.0,232.17
P000906,2026-02-14T17:49:10.573708,4,walk-in,2026-02-14T17:56:51.117953,2026-02-14T17:56:51.117953,False,False,ED,discharge,2026-02-14T19:22:04.768983,0.0,92.9
P000907,2026-02-14T17:55:17.516997,4,walk-in,2026-02-14T18:00:30.453419,2026-02-14T18:00:30.453419,False,False,ED,discharge,2026-02-14T19:36:14.521754,0.0,100.95
P000908,2026-02-14T18:01:11.319878,3,walk-in,2026-02-14T18:04:12.864172,2026-02-14T18:04:12.864172,False,False,ED,discharge,2026-02-14T21:16:37.410079,0.0,195.43
P000909,2026-02-14T18:04:48.057499,5,walk-in,2026-02-14T18:09:19.879063,2026-02-14T18:09:19.879063,False,False,ED,discharge,2026-02-14T19:03:42.525096,0.0,58.91
P000910,2026-02-14T18:18:47.069401,5,walk-in,2026-02-14T18:25:49.340701,2026-02-14T18:25:49.340701,True,False,ED,discharge,2026-02-14T19:28:24.815591,0.0,69.63
P000911,2026-02-14T18:19:01.273533,3,walk-in,2026-02-14T18:26:54.986734,2026-02-14T18:26:54.986734,False,False,ED,discharge,2026-02-14T20:57:17.502559,0.0,158.27
P000912,2026-02-14T18:24:13.720109,4,walk-in,2026-02-14T18:28:27.561907,2026-02-14T18:28:27.561907,False,False,ED,discharge,2026-02-14T20:42:50.535683,0.0,138.61
P000913,2026-02-14T18:38:27.643881,3,walk-in,2026-02-14T18:46:16.835157,2026-02-14T18:46:16.835157,False,False,ED,admit,2026-02-15T06:46:16.835157,0.0,727.82
P000914,2026-02-14T18:38:59.801984,4,walk-in,2026-02-14T18:46:32.644310,2026-02-14T18:46:32.644310,False,False,ED,discharge,2026-02-14T19:38:38.305694,0.0,59.64
P000915,2026-02-14T18:41:00.741587,5,walk-in,2026-02-14T18:47:07.264997,2026-02-14T18:47:07.264997,False,False,ED,discharge,2026-02-14T19:21:57.162499,0.0,40.94
P000916,2026-02-14T18:45:27.436677,3,walk-in,2026-02-14T18:51:44.657859,2026-02-14T18:51:44.657859,True,False,ED,discharge,2026-02-14T23:56:52.626201,0.0,311.42
P000917,2026-02-14T19:04:11.945712,4,walk-in,2026-02-14T19:12:23.229996,2026-02-14T19:12:23.229996,True,False,ED,discharge,2026-02-14T20:18:02.396039,0.0,73.84
P000918,2026-02-14T19:10:04.378395,4,walk-in,2026-02-14T19:15:58.559335,2026-02-14T19:15:58.559335,False,False,ED,discharge,2026-02-14T22:58:42.687763,0.0,228.64
P000919,2026-02-14T19:10:14.120744,2,walk-in,2026-02-14T19:18:57.137689,2026-02-14T19:18:57.137689,False,False,ED,admit,2026-02-15T05:18:57.137689,0.0,608.72
P000920,2026-02-14T19:19:52.572981,5,walk-in,2026-02-14T19:27:23.235411,2026-02-14T19:27:23.235411,False,False,ED,discharge,2026-02-14T19:59:52.723349,0.0,40.0
P000921,2026-02-14T19:20:23.360071,4,transfer,2026-02-14T19:24:36.321325,2026-02-14T19:24:36.321325,False,False,ED,discharge,2026-02-14T22:13:21.743442,0.0,172.97
P000922,2026-02-14T19:23:48.027580,4,walk-in,2026-02-14T19:32:42.100485,2026-02-14T19:32:42.100485,False,False,ED,discharge,2026-02-14T21:50:34.300628,0.0,146.77
P000923,2026-02-14T19:28:55.669364,3,walk-in,2026-02-14T19:34:59.386200,2026-02-14T19:34:59.386200,False,False,ED,discharge,2026-02-14T22:21:25.550175,0.0,172.5
P000924,2026-02-14T19:30:46.047562,3,walk-in,2026-02-14T19:34:40.877728,2026-02-14T19:34:40.877728,False,False,ED,discharge,2026-02-14T21:34:40.877728,0.0,123.91
P000925,2026-02-14T19:55:54.525685,5,walk-in,2026-02-14T20:02:39.400918,2026-02-14T20:02:39.400918,False,False,ED,discharge,2026-02-14T20:50:50.357182,0.0,54.93
P000926,2026-02-14T20:05:35.669424,5,walk-in,2026-02-14T20:13:03.791783,2026-02-14T20:13:03.791783,False,False,ED,discharge,2026-02-14T20:38:02.256559,0.0,32.44
P000927,2026-02-14T20:18:31.855063,2,ambulance,2026-02-14T20:27:47.589074,2026-02-14T20:27:47.589074,True,False,ED,admit,2026-02-15T01:15:35.696695,0.0,297.06
P000928,2026-02-14T20:19:04.681110,2,ambulance,2026-02-14T20:28:47.552323,2026-02-14T20:28:47.552323,True,False,ED,admit,2026-02-14T22:53:48.954934,0.0,154.74
P000929,2026-02-14T20:27:36.736416,5,walk-in,2026-02-14T20:31:52.255119,2026-02-14T20:31:52.255119,True,False,ED,discharge,2026-02-14T21:13:09.966696,0.0,45.55
P000930,2026-02-14T20:39:54.021669,5,walk-in,2026-02-14T20:47:11.903767,2026-02-14T20:47:11.903767,False,False,ED,discharge,2026-02-14T21:29:10.704753,0.0,49.28
P000931,2026-02-14T20:43:59.678231,3,ambulance,2026-02-14T20:47:09.354265,2026-02-14T20:47:09.354265,False,False,ED,discharge,2026-02-15T02:31:24.997055,0.0,347.42
P000932,2026-02-14T20:47:48.926995,3,walk-in,2026-02-14T20:57:23.663199,2026-02-14T20:57:23.663199,True,False,ED,discharge,2026-02-15T02:27:45.172695,0.0,339.94
P000933,2026-02-14T21:00:30.721962,4,walk-in,2026-02-14T21:08:43.703634,2026-02-14T21:08:43.703634,False,False,ED,discharge,2026-02-14T22:39:27.653581,0.0,98.95
P000934,2026-02-14T21:05:54.272795,5,walk-in,2026-02-14T21:11:39.259683,2026-02-14T21:11:39.259683,False,False,ED,discharge,2026-02-14T22:07:57.956844,0.0,62.06
P000935,2026-02-14T21:07:14.894261,5,walk-in,2026-02-14T21:16:25.694341,2026-02-14T21:16:25.694341,False,False,ED,discharge,2026-02-14T21:46:38.412686,0.0,39.39
P000936,2026-02-14T21:09:13.288462,4,walk-in,2026-02-14T21:16:39.021818,2026-02-14T21:16:39.021818,True,False,ED,discharge,2026-02-14T22:07:12.096282,0.0,57.98
P000937,2026-02-14T21:19:37.597305,4,walk-in,2026-02-14T21:28:24.805601,2026-02-14T21:28:24.805601,False,False,ED,discharge,2026-02-14T23:19:23.621581,0.0,119.77
P000938,2026-02-14T21:22:28.720933,4,walk-in,2026-02-14T21:25:59.229872,2026-02-14T21:25:59.229872,False,False,ED,discharge,2026-02-14T22:52:22.729605,0.0,89.9
P000939,2026-02-14T21:35:14.971032,3,ambulance,2026-02-14T21:40:33.096175,2026-02-14T21:40:33.096175,False,False,ED,discharge,2026-02-14T23:55:38.665046,0.0,140.39
P000940,2026-02-14T21:58:13.773492,4,walk-in,2026-02-14T22:03:10.553849,2026-02-14T22:03:10.553849,False,False,ED,discharge,2026-02-14T23:10:46.556307,0.0,72.55
P000941,2026-02-14T22:19:48.901902,4,walk-in,2026-02-14T22:28:06.506407,2026-02-14T22:28:06.506407,False,False,ED,discharge,2026-02-15T00:06:42.718746,0.0,106.9
P000942,2026-02-14T22:23:53.680103,3,walk-in,2026-02-14T22:28:05.558789,2026-02-14T22:28:05.558789,False,False,ED,discharge,2026-02-15T00:28:05.558789,0.0,124.2
P000943,2026-02-14T22:41:37.394679,4,walk-in,2026-02-14T22:51:32.335681,2026-02-14T22:51:32.335681,False,False,ED,discharge,2026-02-14T23:31:32.335681,0.0,49.92
P000944,2026-02-14T22:51:56.518178,2,walk-in,2026-02-14T22:55:25.688906,2026-02-14T22:55:25.688906,True,False,ED,admit,2026-02-15T05:42:49.121032,0.0,410.88
P000945,2026-02-14T23:04:35.521090,4,walk-in,2026-02-14T23:11:29.230175,2026-02-14T23:11:29.230175,False,False,ED,discharge,2026-02-15T00:19:24.137528,0.0,74.81
P000946,2026-02-14T23:12:15.136627,5,walk-in,2026-02-14T23:17:52.177182,2026-02-14T23:17:52.177182,False,False,ED,discharge,2026-02-14T23:47:21.934140,0.0,35.11
P000947,2026-02-14T23:33:10.166021,2,walk-in,2026-02-14T23:40:58.957564,2026-02-14T23:40:58.957564,True,True,ED,discharge,2026-02-15T05:08:40.853984,0.0,335.51
P000948,2026-02-14T23:38:52.967130,5,walk-in,2026-02-14T23:47:57.533376,2026-02-14T23:47:57.533376,False,False,ED,discharge,2026-02-15T00:23:47.551553,0.0,44.91
P000949,2026-02-14T23:51:01.674121,2,walk-in,2026-02-14T23:58:19.029387,2026-02-14T23:58:19.029387,False,True,ED,admit,2026-02-15T05:15:42.971917,0.0,324.69
P000950,2026-02-14T23:59:54.258352,4,walk-in,2026-02-15T00:09:07.133685,2026-02-15T00:09:07.133685,False,False,ED,discharge,2026-02-15T02:13:28.195641,0.0,133.57
P000951,2026-02-15T00:12:58.087685,2,ambulance,2026-02-15T00:19:17.059494,2026-02-15T00:19:17.059494,False,False,ICU,admit,2026-02-15T03:36:58.871394,0.0,204.01
P000952,2026-02-15T00:21:09.454961,3,transfer,2026-02-15T00:29:53.968763,2026-02-15T00:29:53.968763,False,False,ED,discharge,2026-02-15T02:52:42.968472,0.0,151.56
P000953,2026-02-15T00:28:28.562487,3,walk-in,2026-02-15T00:32:46.181785,2026-02-15T00:32:46.181785,False,False,ED,discharge,2026-02-15T02:32:46.181785,0.0,124.29
P000954,2026-02-15T02:15:58.241681,3,walk-in,2026-02-15T02:21:00.056880,2026-02-15T02:21:00.056880,False,False,ED,discharge,2026-02-15T05:18:39.622998,0.0,182.69
P000955,2026-02-15T02:16:58.862276,2,walk-in,2026-02-15T02:22:57.292118,2026-02-15T02:22:57.292118,True,False,ED,admit,2026-02-15T04:46:33.085702,0.0,149.57
P000956,2026-02-15T04:12:18.232018,3,walk-in,2026-02-15T04:21:33.384827,2026-02-15T04:21:33.384827,False,True,ED,discharge,2026-02-15T12:39:24.643735,0.0,507.11
P000957,2026-02-15T04:49:47.619441,3,transfer,2026-02-15T04:55:17.873459,2026-02-15T04:55:17.873459,False,False,ED,discharge,2026-02-15T08:21:54.923999,0.0,212.12
P000958,2026-02-15T05:06:03.715167,3,walk-in,2026-02-15T05:13:39.201251,2026-02-15T05:13:39.201251,False,False,ED,discharge,2026-02-15T08:24:36.352445,0.0,198.54
P000959,2026-02-15T05:44:25.702582,4,walk-in,2026-02-15T05:50:11.152648,2026-02-15T05:50:11.152648,False,False,ED,discharge,2026-02-15T06:30:11.152648,0.0,45.76
P000960,2026-02-15T06:11:14.439883,4,walk-in,2026-02-15T06:20:43.953026,2026-02-15T06:20:43.953026,False,False,ED,discharge,2026-02-15T07:07:17.556193,0.0,56.05
P000961,2026-02-15T06:13:07.887956,4,walk-in,2026-02-15T06:16:26.758191,2026-02-15T06:16:26.758191,False,False,ED,discharge,2026-02-15T10:24:28.236501,0.0,251.34
P000962,2026-02-15T06:25:53.305092,5,walk-in,2026-02-15T06:34:12.466990,2026-02-15T06:34:12.466990,False,False,ED,discharge,2026-02-15T07:22:14.946780,0.0,56.36
P000963,2026-02-15T07:00:00.128562,5,walk-in,2026-02-15T07:05:56.552148,2026-02-15T07:05:56.552148,False,False,ED,discharge,2026-02-15T08:51:02.927622,0.0,111.05
P000964,2026-02-15T07:12:31.181249,2,walk-in,2026-02-15T07:19:45.925235,2026-02-15T07:19:45.925235,False,False,ED,discharge,2026-02-15T10:29:32.259835,0.0,197.02
P000965,2026-02-15T07:15:40.539280,4,walk-in,2026-02-15T07:20:26.587156,2026-02-15T07:20:26.587156,False,False,ED,discharge,2026-02-15T08:11:45.887900,0.0,56.09
P000966,2026-02-15T07:17:26.076927,4,walk-in,2026-02-15T07:21:46.841168,2026-02-15T07:21:46.841168,False,False,ED,discharge,2026-02-15T09:07:39.291340,0.0,110.22
P000967,2026-02-15T07:30:11.664549,3,walk-in,2026-02-15T07:37:01.228503,2026-02-15T07:37:01.228503,True,False,ED,admit,2026-02-15T19:37:01.228503,0.0,726.83
P000968,2026-02-15T07:41:08.822967,4,walk-in,2026-02-15T07:49:58.432189,2026-02-15T07:49:58.432189,False,False,ED,discharge,2026-02-15T08:40:51.727276,0.0,59.72
P000969,2026-02-15T07:44:02.127742,2,walk-in,2026-02-15T07:49:40.097397,2026-02-15T07:49:40.097397,True,True,ED,admit,2026-02-15T10:13:13.068714,0.0,149.18
P000970,2026-02-15T08:05:09.612475,2,ambulance,2026-02-15T08:12:22.238101,2026-02-15T08:12:22.238101,True,True,ED,discharge,2026-02-15T13:22:11.578225,0.0,317.03
P000971,2026-02-15T08:05:38.076356,2,walk-in,2026-02-15T08:15:24.684579,2026-02-15T08:15:24.684579,True,False,ED,discharge,2026-02-15T11:20:37.220219,0.0,194.99
P000972,2026-02-15T08:26:30.844793,3,walk-in,2026-02-15T08:29:54.637037,2026-02-15T08:29:54.637037,False,True,ED,discharge,2026-02-15T14:50:12.993022,0.0,383.7
P000973,2026-02-15T08:30:07.885411,3,walk-in,2026-02-15T08:35:28.392734,2026-02-15T08:35:28.392734,False,True,ED,discharge,2026-02-15T11:45:40.351504,0.0,195.54
P000974,2026-02-15T08:30:16.241073,5,walk-in,2026-02-15T08:39:25.114548,2026-02-15T08:39:25.114548,False,False,ED,discharge,2026-02-15T09:54:09.807772,0.0,83.89
P000975,2026-02-15T08:32:35.770386,2,transfer,2026-02-15T08:42:14.731655,2026-02-15T08:42:14.731655,True,False,ICU,discharge,2026-02-15T11:04:44.256594,0.0,152.14
P000976,2026-02-15T08:33:15.421570,5,walk-in,2026-02-15T08:36:32.952780,2026-02-15T08:36:32.952780,True,False,ED,discharge,2026-02-15T09:09:21.796796,0.0,36.11
P000977,2026-02-15T08:44:25.526827,5,walk-in,2026-02-15T08:47:48.776577,2026-02-15T08:47:48.776577,False,False,ED,discharge,2026-02-15T09:39:19.734485,0.0,54.9
P000978,2026-02-15T08:58:00.017288,4,walk-in,2026-02-15T09:04:52.065591,2026-02-15T09:04:52.065591,True,False,ED,discharge,2026-02-15T09:55:25.399257,0.0,57.42
P000979,2026-02-15T09:01:42.910499,3,walk-in,2026-02-15T09:11:35.575013,2026-02-15T09:11:35.575013,False,False,ED,discharge,2026-02-15T14:39:37.120381,0.0,337.9
P000980,2026-02-15T09:03:11.295976,3,walk-in,2026-02-15T09:07:46.688848,2026-02-15T09:07:46.688848,False,False,ED,discharge,2026-02-15T11:07:46.688848,0.0,124.59
P000981,2026-02-15T09:04:40.860223,4,walk-in,2026-02-15T09:08:13.037127,2026-02-15T09:08:13.037127,True,False,ED,discharge,2026-02-15T09:51:20.516354,0.0,46.66
P000982,2026-02-15T09:15:49.723321,4,walk-in,2026-02-15T09:20:52.536664,2026-02-15T09:20:52.536664,False,False,ED,discharge,2026-02-15T11:14:51.919276,0.0,119.04
P000983,2026-02-15T09:35:06.809411,3,walk-in,2026-02-15T09:40:36.731903,2026-02-15T09:40:36.731903,False,False,ED,admit,2026-02-15T14:48:14.697947,0.0,313.13
P000984,2026-02-15T09:37:12.794667,4,walk-in,2026-02-15T09:44:47.325093,2026-02-15T09:44:47.325093,False,False,ED,discharge,2026-02-15T10:53:44.569007,0.0,76.53
P000985,2026-02-15T09:47:08.619545,4,walk-in,2026-02-15T09:52:06.128760,2026-02-15T09:52:06.128760,False,False,ED,discharge,2026-02-15T11:13:15.588643,0.0,86.12
P000986,2026-02-15T09:57:17.331865,4,walk-in,2026-02-15T10:02:53.735659,2026-02-15T10:02:53.735659,False,False,ED,discharge,2026-02-15T11:07:32.695012,0.0,70.26
P000987,2026-02-15T10:04:37.117445,2,walk-in,2026-02-15T10:07:51.295042,2026-02-15T10:07:51.295042,True,True,ED,admit,2026-02-15T11:59:17.171988,0.0,114.67
P000988,2026-02-15T10:04:58.059387,3,walk-in,2026-02-15T10:11:26.109536,2026-02-15T10:11:26.109536,False,False,ED,discharge,2026-02-15T14:45:39.876624,0.0,280.7
P000989,2026-02-15T10:05:08.152538,2,walk-in,2026-02-15T10:11:55.603188,2026-02-15T10:11:55.603188,True,True,ED,discharge,2026-02-15T15:12:53.547376,0.0,307.76
P000990,2026-02-15T10:05:52.125712,5,walk-in,2026-02-15T10:14:32.428060,2026-02-15T10:14:32.428060,False,False,ED,discharge,2026-02-15T11:09:20.894378,0.0,63.48
P000991,2026-02-15T10:06:33.789591,4,walk-in,2026-02-15T10:09:57.779400,2026-02-15T10:09:57.779400,True,False,ED,discharge,2026-02-15T11:00:56.007902,0.0,54.37
P000992,2026-02-15T10:09:51.106770,4,walk-in,2026-02-15T10:16:05.777835,2026-02-15T10:16:05.777835,False,False,ED,discharge,2026-02-15T12:01:17.850158,0.0,111.45
P000993,2026-02-15T10:17:17.735833,5,walk-in,2026-02-15T10:20:24.112867,2026-02-15T10:20:24.112867,False,False,ED,discharge,2026-02-15T11:22:50.752556,0.0,65.55
P000994,2026-02-15T10:18:38.648882,4,walk-in,2026-02-15T10:24:24.381388,2026-02-15T10:24:24.381388,False,False,ED,discharge,2026-02-15T12:02:21.346817,0.0,103.71
P000995,2026-02-15T10:18:39.206984,2,walk-in,2026-02-15T10:23:54.022528,2026-02-15T10:23:54.022528,True,True,ED,admit,2026-02-15T11:54:34.276637,0.0,95.92
P000996,2026-02-15T10:18:54.404996,3,transfer,2026-02-15T10:25:16.092318,2026-02-15T10:25:16.092318,False,False,ED,discharge,2026-02-15T17:02:35.662188,0.0,403.69
P000997,2026-02-15T10:21:00.785648,3,walk-in,2026-02-15T10:25:16.303290,2026-02-15T10:25:16.303290,False,False,ED,discharge,2026-02-15T13:46:24.105707,0.0,205.39
P000998,2026-02-15T10:25:49.162183,4,walk-in,2026-02-15T10:33:08.700891,2026-02-15T10:33:08.700891,True,False,ED,discharge,2026-02-15T11:27:53.209654,0.0,62.07
P000999,2026-02-15T10:30:43.944464,2,walk-in,2026-02-15T10:34:09.485868,2026-02-15T10:34:09.485868,False,True,ED,discharge,2026-02-15T12:04:09.485868,0.0,93.43
P001000,2026-02-15T10:40:44.638905,4,walk-in,2026-02-15T10:48:46.333010,2026-02-15T10:48:46.333010,False,False,ED,discharge,2026-02-15T11:35:14.455469,0.0,54.5
P001001,2026-02-15T10:44:10.271264,3,walk-in,2026-02-15T10:52:55.802300,2026-02-15T10:52:55.802300,False,False,ED,discharge,2026-02-15T16:13:05.625465,0.0,328.92
P001002,2026-02-15T10:51:32.437957,3,walk-in,2026-02-15T10:56:53.131987,2026-02-15T10:56:53.131987,False,False,ED,discharge,2026-02-15T20:55:09.242282,0.0,603.61
P001003,2026-02-15T10:52:11.392968,2,walk-in,2026-02-15T11:01:34.379485,2026-02-15T11:01:34.379485,True,False,ED,admit,2026-02-15T14:18:48.840045,0.0,206.62
P001004,2026-02-15T10:53:38.752996,4,walk-in,2026-02-15T11:00:42.977325,2026-02-15T11:00:42.977325,False,False,ED,discharge,2026-02-15T13:59:49.875392,0.0,186.19
P001005,2026-02-15T10:54:24.003960,5,walk-in,2026-02-15T10:57:56.474765,2026-02-15T10:57:56.474765,False,False,ED,discharge,2026-02-15T11:48:53.843529,0.0,54.5
P001006,2026-02-15T10:55:36.939791,4,walk-in,2026-02-15T11:03:44.818969,2026-02-15T11:03:44.818969,False,False,ED,discharge,2026-02-15T11:48:25.731741,0.0,52.81
P001007,2026-02-15T10:59:45.291322,3,walk-in,2026-02-15T11:04:48.378752,2026-02-15T11:04:48.378752,True,False,ED,discharge,2026-02-15T15:45:27.126384,0.0,285.7
P001008,2026-02-15T11:02:27.959918,3,walk-in,2026-02-15T11:06:16.435024,2026-02-15T11:06:16.435024,True,False,ED,discharge,2026-02-15T13:51:42.461812,0.0,169.24
P001009,2026-02-15T11:10:39.054187,5,walk-in,2026-02-15T11:17:53.245992,2026-02-15T11:17:53.245992,False,False,ED,discharge,2026-02-15T12:17:17.139298,0.0,66.63
P001010,2026-02-15T11:17:16.773179,2,walk-in,2026-02-15T11:25:42.881453,2026-02-15T11:25:42.881453,True,False,ICU,admit,2026-02-15T15:01:19.382364,0.0,224.04
P001011,2026-02-15T11:27:14.479075,2,walk-in,2026-02-15T11:37:07.443130,2026-02-15T11:37:07.443130,True,False,ED,discharge,2026-02-15T17:10:50.746801,0.0,343.6
P001012,2026-02-15T11:34:41.402702,5,walk-in,2026-02-15T11:38:32.134017,2026-02-15T11:38:32.134017,False,False,ED,discharge,2026-02-15T12:22:49.288192,0.0,48.13
P001013,2026-02-15T11:43:51.112490,3,walk-in,2026-02-15T11:53:46.884553,2026-02-15T11:53:46.884553,True,False,ED,admit,2026-02-15T14:48:22.151389,0.0,184.52
P001014,2026-02-15T11:44:39.714429,3,walk-in,2026-02-15T11:51:33.629557,2026-02-15T11:51:33.629557,False,True,ED,discharge,2026-02-15T20:03:28.692807,0.0,498.82
P001015,2026-02-15T11:56:05.567333,5,walk-in,2026-02-15T12:04:15.841671,2026-02-15T12:04:15.841671,False,False,ED,discharge,2026-02-15T12:36:45.257278,0.0,40.66
P001016,2026-02-15T11:58:30.232860,4,walk-in,2026-02-15T12:04:50.617400,2026-02-15T12:04:50.617400,True,False,ED,discharge,2026-02-15T15:49:47.862940,0.0,231.29
P001017,2026-02-15T12:00:21.430246,5,walk-in,2026-02-15T12:05:56.777288,2026-02-15T12:05:56.777288,False,False,ED,discharge,2026-02-15T12:33:50.671343,0.0,33.49
P001018,2026-02-15T12:01:39.622578,4,walk-in,2026-02-15T12:05:20.319991,2026-02-15T12:05:20.319991,False,False,ED,discharge,2026-02-15T14:23:10.382289,0.0,141.51
P001019,2026-02-15T12:03:15.646443,3,walk-in,2026-02-15T12:08:29.449329,2026-02-15T12:08:29.449329,True,True,ED,discharge,2026-02-15T14:34:43.442867,0.0,151.46
P001020,2026-02-15T12:17:38.421220,5,walk-in,2026-02-15T12:24:16.457908,2026-02-15T12:24:16.457908,False,False,ED,discharge,2026-02-15T13:07:04.160026,0.0,49.43
P001021,2026-02-15T12:25:13.820394,3,walk-in,2026-02-15T12:30:14.981499,2026-02-15T12:30:14.981499,False,False,ED,admit,2026-02-15T18:06:48.454634,0.0,341.58
P001022,2026-02-15T12:35:38.576995,4,walk-in,2026-02-15T12:40:05.451102,2026-02-15T12:40:05.451102,False,False,ED,discharge,2026-02-15T16:29:58.104979,0.0,234.33
P001023,2026-02-15T12:40:52.177889,4,ambulance,2026-02-15T12:49:41.829777,2026-02-15T12:49:41.829777,True,False,ED,discharge,2026-02-15T13:29:41.829777,0.0,48.83
P001024,2026-02-15T12:44:05.334015,4,walk-in,2026-02-15T12:52:54.369897,2026-02-15T12:52:54.369897,False,False,ED,discharge,2026-02-15T14:43:17.485831,0.0,119.2
P001025,2026-02-15T12:45:21.083240,3,walk-in,2026-02-15T12:55:18.175685,2026-02-15T12:55:18.175685,False,True,ED,discharge,2026-02-15T15:11:49.692760,0.0,146.48
P001026,2026-02-15T12:58:00.864534,4,walk-in,2026-02-15T13:03:18.253135,2026-02-15T13:03:18.253135,False,False,ED,discharge,2026-02-15T13:43:18.253135,0.0,45.29
P001027,2026-02-15T12:58:05.350928,3,walk-in,2026-02-15T13:04:07.369530,2026-02-15T13:04:07.369530,False,False,ED,admit,2026-02-15T16:47:34.774029,0.0,229.49
P001028,2026-02-15T12:59:38.197350,4,walk-in,2026-02-15T13:02:53.164548,2026-02-15T13:02:53.164548,False,True,ED,discharge,2026-02-15T13:42:53.164548,0.0,43.25
P001029,2026-02-15T13:03:11.365459,3,walk-in,2026-02-15T13:11:53.190377,2026-02-15T13:11:53.190377,False,False,ED,admit,2026-02-16T01:11:53.190377,0.0,728.7
P001030,2026-02-15T13:10:02.297055,5,walk-in,2026-02-15T13:18:17.064365,2026-02-15T13:18:17.064365,True,False,ED,discharge,2026-02-15T14:05:57.884994,0.0,55.93
P001031,2026-02-15T13:13:24.756901,3,walk-in,2026-02-15T13:20:29.994462,2026-02-15T13:20:29.994462,False,False,ED,discharge,2026-02-15T19:23:08.026963,0.0,369.72
P001032,2026-02-15T13:14:39.724098,3,walk-in,2026-02-15T13:19:42.412783,2026-02-15T13:19:42.412783,False,False,ED,discharge,2026-02-15T15:53:32.973361,0.0,158.89
P001033,2026-02-15T13:19:52.707347,2,walk-in,2026-02-15T13:28:09.791010,2026-02-15T13:28:09.791010,True,False,ED,discharge,2026-02-15T19:14:36.424914,0.0,354.73
P001034,2026-02-15T13:20:35.787995,2,walk-in,2026-02-15T13:25:49.728496,2026-02-15T13:25:49.728496,True,False,ED,discharge,2026-02-15T17:26:56.078454,0.0,246.34
P001035,2026-02-15T13:21:16.676056,3,walk-in,2026-02-15T13:25:55.317273,2026-02-15T13:25:55.317273,True,False,ED,discharge,2026-02-15T15:25:55.317273,0.0,124.64
P001036,2026-02-15T13:21:51.441595,2,walk-in,2026-02-15T13:26:41.315801,2026-02-15T13:26:41.315801,True,True,ED,admit,2026-02-15T14:57:51.970340,0.0,96.01
P001037,2026-02-15T13:29:37.018418,4,walk-in,2026-02-15T13:38:20.798743,2026-02-15T13:38:20.798743,False,False,ED,discharge,2026-02-15T16:15:17.513003,0.0,165.67
P001038,2026-02-15T13:41:15.988909,3,walk-in,2026-02-15T13:50:54.097583,2026-02-15T13:50:54.097583,False,False,ED,admit,2026-02-16T01:17:50.644287,0.0,696.58
P001039,2026-02-15T14:03:11.495816,2,walk-in,2026-02-15T14:12:34.631813,2026-02-15T14:12:34.631813,False,False,ED,admit,2026-02-15T18:17:14.746332,0.0,254.05
P001040,2026-02-15T14:07:15.723903,3,walk-in,2026-02-15T14:11:21.660926,2026-02-15T14:11:21.660926,False,False,ED,discharge,2026-02-15T20:36:02.598630,0.0,388.78
P001041,2026-02-15T14:17:36.035472,3,walk-in,2026-02-15T14:27:10.841266,2026-02-15T14:27:10.841266,True,True,ED,discharge,2026-02-15T16:27:10.841266,0.0,129.58
P001042,2026-02-15T14:22:33.477398,3,walk-in,2026-02-15T14:26:39.394511,2026-02-15T14:26:39.394511,False,False,ED,discharge,2026-02-15T18:33:30.178163,0.0,250.95
P001043,2026-02-15T14:29:17.906428,4,walk-in,2026-02-15T14:33:13.007568,2026-02-15T14:33:13.007568,False,False,ED,discharge,2026-02-15T16:34:34.478554,0.0,125.28
P001044,2026-02-15T14:31:39.520697,4,walk-in,2026-02-15T14:37:33.980307,2026-02-15T14:37:33.980307,True,False,ED,discharge,2026-02-15T16:48:07.862235,0.0,136.47
P001045,2026-02-15T14:37:41.947778,3,walk-in,2026-02-15T14:42:53.067454,2026-02-15T14:42:53.067454,False,False,ED,discharge,2026-02-16T00:24:10.832665,0.0,586.48
P001046,2026-02-15T14:40:44.123560,3,walk-in,2026-02-15T14:48:19.664858,2026-02-15T14:48:19.664858,False,False,ED,discharge,2026-02-16T00:01:43.140166,0.0,560.98
P001047,2026-02-15T14:44:01.976175,5,walk-in,2026-02-15T14:48:44.714071,2026-02-15T14:48:44.714071,True,False,ED,discharge,2026-02-15T15:28:56.985667,0.0,44.92
P001048,2026-02-15T14:52:22.340395,4,walk-in,2026-02-15T14:56:56.445956,2026-02-15T14:56:56.445956,False,False,ED,discharge,2026-02-15T15:49:23.958025,0.0,57.03
P001049,2026-02-15T14:57:26.970313,3,walk-in,2026-02-15T15:07:16.813633,2026-02-15T15:07:16.813633,True,False,ED,discharge,2026-02-15T22:37:49.456434,0.0,460.37
P001050,2026-02-15T14:58:10.349511,3,walk-in,2026-02-15T15:05:29.274669,2026-02-15T15:05:29.274669,False,False,ED,discharge,2026-02-15T19:42:00.875498,0.0,283.84
P001051,2026-02-15T15:00:02.310161,3,walk-in,2026-02-15T15:04:05.567190,2026-02-15T15:04:05.567190,False,False,ED,discharge,2026-02-16T03:04:05.567190,0.0,724.05
P001052,2026-02-15T15:08:29.879253,4,walk-in,2026-02-15T15:17:03.651485,2026-02-15T15:17:03.651485,False,False,ED,discharge,2026-02-15T16:14:52.976567,0.0,66.38
P001053,2026-02-15T15:08:50.243043,4,transfer,2026-02-15T15:12:24.445453,2026-02-15T15:12:24.445453,True,False,ED,discharge,2026-02-15T17:57:33.108879,0.0,168.71
P001054,2026-02-15T15:18:08.603947,3,walk-in,2026-02-15T15:22:18.406676,2026-02-15T15:22:18.406676,False,False,ED,admit,2026-02-15T18:14:08.749332,0.0,176.0
P001055,2026-02-15T15:20:00.540436,3,walk-in,2026-02-15T15:26:50.316157,2026-02-15T15:26:50.316157,False,False,ED,discharge,2026-02-15T20:20:29.184992,0.0,300.48
P001056,2026-02-15T15:26:00.454643,5,walk-in,2026-02-15T15:32:39.896286,2026-02-15T15:32:39.896286,False,False,ED,discharge,2026-02-15T16:33:24.845557,0.0,67.41
P001057,2026-02-15T15:27:09.507298,4,walk-in,2026-02-15T15:33:47.646807,2026-02-15T15:33:47.646807,False,False,ED,discharge,2026-02-15T17:44:27.297387,0.0,137.3
P001058,2026-02-15T15:39:51.553156,4,walk-in,2026-02-15T15:43:48.395639,2026-02-15T15:43:48.395639,False,False,ED,discharge,2026-02-15T16:47:26.426050,0.0,67.58
P001059,2026-02-15T15:43:55.205794,5,walk-in,2026-02-15T15:48:14.029053,2026-02-15T15:48:14.029053,False,False,ED,discharge,2026-02-15T16:38:21.829578,0.0,54.44
P001060,2026-02-15T15:44:06.965804,3,walk-in,2026-02-15T15:49:34.155977,2026-02-15T15:49:34.155977,False,False,ED,admit,2026-02-15T22:20:23.478370,0.0,396.28
P001061,2026-02-15T15:46:07.987362,5,walk-in,2026-02-15T15:51:16.402497,2026-02-15T15:51:16.402497,False,False,ED,discharge,2026-02-15T16:30:07.349155,0.0,43.99
P001062,2026-02-15T15:57:32.298182,4,walk-in,2026-02-15T16:01:36.315339,2026-02-15T16:01:36.315339,False,False,ED,discharge,2026-02-15T18:48:01.483907,0.0,170.49
P001063,2026-02-15T15:57:55.631018,4,walk-in,2026-02-15T16:06:19.862065,2026-02-15T16:06:19.862065,False,False,ED,discharge,2026-02-15T18:25:26.109785,0.0,147.51
P001064,2026-02-15T15:58:34.858030,4,walk-in,2026-02-15T16:02:45.459773,2026-02-15T16:02:45.459773,False,False,ED,discharge,2026-02-15T17:32:06.589770,0.0,93.53
P001065,2026-02-15T16:11:58.223993,5,walk-in,2026-02-15T16:21:14.524397,2026-02-15T16:21:14.524397,False,False,ED,discharge,2026-02-15T16:57:22.907968,0.0,45.41
P001066,2026-02-15T16:23:30.869123,3,walk-in,2026-02-15T16:27:20.133651,2026-02-15T16:27:20.133651,False,False,ED,discharge,2026-02-15T18:47:51.157290,0.0,144.34
P001067,2026-02-15T16:27:58.742901,4,walk-in,2026-02-15T16:36:52.463214,2026-02-15T16:36:52.463214,False,False,ED,discharge,2026-02-15T18:04:08.696687,0.0,96.17
P001068,2026-02-15T16:28:06.163948,4,walk-in,2026-02-15T16:34:32.003220,2026-02-15T16:34:32.003220,False,False,ED,discharge,2026-02-15T17:27:46.933240,0.0,59.68
P001069,2026-02-15T16:28:36.329985,3,walk-in,2026-02-15T16:36:17.746406,2026-02-15T16:36:17.746406,False,False,ED,admit,2026-02-15T21:46:33.143175,0.0,317.95
P001070,2026-02-15T16:44:21.708321,5,walk-in,2026-02-15T16:48:36.890673,2026-02-15T16:48:36.890673,False,True,ED,discharge,2026-02-15T17:31:28.952693,0.0,47.12
P001071,2026-02-15T16:51:08.120505,2,walk-in,2026-02-15T16:55:54.699842,2026-02-15T16:55:54.699842,False,False,ICU,admit,2026-02-15T20:35:24.932532,0.0,224.28
P001072,2026-02-15T16:51:11.122805,3,ambulance,2026-02-15T16:59:03.232417,2026-02-15T16:59:03.232417,True,False,ED,admit,2026-02-16T00:14:30.674062,0.0,443.33
P001073,2026-02-15T16:53:28.940699,5,walk-in,2026-02-15T16:59:54.866903,2026-02-15T16:59:54.866903,False,False,ED,discharge,2026-02-15T17:21:47.392443,0.0,28.31
P001074,2026-02-15T17:01:14.618200,2,ambulance,2026-02-15T17:10:30.209557,2026-02-15T17:10:30.209557,True,False,ED,discharge,2026-02-15T22:25:39.361803,0.0,324.41
P001075,2026-02-15T17:11:16.632502,2,walk-in,2026-02-15T17:14:42.809200,2026-02-15T17:14:42.809200,True,False,ED,admit,2026-02-15T22:39:43.429225,0.0,328.45
P001076,2026-02-15T17:23:33.573561,4,ambulance,2026-02-15T17:32:25.228443,2026-02-15T17:32:25.228443,False,False,ED,discharge,2026-02-15T19:53:48.826959,0.0,150.25
P001077,2026-02-15T17:51:25.042178,4,walk-in,2026-02-15T17:57:14.374874,2026-02-15T17:57:14.374874,False,False,ED,discharge,2026-02-15T18:53:26.083662,0.0,62.02
P001078,2026-02-15T17:58:23.846117,3,walk-in,2026-02-15T18:01:59.112971,2026-02-15T18:01:59.112971,False,False,ED,discharge,2026-02-15T20:45:56.904332,0.0,167.55
P001079,2026-02-15T18:00:56.132639,4,ambulance,2026-02-15T18:05:51.113157,2026-02-15T18:05:51.113157,False,False,ED,discharge,2026-02-15T19:26:26.729713,0.0,85.51
P001080,2026-02-15T18:11:16.502748,4,walk-in,2026-02-15T18:15:05.332658,2026-02-15T18:15:05.332658,True,False,ED,discharge,2026-02-15T18:55:05.332658,0.0,43.81
P001081,2026-02-15T18:17:18.270721,4,walk-in,2026-02-15T18:22:55.573136,2026-02-15T18:22:55.573136,True,False,ED,discharge,2026-02-15T19:03:12.949000,0.0,45.91
P001082,2026-02-15T18:34:02.160228,4,walk-in,2026-02-15T18:38:22.416373,2026-02-15T18:38:22.416373,False,False,ED,discharge,2026-02-15T19:53:08.475863,0.0,79.11
P001083,2026-02-15T18:38:13.360735,3,walk-in,2026-02-15T18:42:32.423757,2026-02-15T18:42:32.423757,False,False,ED,discharge,2026-02-15T21:27:58.037244,0.0,169.74
P001084,2026-02-15T18:52:29.679141,3,walk-in,2026-02-15T18:59:32.731530,2026-02-15T18:59:32.731530,False,False,ED,discharge,2026-02-15T20:59:32.731530,0.0,127.05
P001085,2026-02-15T19:30:48.470553,4,walk-in,2026-02-15T19:37:34.409042,2026-02-15T19:37:34.409042,False,False,ED,discharge,2026-02-15T20:18:20.047081,0.0,47.53
P001086,2026-02-15T19:45:37.756650,4,walk-in,2026-02-15T19:53:31.611257,2026-02-15T19:53:31.611257,False,False,ED,discharge,2026-02-15T22:41:44.510484,0.0,176.11
P001087,2026-02-15T20:08:30.601159,3,ambulance,2026-02-15T20:12:19.026397,2026-02-15T20:12:19.026397,False,False,ED,discharge,2026-02-16T03:40:14.981551,0.0,451.74
P001088,2026-02-15T20:16:05.761019,3,walk-in,2026-02-15T20:23:12.885147,2026-02-15T20:23:12.885147,True,False,ED,discharge,2026-02-16T00:41:56.651987,0.0,265.85
P001089,2026-02-15T20:23:27.694412,3,walk-in,2026-02-15T20:27:09.781641,2026-02-15T20:27:09.781641,False,False,ED,discharge,2026-02-16T00:17:37.600888,0.0,234.17
P001090,2026-02-15T20:26:12.814136,2,walk-in,2026-02-15T20:32:24.521320,2026-02-15T20:32:24.521320,True,False,ED,admit,2026-02-16T01:00:46.355871,0.0,274.56
P001091,2026-02-15T20:26:57.369648,3,walk-in,2026-02-15T20:32:03.442433,2026-02-15T20:32:03.442433,False,False,ED,admit,2026-02-15T23:11:29.785338,0.0,164.54
P001092,2026-02-15T20:35:44.676746,3,walk-in,2026-02-15T20:44:09.787174,2026-02-15T20:44:09.787174,False,False,ED,admit,2026-02-15T22:44:09.787174,0.0,128.42
P001093,2026-02-15T20:40:43.685493,5,walk-in,2026-02-15T20:45:07.039593,2026-02-15T20:45:07.039593,False,False,ED,discharge,2026-02-15T21:26:49.594640,0.0,46.1
P001094,2026-02-15T20:44:42.093576,5,walk-in,2026-02-15T20:49:51.988463,2026-02-15T20:49:51.988463,False,False,ED,discharge,2026-02-15T21:34:56.502806,0.0,50.24
P001095,2026-02-15T21:13:07.625391,5,walk-in,2026-02-15T21:16:41.383005,2026-02-15T21:16:41.383005,False,False,ED,discharge,2026-02-15T22:02:01.701894,0.0,48.9
P001096,2026-02-15T22:03:36.960942,4,walk-in,2026-02-15T22:09:14.149222,2026-02-15T22:09:14.149222,False,False,ED,discharge,2026-02-15T23:09:35.942388,0.0,65.98
P001097,2026-02-15T22:29:56.137268,4,walk-in,2026-02-15T22:37:52.751390,2026-02-15T22:37:52.751390,False,False,ED,discharge,2026-02-15T23:17:52.751390,0.0,47.94
P001098,2026-02-15T22:31:36.864765,2,walk-in,2026-02-15T22:40:54.033707,2026-02-15T22:40:54.033707,False,False,ED,admit,2026-02-16T01:51:10.932974,0.0,199.57
P001099,2026-02-15T23:00:23.222882,4,walk-in,2026-02-15T23:04:56.334380,2026-02-15T23:04:56.334380,False,False,ED,discharge,2026-02-16T00:36:42.470895,0.0,96.32
P001100,2026-02-15T23:15:26.422244,4,walk-in,2026-02-15T23:23:42.129717,2026-02-15T23:23:42.129717,False,False,ED,discharge,2026-02-16T00:56:32.496565,0.0,101.1
P001101,2026-02-15T23:50:07.292512,3,walk-in,2026-02-15T23:56:06.091266,2026-02-15T23:56:06.091266,True,False,ED,discharge,2026-02-16T06:06:21.506190,0.0,376.24
P001102,2026-02-15T23:51:22.555887,5,walk-in,2026-02-15T23:55:31.243895,2026-02-15T23:55:31.243895,False,False,ED,discharge,2026-02-16T01:11:21.669862,0.0,79.99
P001103,2026-02-16T00:01:56.361246,3,walk-in,2026-02-16T00:06:07.933499,2026-02-16T00:06:07.933499,False,False,ED,admit,2026-02-16T03:17:11.055058,0.0,195.24
P001104,2026-02-16T00:19:08.492802,3,walk-in,2026-02-16T00:25:49.092288,2026-02-16T00:25:49.092288,True,False,ED,admit,2026-02-16T07:42:20.498243,0.0,443.2
P001105,2026-02-16T00:20:26.145520,3,walk-in,2026-02-16T00:25:00.355716,2026-02-16T00:25:00.355716,True,False,ED,discharge,2026-02-16T03:15:56.063015,0.0,175.5
P001106,2026-02-16T01:12:41.983357,4,walk-in,2026-02-16T01:21:34.773754,2026-02-16T01:21:34.773754,False,False,ED,discharge,2026-02-16T02:17:17.451982,0.0,64.59
P001107,2026-02-16T01:28:50.907230,2,walk-in,2026-02-16T01:34:38.273544,2026-02-16T01:34:38.273544,True,True,ICU,discharge,2026-02-16T03:38:05.012904,0.0,129.24
P001108,2026-02-16T01:37:29.505711,4,transfer,2026-02-16T01:40:53.015127,2026-02-16T01:40:53.015127,False,False,ED,discharge,2026-02-16T02:47:21.257876,0.0,69.86
P001109,2026-02-16T01:51:08.250040,4,walk-in,2026-02-16T01:55:51.186602,2026-02-16T01:55:51.186602,False,False,ED,discharge,2026-02-16T02:45:43.982782,0.0,54.6
P001110,2026-02-16T01:58:24.085447,2,walk-in,2026-02-16T02:01:50.826400,2026-02-16T02:01:50.826400,False,False,ICU,admit,2026-02-16T04:30:04.728948,0.0,151.68
P001111,2026-02-16T02:44:19.249102,3,walk-in,2026-02-16T02:50:34.243045,2026-02-16T02:50:34.243045,False,False,ED,discharge,2026-02-16T05:54:18.520003,0.0,189.99
P001112,2026-02-16T06:25:01.522600,2,ambulance,2026-02-16T06:31:49.317510,2026-02-16T06:31:49.317510,True,False,ED,discharge,2026-02-16T09:24:51.168414,0.0,179.83
P001113,2026-02-16T06:53:57.103121,5,walk-in,2026-02-16T07:03:09.440464,2026-02-16T07:03:09.440464,False,False,ED,discharge,2026-02-16T07:35:13.240643,0.0,41.27
P001114,2026-02-16T07:11:29.917094,4,walk-in,2026-02-16T07:17:56.811253,2026-02-16T07:17:56.811253,False,False,ED,discharge,2026-02-16T08:14:34.563268,0.0,63.08
P001115,2026-02-16T07:22:13.065284,3,walk-in,2026-02-16T07:26:57.654525,2026-02-16T07:26:57.654525,True,False,ED,admit,2026-02-16T09:26:57.654525,0.0,124.74
P001116,2026-02-16T07:38:31.328057,3,walk-in,2026-02-16T07:48:20.556901,2026-02-16T07:48:20.556901,False,False,ED,discharge,2026-02-16T15:40:39.670750,0.0,482.14
P001117,2026-02-16T07:43:36.434655,3,walk-in,2026-02-16T07:49:42.577955,2026-02-16T07:49:42.577955,False,False,ED,discharge,2026-02-16T12:48:05.997656,0.0,304.49
P001118,2026-02-16T07:46:35.747502,3,walk-in,2026-02-16T07:53:18.515300,2026-02-16T07:53:18.515300,True,False,ED,discharge,2026-02-16T09:53:18.515300,0.0,126.71
P001119,2026-02-16T07:53:05.128320,2,ambulance,2026-02-16T08:01:27.015221,2026-02-16T08:01:27.015221,False,False,ED,discharge,2026-02-16T15:23:00.591050,0.0,449.92
P001120,2026-02-16T08:08:45.541462,4,walk-in,2026-02-16T08:17:13.038525,2026-02-16T08:17:13.038525,False,False,ED,discharge,2026-02-16T12:08:57.684447,0.0,240.2
P001121,2026-02-16T08:17:18.349549,3,walk-in,2026-02-16T08:22:38.512858,2026-02-16T08:22:38.512858,False,False,ED,discharge,2026-02-16T10:39:40.517440,0.0,142.37
P001122,2026-02-16T08:17:32.398365,4,walk-in,2026-02-16T08:27:19.243945,2026-02-16T08:27:19.243945,False,False,ED,discharge,2026-02-16T10:09:26.686091,0.0,111.9
P001123,2026-02-16T08:21:05.854961,2,walk-in,2026-02-16T08:25:33.470759,2026-02-16T08:25:33.470759,False,True,ED,admit,2026-02-16T10:56:04.688817,0.0,154.98
P001124,2026-02-16T08:22:08.631558,4,walk-in,2026-02-16T08:26:38.923097,2026-02-16T08:26:38.923097,False,False,ED,discharge,2026-02-16T11:27:11.721515,0.0,185.05
P001125,2026-02-16T08:24:46.414996,3,walk-in,2026-02-16T08:32:49.345867,2026-02-16T08:32:49.345867,False,False,ED,admit,2026-02-16T10:56:12.219403,0.0,151.43
P001126,2026-02-16T08:36:25.638274,3,walk-in,2026-02-16T08:43:40.454308,2026-02-16T08:43:40.454308,False,True,ED,discharge,2026-02-16T10:43:40.454308,0.0,127.25
P001127,2026-02-16T08:37:11.713061,3,walk-in,2026-02-16T08:40:58.345993,2026-02-16T08:40:58.345993,True,False,ED,discharge,2026-02-16T13:13:03.221415,0.0,275.86
P001128,2026-02-16T08:46:39.088847,2,ambulance,2026-02-16T08:51:03.086456,2026-02-16T08:51:03.086456,True,True,ED,discharge,2026-02-16T11:03:58.216170,0.0,137.32
P001129,2026-02-16T09:01:05.062524,3,walk-in,2026-02-16T09:06:07.458666,2026-02-16T09:06:07.458666,True,False,ED,discharge,2026-02-16T14:13:50.785164,0.0,312.76
P001130,2026-02-16T09:22:15.064027,4,walk-in,2026-02-16T09:28:22.316983,2026-02-16T09:28:22.316983,False,False,ED,discharge,2026-02-16T10:08:22.316983,0.0,46.12
P001131,2026-02-16T09:41:51.811312,3,walk-in,2026-02-16T09:49:47.516642,2026-02-16T09:49:47.516642,True,False,ED,discharge,2026-02-16T16:29:04.662664,0.0,407.21
P001132,2026-02-16T09:54:26.211187,3,ambulance,2026-02-16T10:01:08.138087,2026-02-16T10:01:08.138087,False,False,ED,discharge,2026-02-16T16:26:52.747101,0.0,392.44
P001133,2026-02-16T09:59:05.526978,2,walk-in,2026-02-16T10:07:40.803841,2026-02-16T10:07:40.803841,False,False,ED,discharge,2026-02-16T12:16:35.689975,0.0,137.5
P001134,2026-02-16T09:59:31.671262,5,walk-in,2026-02-16T10:06:15.011486,2026-02-16T10:06:15.011486,False,False,ED,discharge,2026-02-16T10:33:43.216146,0.0,34.19
P001135,2026-02-16T10:05:02.568694,4,transfer,2026-02-16T10:13:18.369781,2026-02-16T10:13:18.369781,False,False,ED,discharge,2026-02-16T10:53:18.369781,0.0,48.26
P001136,2026-02-16T10:07:17.585204,4,walk-in,2026-02-16T10:14:49.677947,2026-02-16T10:14:49.677947,False,False,ED,discharge,2026-02-16T12:05:56.564902,0.0,118.65
P001137,2026-02-16T10:17:43.051451,3,ambulance,2026-02-16T10:24:44.441344,2026-02-16T10:24:44.441344,True,False,ED,discharge,2026-02-16T14:56:53.473008,0.0,279.17
P001138,2026-02-16T10:18:11.525109,3,walk-in,2026-02-16T10:23:28.705206,2026-02-16T10:23:28.705206,False,False,ED,discharge,2026-02-16T18:25:25.629800,0.0,487.24
P001139,2026-02-16T10:20:14.862281,3,walk-in,2026-02-16T10:29:19.104393,2026-02-16T10:29:19.104393,True,False,ED,discharge,2026-02-16T14:49:46.694867,0.0,269.53
P001140,2026-02-16T10:31:57.596541,4,walk-in,2026-02-16T10:38:44.428566,2026-02-16T10:38:44.428566,False,False,ED,discharge,2026-02-16T12:09:11.355802,0.0,97.23
P001141,2026-02-16T10:35:03.245187,3,walk-in,2026-02-16T10:41:01.444315,2026-02-16T10:41:01.444315,True,False,ED,admit,2026-02-16T13:57:57.458843,0.0,202.9
P001142,2026-02-16T10:35:56.686023,3,walk-in,2026-02-16T10:41:34.233879,2026-02-16T10:41:34.233879,False,False,ED,discharge,2026-02-16T16:04:54.125813,0.0,328.96
P001143,2026-02-16T10:38:02.821846,3,walk-in,2026-02-16T10:42:29.187398,2026-02-16T10:42:29.187398,False,False,ED,discharge,2026-02-16T18:32:02.519326,0.0,473.99
P001144,2026-02-16T10:40:17.182706,2,walk-in,2026-02-16T10:44:07.733203,2026-02-16T10:44:07.733203,True,False,ED,admit,2026-02-16T20:37:18.020558,0.0,597.01
P001145,2026-02-16T10:42:43.320975,3,transfer,2026-02-16T10:51:19.233285,2026-02-16T10:51:19.233285,False,False,ED,admit,2026-02-16T14:38:11.860759,0.0,235.48
P001146,2026-02-16T10:42:57.515679,3,walk-in,2026-02-16T10:48:26.481741,2026-02-16T10:48:26.481741,False,False,ED,admit,2026-02-16T14:58:18.948863,0.0,255.36
P001147,2026-02-16T10:43:16.101724,3,transfer,2026-02-16T10:46:51.571342,2026-02-16T10:46:51.571342,False,False,ED,discharge,2026-02-16T17:28:59.414175,0.0,405.72
P001148,2026-02-16T10:47:56.234759,3,walk-in,2026-02-16T10:52:40.813970,2026-02-16T10:52:40.813970,False,True,ED,discharge,2026-02-16T14:21:50.332952,0.0,213.9
P001149,2026-02-16T10:49:09.009634,4,walk-in,2026-02-16T10:57:46.009349,2026-02-16T10:57:46.009349,False,False,ED,discharge,2026-02-16T12:01:05.075378,0.0,71.93
P001150,2026-02-16T10:49:30.822928,5,walk-in,2026-02-16T10:57:42.448930,2026-02-16T10:57:42.448930,False,False,ED,discharge,2026-02-16T11:48:04.536970,0.0,58.56
P001151,2026-02-16T10:55:16.234612,3,walk-in,2026-02-16T11:00:24.781835,2026-02-16T11:00:24.781835,False,False,ED,discharge,2026-02-16T13:30:10.931389,0.0,154.91
P001152,2026-02-16T10:58:18.669991,5,walk-in,2026-02-16T11:07:24.921833,2026-02-16T11:07:24.921833,False,False,ED,discharge,2026-02-16T12:31:25.400891,0.0,93.11
P001153,2026-02-16T11:01:03.068375,4,walk-in,2026-02-16T11:04:09.342529,2026-02-16T11:04:09.342529,False,False,ED,discharge,2026-02-16T13:09:38.993145,0.0,128.6
P001154,2026-02-16T11:03:49.400851,4,walk-in,2026-02-16T11:07:45.851117,2026-02-16T11:07:45.851117,False,False,ED,discharge,2026-02-16T13:05:32.270377,0.0,121.71
P001155,2026-02-16T11:08:48.301610,5,walk-in,2026-02-16T11:16:23.978804,2026-02-16T11:16:23.978804,False,False,ED,discharge,2026-02-16T11:39:32.497501,0.0,30.74
P001156,2026-02-16T11:14:59.786715,3,walk-in,2026-02-16T11:18:54.305912,2026-02-16T11:18:54.305912,False,False,ED,discharge,2026-02-16T16:03:16.415554,0.0,288.28
P001157,2026-02-16T11:17:28.385873,3,walk-in,2026-02-16T11:21:12.581721,2026-02-16T11:21:12.581721,True,False,ED,discharge,2026-02-16T13:21:12.581721,0.0,123.74
P001158,2026-02-16T11:17:30.562953,4,walk-in,2026-02-16T11:26:41.667746,2026-02-16T11:26:41.667746,False,False,ED,discharge,2026-02-16T15:54:10.935963,0.0,276.67
P001159,2026-02-16T11:17:34.734896,4,walk-in,2026-02-16T11:20:49.109527,2026-02-16T11:20:49.109527,False,False,ED,discharge,2026-02-16T12:51:00.771142,0.0,93.43
P001160,2026-02-16T11:21:47.428854,2,walk-in,2026-02-16T11:25:55.420640,2026-02-16T11:25:55.420640,True,False,ED,admit,2026-02-16T16:24:52.085451,0.0,303.08
P001161,2026-02-16T11:26:39.779029,4,walk-in,2026-02-16T11:33:42.203651,2026-02-16T11:33:42.203651,False,False,ED,discharge,2026-02-16T12:37:46.389254,0.0,71.11
P001162,2026-02-16T11:27:50.477351,4,walk-in,2026-02-16T11:33:12.124279,2026-02-16T11:33:12.124279,False,False,ED,discharge,2026-02-16T12:49:03.430505,0.0,81.22
P001163,2026-02-16T11:28:22.506241,4,walk-in,2026-02-16T11:36:03.071569,2026-02-16T11:36:03.071569,False,False,ED,discharge,2026-02-16T12:26:40.573157,0.0,58.3
P001164,2026-02-16T11:32:08.257375,2,ambulance,2026-02-16T11:38:20.379419,2026-02-16T11:38:20.379419,True,False,ED,discharge,2026-02-16T17:56:57.596651,0.0,384.82
P001165,2026-02-16T11:38:09.537720,3,walk-in,2026-02-16T11:48:02.948634,2026-02-16T11:48:02.948634,True,False,ED,admit,2026-02-16T13:48:02.948634,0.0,129.89
P001166,2026-02-16T11:38:12.344389,3,walk-in,2026-02-16T11:42:45.524367,2026-02-16T11:42:45.524367,True,False,ED,discharge,2026-02-16T22:02:10.170664,0.0,623.96
P001167,2026-02-16T11:39:11.175269,2,walk-in,2026-02-16T11:45:51.694263,2026-02-16T11:45:51.694263,False,True,ED,admit,2026-02-16T18:21:55.717310,0.0,402.74
P001168,2026-02-16T11:40:28.204933,2,ambulance,2026-02-16T11:47:54.616234,2026-02-16T11:47:54.616234,False,False,ED,admit,2026-02-16T14:49:05.564823,0.0,188.62
P001169,2026-02-16T11:54:46.708525,5,walk-in,2026-02-16T12:03:47.192507,2026-02-16T12:03:47.192507,False,False,ED,discharge,2026-02-16T12:38:40.723134,0.0,43.9
P001170,2026-02-16T11:56:03.037474,5,walk-in,2026-02-16T12:00:00.207823,2026-02-16T12:00:00.207823,False,True,ED,discharge,2026-02-16T13:41:52.600010,0.0,105.83
P001171,2026-02-16T12:01:07.388216,3,walk-in,2026-02-16T12:08:24.897468,2026-02-16T12:08:24.897468,False,True,ED,discharge,2026-02-16T20:45:21.872846,0.0,524.24
P001172,2026-02-16T12:01:20.580511,4,walk-in,2026-02-16T12:06:02.414997,2026-02-16T12:06:02.414997,False,False,ED,discharge,2026-02-16T14:55:05.579806,0.0,173.75
P001173,2026-02-16T12:02:54.756954,4,walk-in,2026-02-16T12:12:39.367038,2026-02-16T12:12:39.367038,False,False,ED,discharge,2026-02-16T13:27:59.446172,0.0,85.08
P001174,2026-02-16T12:04:35.530118,3,walk-in,2026-02-16T12:12:54.975648,2026-02-16T12:12:54.975648,True,True,ED,discharge,2026-02-16T14:12:54.975648,0.0,128.32
P001175,2026-02-16T12:07:47.160995,4,walk-in,2026-02-16T12:15:24.537997,2026-02-16T12:15:24.537997,False,False,ED,discharge,2026-02-16T13:23:13.280231,0.0,75.44
P001176,2026-02-16T12:14:42.169095,5,walk-in,2026-02-16T12:19:36.452266,2026-02-16T12:19:36.452266,False,False,ED,discharge,2026-02-16T13:06:16.998187,0.0,51.58
P001177,2026-02-16T12:17:41.566619,3,walk-in,2026-02-16T12:26:49.588394,2026-02-16T12:26:49.588394,False,False,ED,admit,2026-02-16T16:43:34.732516,0.0,265.89
P001178,2026-02-16T12:22:22.171136,4,walk-in,2026-02-16T12:27:54.441876,2026-02-16T12:27:54.441876,False,False,ED,discharge,2026-02-16T14:10:26.728965,0.0,108.08
P001179,2026-02-16T12:29:10.101784,3,walk-in,2026-02-16T12:38:13.472026,2026-02-16T12:38:13.472026,True,False,ED,discharge,2026-02-16T16:40:56.183771,0.0,251.77
P001180,2026-02-16T12:35:57.294737,4,transfer,2026-02-16T12:39:32.193948,2026-02-16T12:39:32.193948,True,False,ED,discharge,2026-02-16T15:07:15.510892,0.0,151.3
P001181,2026-02-16T12:44:33.256163,4,walk-in,2026-02-16T12:48:16.921654,2026-02-16T12:48:16.921654,False,False,ED,discharge,2026-02-16T14:33:13.501022,0.0,108.67
P001182,2026-02-16T12:45:04.611313,5,walk-in,2026-02-16T12:52:17.309483,2026-02-16T12:52:17.309483,False,False,ED,discharge,2026-02-16T13:24:23.120041,0.0,39.31
P001183,2026-02-16T12:47:14.546215,2,walk-in,2026-02-16T12:52:46.040563,2026-02-16T12:52:46.040563,False,False,ED,admit,2026-02-16T14:48:31.684608,0.0,121.29
P001184,2026-02-16T12:49:20.336728,4,walk-in,2026-02-16T12:56:21.141595,2026-02-16T12:56:21.141595,False,False,ED,discharge,2026-02-16T15:12:09.673631,0.0,142.82
P001185,2026-02-16T12:51:32.603715,4,walk-in,2026-02-16T12:54:43.372755,2026-02-16T12:54:43.372755,False,True,ED,discharge,2026-02-16T16:18:12.665107,0.0,206.67
P001186,2026-02-16T12:55:47.541705,4,walk-in,2026-02-16T13:00:34.017680,2026-02-16T13:00:34.017680,False,False,ED,discharge,2026-02-16T15:37:20.166585,0.0,161.54
P001187,2026-02-16T12:57:44.906495,3,ambulance,2026-02-16T13:03:57.352416,2026-02-16T13:03:57.352416,False,False,ED,discharge,2026-02-16T18:28:15.402481,0.0,330.51
P001188,2026-02-16T12:59:44.973025,3,walk-in,2026-02-16T13:05:11.359465,2026-02-16T13:05:11.359465,False,False,ED,discharge,2026-02-17T01:05:11.359465,0.0,725.44
P001189,2026-02-16T13:06:40.166268,4,walk-in,2026-02-16T13:15:31.385241,2026-02-16T13:15:31.385241,False,False,ED,discharge,2026-02-16T14:27:23.065831,0.0,80.71
P001190,2026-02-16T13:14:41.022399,3,walk-in,2026-02-16T13:20:21.754880,2026-02-16T13:20:21.754880,True,False,ED,admit,2026-02-16T15:20:21.754880,0.0,125.68
P001191,2026-02-16T13:20:06.228631,5,walk-in,2026-02-16T13:29:49.138132,2026-02-16T13:29:49.138132,False,False,ED,discharge,2026-02-16T14:45:08.505425,0.0,85.04
P001192,2026-02-16T13:21:53.502434,4,walk-in,2026-02-16T13:27:40.650352,2026-02-16T13:27:40.650352,False,False,ED,discharge,2026-02-16T14:21:09.514450,0.0,59.27
P001193,2026-02-16T13:22:01.574835,5,walk-in,2026-02-16T13:26:52.190254,2026-02-16T13:26:52.190254,False,False,ED,discharge,2026-02-16T14:19:34.351353,0.0,57.55
P001194,2026-02-16T13:23:00.498564,4,walk-in,2026-02-16T13:28:03.941713,2026-02-16T13:28:03.941713,False,False,ED,discharge,2026-02-16T14:40:57.346017,0.0,77.95
P001195,2026-02-16T13:27:50.090191,2,walk-in,2026-02-16T13:35:30.449149,2026-02-16T13:35:30.449149,True,False,ED,admit,2026-02-16T18:57:02.352654,0.0,329.2
P001196,2026-02-16T13:51:15.277138,4,walk-in,2026-02-16T13:54:20.492847,2026-02-16T13:54:20.492847,False,True,ED,discharge,2026-02-16T15:12:38.821839,0.0,81.39
P001197,2026-02-16T14:10:43.040779,3,walk-in,2026-02-16T14:17:41.636774,2026-02-16T14:17:41.636774,False,False,ED,admit,2026-02-16T16:17:41.636774,0.0,126.98
P001198,2026-02-16T14:10:43.421449,4,walk-in,2026-02-16T14:20:35.826250,2026-02-16T14:20:35.826250,False,False,ED,discharge,2026-02-16T15:00:35.826250,0.0,49.87
P001199,2026-02-16T14:11:51.406978,5,walk-in,2026-02-16T14:17:21.378130,2026-02-16T14:17:21.378130,False,False,ED,discharge,2026-02-16T15:17:42.165556,0.0,65.85
P001200,2026-02-16T14:19:52.533245,2,transfer,2026-02-16T14:28:21.905061,2026-02-16T14:28:21.905061,True,False,ED,discharge,2026-02-16T18:02:41.798726,0.0,222.82
P001201,2026-02-16T14:20:43.077093,4,walk-in,2026-02-16T14:28:44.454198,2026-02-16T14:28:44.454198,False,False,ED,discharge,2026-02-16T15:11:46.667415,0.0,51.06
P001202,2026-02-16T14:21:26.080136,4,walk-in,2026-02-16T14:27:29.277521,2026-02-16T14:27:29.277521,False,False,ED,discharge,2026-02-16T16:01:18.556144,0.0,99.87
P001203,2026-02-16T14:23:02.365028,2,walk-in,2026-02-16T14:32:06.747430,2026-02-16T14:32:06.747430,True,False,ICU,discharge,2026-02-16T17:47:15.964510,0.0,204.23
P001204,2026-02-16T14:28:18.888758,4,walk-in,2026-02-16T14:34:45.028881,2026-02-16T14:34:45.028881,False,False,ED,discharge,2026-02-16T15:17:49.676920,0.0,49.51
P001205,2026-02-16T14:29:26.724756,3,walk-in,2026-02-16T14:37:10.085157,2026-02-16T14:37:10.085157,False,False,ED,discharge,2026-02-16T20:21:44.506143,0.0,352.3
P001206,2026-02-16T14:45:40.761856,4,walk-in,2026-02-16T14:48:43.607500,2026-02-16T14:48:43.607500,False,False,ED,discharge,2026-02-16T16:02:59.169084,0.0,77.31
P001207,2026-02-16T14:48:08.706223,5,walk-in,2026-02-16T14:54:51.210454,2026-02-16T14:54:51.210454,False,False,ED,discharge,2026-02-16T15:20:51.135463,0.0,32.71
P001208,2026-02-16T14:54:35.087075,3,walk-in,2026-02-16T15:01:02.976596,2026-02-16T15:01:02.976596,True,True,ED,discharge,2026-02-16T17:08:25.719348,0.0,133.84
P001209,2026-02-16T14:59:22.967980,5,walk-in,2026-02-16T15:05:14.149139,2026-02-16T15:05:14.149139,False,False,ED,discharge,2026-02-16T16:06:06.418485,0.0,66.72
P001210,2026-02-16T15:19:43.507254,5,walk-in,2026-02-16T15:24:01.025134,2026-02-16T15:24:01.025134,False,False,ED,discharge,2026-02-16T16:19:17.423507,0.0,59.57
P001211,2026-02-16T15:25:42.918736,3,walk-in,2026-02-16T15:32:22.942991,2026-02-16T15:32:22.942991,True,False,ED,discharge,2026-02-16T22:51:44.825014,0.0,446.03
P001212,2026-02-16T15:25:51.961967,5,walk-in,2026-02-16T15:28:53.919598,2026-02-16T15:28:53.919598,False,False,ED,discharge,2026-02-16T16:20:20.220314,0.0,54.47
P001213,2026-02-16T15:28:31.025433,4,walk-in,2026-02-16T15:32:50.187913,2026-02-16T15:32:50.187913,False,False,ED,discharge,2026-02-16T16:18:50.429053,0.0,50.32
P001214,2026-02-16T15:32:03.014922,4,walk-in,2026-02-16T15:41:17.418364,2026-02-16T15:41:17.418364,False,False,ED,discharge,2026-02-16T18:49:32.627855,0.0,197.49
P001215,2026-02-16T15:33:07.406494,4,walk-in,2026-02-16T15:36:23.691692,2026-02-16T15:36:23.691692,False,False,ED,discharge,2026-02-16T17:11:12.995819,0.0,98.09
P001216,2026-02-16T15:37:07.953482,3,walk-in,2026-02-16T15:43:45.718798,2026-02-16T15:43:45.718798,False,False,ED,admit,2026-02-16T18:08:23.042937,0.0,151.25
P001217,2026-02-16T15:52:58.531303,5,walk-in,2026-02-16T16:02:28.546021,2026-02-16T16:02:28.546021,False,False,ED,discharge,2026-02-16T17:07:45.008648,0.0,74.77
P001218,2026-02-16T16:09:01.393992,3,walk-in,2026-02-16T16:17:44.779903,2026-02-16T16:17:44.779903,True,False,ED,admit,2026-02-16T23:22:41.448962,0.0,433.67
P001219,2026-02-16T16:14:38.762535,5,walk-in,2026-02-16T16:24:00.823121,2026-02-16T16:24:00.823121,False,False,ED,discharge,2026-02-16T16:48:53.838093,0.0,34.25
P001220,2026-02-16T16:15:20.493348,4,walk-in,2026-02-16T16:22:03.902134,2026-02-16T16:22:03.902134,False,False,ED,discharge,2026-02-16T17:36:22.417853,0.0,81.03
P001221,2026-02-16T16:16:21.645852,3,walk-in,2026-02-16T16:25:58.229710,2026-02-16T16:25:58.229710,False,False,ED,discharge,2026-02-16T21:56:49.886251,0.0,340.47
P001222,2026-02-16T16:17:34.667057,4,walk-in,2026-02-16T16:27:31.427748,2026-02-16T16:27:31.427748,False,False,ED,discharge,2026-02-16T17:51:52.638661,0.0,94.3
P001223,2026-02-16T16:30:41.614919,2,walk-in,2026-02-16T16:35:50.605248,2026-02-16T16:35:50.605248,True,False,ED,admit,2026-02-16T18:47:37.412298,0.0,136.93
P001224,2026-02-16T16:34:05.632283,2,walk-in,2026-02-16T16:38:24.692668,2026-02-16T16:38:24.692668,False,True,ED,discharge,2026-02-16T18:35:46.422985,0.0,121.68
P001225,2026-02-16T16:52:01.425771,4,walk-in,2026-02-16T16:56:16.307620,2026-02-16T16:56:16.307620,False,False,ED,discharge,2026-02-16T20:36:48.702446,0.0,224.79
P001226,2026-02-16T17:06:42.421440,4,walk-in,2026-02-16T17:11:07.936898,2026-02-16T17:11:07.936898,False,False,ED,discharge,2026-02-16T19:56:56.812436,0.0,170.24
P001227,2026-02-16T17:18:10.636247,3,walk-in,2026-02-16T17:27:38.847386,2026-02-16T17:27:38.847386,True,False,ED,admit,2026-02-17T03:39:38.839156,0.0,621.47
P001228,2026-02-16T17:21:48.143764,4,walk-in,2026-02-16T17:30:40.014435,2026-02-16T17:30:40.014435,True,False,ED,discharge,2026-02-16T18:10:40.014435,0.0,48.86
P001229,2026-02-16T17:24:04.019434,5,walk-in,2026-02-16T17:31:03.646122,2026-02-16T17:31:03.646122,False,False,ED,discharge,2026-02-16T18:42:46.088262,0.0,78.7
P001230,2026-02-16T17:26:13.004283,4,walk-in,2026-02-16T17:32:06.733022,2026-02-16T17:32:06.733022,False,False,ED,discharge,2026-02-16T18:18:27.037618,0.0,52.23
P001231,2026-02-16T17:31:24.811491,4,walk-in,2026-02-16T17:37:10.908250,2026-02-16T17:37:10.908250,False,False,ED,discharge,2026-02-16T19:09:03.178770,0.0,97.64
P001232,2026-02-16T17:41:42.297059,5,walk-in,2026-02-16T17:45:59.307655,2026-02-16T17:45:59.307655,False,False,ED,discharge,2026-02-16T19:04:22.796186,0.0,82.67
P001233,2026-02-16T17:46:41.912307,5,walk-in,2026-02-16T17:53:27.141543,2026-02-16T17:53:27.141543,False,False,ED,discharge,2026-02-16T19:10:30.082275,0.0,83.8
P001234,2026-02-16T17:53:00.644930,5,walk-in,2026-02-16T17:59:29.791160,2026-02-16T17:59:29.791160,False,False,ED,discharge,2026-02-16T19:13:44.714075,0.0,80.73
P001235,2026-02-16T17:56:43.760470,3,walk-in,2026-02-16T18:01:01.241368,2026-02-16T18:01:01.241368,False,False,ED,discharge,2026-02-16T20:26:07.137356,0.0,149.39
P001236,2026-02-16T17:59:46.023076,4,walk-in,2026-02-16T18:09:18.141624,2026-02-16T18:09:18.141624,False,False,ED,discharge,2026-02-16T19:06:21.915685,0.0,66.6
P001237,2026-02-16T18:12:36.305943,4,walk-in,2026-02-16T18:17:59.671890,2026-02-16T18:17:59.671890,False,False,ED,discharge,2026-02-16T19:59:25.146942,0.0,106.81
P001238,2026-02-16T18:26:58.041332,2,ambulance,2026-02-16T18:30:24.774072,2026-02-16T18:30:24.774072,True,True,ED,admit,2026-02-17T01:49:24.070190,0.0,442.43
P001239,2026-02-16T18:35:16.490992,5,walk-in,2026-02-16T18:39:59.716963,2026-02-16T18:39:59.716963,False,False,ED,discharge,2026-02-16T19:31:04.043076,0.0,55.79
P001240,2026-02-16T18:43:39.463560,3,walk-in,2026-02-16T18:50:59.269775,2026-02-16T18:50:59.269775,True,False,ED,discharge,2026-02-16T22:43:50.712739,0.0,240.19
P001241,2026-02-16T18:50:05.704449,2,ambulance,2026-02-16T18:55:45.814073,2026-02-16T18:55:45.814073,True,False,ED,discharge,2026-02-16T23:43:02.824566,0.0,292.95
P001242,2026-02-16T18:58:22.099035,4,walk-in,2026-02-16T19:05:54.621339,2026-02-16T19:05:54.621339,False,False,ED,discharge,2026-02-16T20:49:49.047434,0.0,111.45
P001243,2026-02-16T18:58:50.644229,4,walk-in,2026-02-16T19:07:04.833380,2026-02-16T19:07:04.833380,False,False,ED,discharge,2026-02-16T21:28:09.492125,0.0,149.31
P001244,2026-02-16T19:05:49.127360,2,walk-in,2026-02-16T19:11:20.384122,2026-02-16T19:11:20.384122,True,False,ED,discharge,2026-02-16T22:43:43.808702,0.0,217.91
P001245,2026-02-16T19:26:00.367020,5,walk-in,2026-02-16T19:31:34.959820,2026-02-16T19:31:34.959820,True,False,ED,discharge,2026-02-16T19:55:52.086023,0.0,29.86
P001246,2026-02-16T19:48:12.780925,3,walk-in,2026-02-16T19:57:05.637771,2026-02-16T19:57:05.637771,False,False,ED,discharge,2026-02-17T01:12:51.802471,0.0,324.65
P001247,2026-02-16T19:51:01.112449,4,walk-in,2026-02-16T19:56:44.258448,2026-02-16T19:56:44.258448,False,False,ED,discharge,2026-02-16T21:13:42.028651,0.0,82.68
P001248,2026-02-16T20:10:30.759577,3,walk-in,2026-02-16T20:19:37.674154,2026-02-16T20:19:37.674154,False,False,ED,discharge,2026-02-16T22:57:58.606248,0.0,167.46
P001249,2026-02-16T20:12:25.226175,4,walk-in,2026-02-16T20:19:55.706195,2026-02-16T20:19:55.706195,False,False,ED,discharge,2026-02-16T21:23:46.372256,0.0,71.35
P001250,2026-02-16T20:22:54.886783,4,walk-in,2026-02-16T20:26:16.258781,2026-02-16T20:26:16.258781,False,False,ED,discharge,2026-02-16T21:23:56.243649,0.0,61.02
P001251,2026-02-16T20:41:10.995499,4,walk-in,2026-02-16T20:47:17.047243,2026-02-16T20:47:17.047243,False,False,ED,discharge,2026-02-16T21:59:27.790142,0.0,78.28
P001252,2026-02-16T21:09:29.888804,2,walk-in,2026-02-16T21:17:58.269547,2026-02-16T21:17:58.269547,True,False,ED,discharge,2026-02-17T05:40:06.435412,0.0,510.61
P001253,2026-02-16T21:09:33.359708,2,walk-in,2026-02-16T21:14:46.169841,2026-02-16T21:14:46.169841,False,False,ED,discharge,2026-02-17T03:32:25.685638,0.0,382.87
P001254,2026-02-16T21:10:39.455860,2,ambulance,2026-02-16T21:19:41.600553,2026-02-16T21:19:41.600553,True,False,ED,discharge,2026-02-16T23:30:17.487048,0.0,139.63
P001255,2026-02-16T21:44:57.361197,3,walk-in,2026-02-16T21:49:26.826176,2026-02-16T21:49:26.826176,False,False,ED,discharge,2026-02-16T23:49:26.826176,0.0,124.49
P001256,2026-02-16T21:55:16.988465,4,walk-in,2026-02-16T21:58:59.618250,2026-02-16T21:58:59.618250,False,False,ED,discharge,2026-02-16T22:49:54.459274,0.0,54.62
P001257,2026-02-16T22:15:24.688815,3,walk-in,2026-02-16T22:19:31.166592,2026-02-16T22:19:31.166592,False,False,ED,admit,2026-02-17T00:45:17.820160,0.0,149.89
P001258,2026-02-16T22:24:06.132206,4,walk-in,2026-02-16T22:30:12.991839,2026-02-16T22:30:12.991839,False,False,ED,discharge,2026-02-16T23:10:12.991839,0.0,46.11
P001259,2026-02-16T22:24:37.057694,2,ambulance,2026-02-16T22:32:26.068723,2026-02-16T22:32:26.068723,False,False,ED,discharge,2026-02-17T04:16:11.848969,0.0,351.58
P001260,2026-02-16T22:37:52.982628,5,walk-in,2026-02-16T22:47:04.936250,2026-02-16T22:47:04.936250,False,False,ED,discharge,2026-02-17T00:23:42.727259,0.0,105.83
P001261,2026-02-16T22:45:42.311274,3,walk-in,2026-02-16T22:49:45.095393,2026-02-16T22:49:45.095393,False,False,ED,discharge,2026-02-17T05:56:00.569584,0.0,430.3
P001262,2026-02-16T23:04:43.553517,5,walk-in,2026-02-16T23:11:56.734791,2026-02-16T23:11:56.734791,False,True,ED,discharge,2026-02-16T23:53:02.455840,0.0,48.32
P001263,2026-02-16T23:19:05.373821,2,walk-in,2026-02-16T23:23:26.023543,2026-02-16T23:23:26.023543,True,False,ED,admit,2026-02-17T00:53:26.023543,0.0,94.34
P001264,2026-02-16T23:35:58.445412,3,walk-in,2026-02-16T23:42:06.996461,2026-02-16T23:42:06.996461,False,True,ED,discharge,2026-02-17T04:10:26.209405,0.0,274.46
P001265,2026-02-16T23:38:16.132139,3,walk-in,2026-02-16T23:45:07.667267,2026-02-16T23:45:07.667267,True,False,ED,discharge,2026-02-17T03:46:49.182097,0.0,248.55
P001266,2026-02-16T23:51:43.808294,4,walk-in,2026-02-16T23:54:58.921220,2026-02-16T23:54:58.921220,False,False,ED,discharge,2026-02-17T01:08:49.637185,0.0,77.1
P001267,2026-02-17T00:15:39.556366,4,walk-in,2026-02-17T00:19:44.649650,2026-02-17T00:19:44.649650,False,False,ED,discharge,2026-02-17T01:00:20.257681,0.0,44.68
P001268,2026-02-17T00:30:39.457679,4,walk-in,2026-02-17T00:35:19.949137,2026-02-17T00:35:19.949137,False,False,ED,discharge,2026-02-17T02:14:31.093533,0.0,103.86
P001269,2026-02-17T00:44:39.367313,2,ambulance,2026-02-17T00:48:43.472226,2026-02-17T00:48:43.472226,False,False,ED,discharge,2026-02-17T03:33:01.663138,0.0,168.37
P001270,2026-02-17T00:47:29.733827,4,ambulance,2026-02-17T00:55:51.259231,2026-02-17T00:55:51.259231,False,False,ED,discharge,2026-02-17T02:06:56.497488,0.0,79.45
P001271,2026-02-17T00:48:25.150482,2,walk-in,2026-02-17T00:51:28.154479,2026-02-17T00:51:28.154479,False,False,ED,discharge,2026-02-17T04:23:17.545539,0.0,214.87
P001272,2026-02-17T02:16:58.472108,2,ambulance,2026-02-17T02:23:43.688701,2026-02-17T02:23:43.688701,False,False,ED,admit,2026-02-17T04:30:04.282009,0.0,133.1
P001273,2026-02-17T02:21:10.421874,2,walk-in,2026-02-17T02:26:30.905885,2026-02-17T02:26:30.905885,True,True,ICU,admit,2026-02-17T05:26:31.221156,0.0,185.35
P001274,2026-02-17T05:04:04.420753,2,walk-in,2026-02-17T05:11:38.012372,2026-02-17T05:11:38.012372,True,False,ED,discharge,2026-02-17T14:01:35.390949,0.0,537.52
P001275,2026-02-17T05:15:44.774296,4,walk-in,2026-02-17T05:22:44.261226,2026-02-17T05:22:44.261226,False,False,ED,discharge,2026-02-17T07:05:38.682872,0.0,109.9
P001276,2026-02-17T05:20:39.203710,4,walk-in,2026-02-17T05:24:02.038083,2026-02-17T05:24:02.038083,False,False,ED,discharge,2026-02-17T06:44:46.435778,0.0,84.12
P001277,2026-02-17T06:19:13.457825,3,walk-in,2026-02-17T06:24:33.709271,2026-02-17T06:24:33.709271,False,False,ED,discharge,2026-02-17T15:17:01.934694,0.0,537.81
P001278,2026-02-17T06:27:53.782131,3,walk-in,2026-02-17T06:37:20.526090,2026-02-17T06:37:20.526090,False,False,ED,discharge,2026-02-17T08:37:20.526090,0.0,129.45
P001279,2026-02-17T07:04:27.892658,2,ambulance,2026-02-17T07:07:40.996631,2026-02-17T07:07:40.996631,True,True,ED,admit,2026-02-17T08:37:40.996631,0.0,93.22
P001280,2026-02-17T07:07:19.122222,3,walk-in,2026-02-17T07:17:02.829749,2026-02-17T07:17:02.829749,True,False,ED,discharge,2026-02-17T18:57:38.848841,0.0,710.33
P001281,2026-02-17T07:16:24.787402,3,walk-in,2026-02-17T07:21:29.724771,2026-02-17T07:21:29.724771,True,True,ED,discharge,2026-02-17T10:42:59.434760,0.0,206.58
P001282,2026-02-17T07:35:17.299044,5,walk-in,2026-02-17T07:44:41.416791,2026-02-17T07:44:41.416791,False,False,ED,discharge,2026-02-17T08:40:19.434579,0.0,65.04
P001283,2026-02-17T07:45:00.692363,3,walk-in,2026-02-17T07:53:05.112156,2026-02-17T07:53:05.112156,False,False,ED,discharge,2026-02-17T09:53:05.112156,0.0,128.07
P001284,2026-02-17T07:57:05.010916,2,walk-in,2026-02-17T08:00:31.590130,2026-02-17T08:00:31.590130,False,True,ED,admit,2026-02-17T11:21:06.577022,0.0,204.03
P001285,2026-02-17T08:01:31.021300,3,walk-in,2026-02-17T08:04:36.594307,2026-02-17T08:04:36.594307,False,False,ED,admit,2026-02-17T12:41:45.417012,0.0,280.24
P001286,2026-02-17T08:16:54.829642,4,walk-in,2026-02-17T08:21:19.963067,2026-02-17T08:21:19.963067,False,False,ED,discharge,2026-02-17T10:10:12.339965,0.0,113.29
P001287,2026-02-17T08:19:00.204595,5,walk-in,2026-02-17T08:25:56.753622,2026-02-17T08:25:56.753622,False,False,ED,discharge,2026-02-17T09:44:41.256875,0.0,85.68
P001288,2026-02-17T08:19:18.597908,4,walk-in,2026-02-17T08:24:18.935094,2026-02-17T08:24:18.935094,True,False,ED,discharge,2026-02-17T09:15:30.218650,0.0,56.19
P001289,2026-02-17T08:31:22.010101,4,walk-in,2026-02-17T08:36:36.708821,2026-02-17T08:36:36.708821,False,False,ED,discharge,2026-02-17T09:47:52.356755,0.0,76.51
P001290,2026-02-17T08:32:31.194367,5,walk-in,2026-02-17T08:36:33.200305,2026-02-17T08:36:33.200305,False,False,ED,discharge,2026-02-17T08:56:33.200305,0.0,24.03
P001291,2026-02-17T08:37:34.054963,3,walk-in,2026-02-17T08:47:02.436975,2026-02-17T08:47:02.436975,False,False,ED,discharge,2026-02-17T18:53:27.620315,0.0,615.89
P001292,2026-02-17T08:45:01.987500,5,walk-in,2026-02-17T08:54:27.672947,2026-02-17T08:54:27.672947,False,False,ED,discharge,2026-02-17T09:23:07.605627,0.0,38.09
P001293,2026-02-17T08:52:03.855713,4,transfer,2026-02-17T09:00:36.612389,2026-02-17T09:00:36.612389,False,False,ED,discharge,2026-02-17T09:44:47.014093,0.0,52.72
P001294,2026-02-17T08:57:21.980017,5,walk-in,2026-02-17T09:04:00.198932,2026-02-17T09:04:00.198932,False,False,ED,discharge,2026-02-17T10:26:34.218084,0.0,89.2
P001295,2026-02-17T09:00:22.728210,4,walk-in,2026-02-17T09:05:39.432875,2026-02-17T09:05:39.432875,False,False,ED,discharge,2026-02-17T10:06:32.625767,0.0,66.16
P001296,2026-02-17T09:02:59.995073,4,walk-in,2026-02-17T09:08:27.471503,2026-02-17T09:08:27.471503,False,False,ED,discharge,2026-02-17T10:05:54.115036,0.0,62.9
P001297,2026-02-17T09:05:41.446335,5,walk-in,2026-02-17T09:08:41.696705,2026-02-17T09:08:41.696705,False,False,ED,discharge,2026-02-17T09:40:31.265523,0.0,34.83
P001298,2026-02-17T09:11:51.793799,2,transfer,2026-02-17T09:16:33.363806,2026-02-17T09:16:33.363806,True,False,ED,admit,2026-02-17T17:07:06.366417,0.0,475.24
P001299,2026-02-17T09:19:17.059606,2,ambulance,2026-02-17T09:23:35.059535,2026-02-17T09:23:35.059535,False,True,ED,discharge,2026-02-17T15:37:16.264373,0.0,377.99
P001300,2026-02-17T09:19:34.322221,3,walk-in,2026-02-17T09:25:23.582561,2026-02-17T09:25:23.582561,False,False,ED,discharge,2026-02-17T14:17:36.412538,0.0,298.03
P001301,2026-02-17T09:29:11.525177,3,walk-in,2026-02-17T09:32:29.112628,2026-02-17T09:32:29.112628,False,True,ED,discharge,2026-02-17T17:27:57.404645,0.0,478.76
P001302,2026-02-17T09:35:14.024855,4,walk-in,2026-02-17T09:40:55.202069,2026-02-17T09:40:55.202069,False,False,ED,discharge,2026-02-17T10:38:58.917724,0.0,63.75
P001303,2026-02-17T09:35:34.205218,3,ambulance,2026-02-17T09:38:50.447280,2026-02-17T09:38:50.447280,False,False,ED,discharge,2026-02-17T12:20:30.777441,0.0,164.94
P001304,2026-02-17T09:35:34.573789,2,walk-in,2026-02-17T09:43:35.129355,2026-02-17T09:43:35.129355,False,False,ED,admit,2026-02-17T13:42:55.068436,0.0,247.34
P001305,2026-02-17T09:47:55.854595,3,walk-in,2026-02-17T09:56:54.804316,2026-02-17T09:56:54.804316,True,False,ED,discharge,2026-02-17T21:56:54.804316,0.0,728.98
P001306,2026-02-17T09:52:18.745609,5,walk-in,2026-02-17T10:01:51.671646,2026-02-17T10:01:51.671646,False,False,ED,discharge,2026-02-17T10:41:08.421232,0.0,48.83
P001307,2026-02-17T09:59:16.546484,4,walk-in,2026-02-17T10:06:22.524130,2026-02-17T10:06:22.524130,False,False,ED,discharge,2026-02-17T10:57:21.398077,0.0,58.08
P001308,2026-02-17T10:08:35.100093,3,walk-in,2026-02-17T10:13:54.294647,2026-02-17T10:13:54.294647,True,False,ED,discharge,2026-02-17T15:23:38.974550,0.0,315.06
P001309,2026-02-17T10:14:06.548711,4,walk-in,2026-02-17T10:23:26.820896,2026-02-17T10:23:26.820896,False,True,ED,discharge,2026-02-17T12:44:18.981713,0.0,150.21
P001310,2026-02-17T10:19:12.128411,4,walk-in,2026-02-17T10:23:48.196071,2026-02-17T10:23:48.196071,False,False,ED,discharge,2026-02-17T12:05:17.344450,0.0,106.09
P001311,2026-02-17T10:25:35.483906,5,walk-in,2026-02-17T10:31:39.484770,2026-02-17T10:31:39.484770,False,False,ED,discharge,2026-02-17T11:22:35.247527,0.0,57.0
P001312,2026-02-17T10:26:58.145730,4,walk-in,2026-02-17T10:30:42.803536,2026-02-17T10:30:42.803536,False,False,ED,discharge,2026-02-17T11:39:58.534066,0.0,73.01
P001313,2026-02-17T10:37:59.051355,5,walk-in,2026-02-17T10:43:47.608684,2026-02-17T10:43:47.608684,False,False,ED,discharge,2026-02-17T11:31:41.041192,0.0,53.7
P001314,2026-02-17T10:40:34.173603,3,walk-in,2026-02-17T10:48:13.322802,2026-02-17T10:48:13.322802,False,False,ED,discharge,2026-02-17T14:48:07.959599,0.0,247.56
P001315,2026-02-17T10:42:22.668234,3,walk-in,2026-02-17T10:49:17.728198,2026-02-17T10:49:17.728198,True,True,ED,discharge,2026-02-17T16:00:38.962991,0.0,318.27
P001316,2026-02-17T10:47:26.553497,2,ambulance,2026-02-17T10:55:57.550076,2026-02-17T10:55:57.550076,True,False,ED,admit,2026-02-17T20:55:57.550076,0.0,608.52
P001317,2026-02-17T10:49:10.765146,5,walk-in,2026-02-17T10:57:47.279768,2026-02-17T10:57:47.279768,False,False,ED,discharge,2026-02-17T11:44:35.194095,0.0,55.41
P001318,2026-02-17T10:54:48.086462,3,walk-in,2026-02-17T11:01:35.475651,2026-02-17T11:01:35.475651,False,True,ED,discharge,2026-02-17T13:01:35.475651,0.0,126.79
P001319,2026-02-17T11:01:18.050418,4,transfer,2026-02-17T11:08:15.836530,2026-02-17T11:08:15.836530,False,False,ED,discharge,2026-02-17T12:24:51.079629,0.0,83.55
P001320,2026-02-17T11:09:14.422060,3,walk-in,2026-02-17T11:12:39.484727,2026-02-17T11:12:39.484727,False,False,ED,admit,2026-02-17T21:48:49.811801,0.0,639.59
P001321,2026-02-17T11:09:30.968628,3,walk-in,2026-02-17T11:18:35.081507,2026-02-17T11:18:35.081507,False,True,ED,discharge,2026-02-17T16:07:58.536777,0.0,298.46
P001322,2026-02-17T11:11:39.759978,5,walk-in,2026-02-17T11:19:57.040648,2026-02-17T11:19:57.040648,False,False,ED,discharge,2026-02-17T12:07:29.527462,0.0,55.83
P001323,2026-02-17T11:24:45.510439,2,ambulance,2026-02-17T11:34:00.003635,2026-02-17T11:34:00.003635,True,False,ED,admit,2026-02-17T13:44:44.152797,0.0,139.98
P001324,2026-02-17T11:28:36.120903,3,walk-in,2026-02-17T11:38:01.307425,2026-02-17T11:38:01.307425,False,False,ED,discharge,2026-02-17T13:57:00.939767,0.0,148.41
P001325,2026-02-17T11:43:13.804489,3,walk-in,2026-02-17T11:51:02.954199,2026-02-17T11:51:02.954199,False,False,ED,discharge,2026-02-17T23:51:02.954199,0.0,727.82
P001326,2026-02-17T11:49:29.412409,4,walk-in,2026-02-17T11:53:07.627241,2026-02-17T11:53:07.627241,False,False,ED,discharge,2026-02-17T12:56:02.620925,0.0,66.55
P001327,2026-02-17T11:50:09.863960,3,walk-in,2026-02-17T11:56:45.541482,2026-02-17T11:56:45.541482,False,False,ED,discharge,2026-02-17T14:46:51.348045,0.0,176.69
P001328,2026-02-17T11:54:56.656481,3,walk-in,2026-02-17T12:03:43.465271,2026-02-17T12:03:43.465271,False,False,ED,discharge,2026-02-17T14:03:43.465271,0.0,128.78
P001329,2026-02-17T11:59:56.750738,5,walk-in,2026-02-17T12:08:20.112530,2026-02-17T12:08:20.112530,False,False,ED,discharge,2026-02-17T13:06:54.226236,0.0,66.96
P001330,2026-02-17T12:00:46.683337,3,walk-in,2026-02-17T12:07:51.017928,2026-02-17T12:07:51.017928,True,False,ED,discharge,2026-02-17T15:12:00.519429,0.0,191.23
P001331,2026-02-17T12:00:50.220594,4,walk-in,2026-02-17T12:08:22.161075,2026-02-17T12:08:22.161075,False,False,ED,discharge,2026-02-17T13:11:11.967621,0.0,70.36
P001332,2026-02-17T12:01:28.127353,4,walk-in,2026-02-17T12:05:29.590118,2026-02-17T12:05:29.590118,False,False,ED,discharge,2026-02-17T14:27:21.146718,0.0,145.88
P001333,2026-02-17T12:07:18.650597,3,walk-in,2026-02-17T12:16:48.328995,2026-02-17T12:16:48.328995,False,False,ED,discharge,2026-02-17T14:16:48.328995,0.0,129.49
P001334,2026-02-17T12:08:59.639379,4,walk-in,2026-02-17T12:12:21.056456,2026-02-17T12:12:21.056456,False,False,ED,discharge,2026-02-17T13:02:17.600360,0.0,53.3
P001335,2026-02-17T12:09:46.443935,3,walk-in,2026-02-17T12:18:22.989846,2026-02-17T12:18:22.989846,True,False,ED,discharge,2026-02-17T16:47:29.519946,0.0,277.72
P001336,2026-02-17T12:18:12.679672,3,walk-in,2026-02-17T12:27:41.493752,2026-02-17T12:27:41.493752,False,False,ED,discharge,2026-02-17T16:12:45.539299,0.0,234.55
P001337,2026-02-17T12:20:31.663275,4,walk-in,2026-02-17T12:26:32.180385,2026-02-17T12:26:32.180385,False,False,ED,discharge,2026-02-17T13:45:41.520758,0.0,85.16
P001338,2026-02-17T12:25:01.202083,4,walk-in,2026-02-17T12:29:04.917299,2026-02-17T12:29:04.917299,False,False,ED,discharge,2026-02-17T14:21:16.376873,0.0,116.25
P001339,2026-02-17T12:49:06.911525,4,walk-in,2026-02-17T12:52:45.206180,2026-02-17T12:52:45.206180,False,False,ED,discharge,2026-02-17T13:32:45.206180,0.0,43.64
P001340,2026-02-17T13:06:48.690978,2,walk-in,2026-02-17T13:11:21.499842,2026-02-17T13:11:21.499842,True,True,ED,admit,2026-02-17T17:02:45.612423,0.0,235.95
P001341,2026-02-17T13:08:46.032707,3,walk-in,2026-02-17T13:15:57.913567,2026-02-17T13:15:57.913567,False,False,ED,discharge,2026-02-17T18:47:44.563609,0.0,338.98
P001342,2026-02-17T13:27:41.904788,4,walk-in,2026-02-17T13:35:52.353831,2026-02-17T13:35:52.353831,False,False,ED,discharge,2026-02-17T14:31:18.220236,0.0,63.61
P001343,2026-02-17T13:28:11.109151,3,walk-in,2026-02-17T13:34:51.162011,2026-02-17T13:34:51.162011,False,False,ED,admit,2026-02-17T17:09:08.098789,0.0,220.95
P001344,2026-02-17T13:28:33.758795,4,walk-in,2026-02-17T13:36:29.210478,2026-02-17T13:36:29.210478,False,False,ED,discharge,2026-02-17T15:04:47.056217,0.0,96.22
P001345,2026-02-17T13:36:09.359196,3,walk-in,2026-02-17T13:41:11.444298,2026-02-17T13:41:11.444298,True,False,ED,discharge,2026-02-17T16:20:19.539632,0.0,164.17
P001346,2026-02-17T13:39:17.431802,5,walk-in,2026-02-17T13:47:10.415785,2026-02-17T13:47:10.415785,False,False,ED,discharge,2026-02-17T14:23:01.592158,0.0,43.74
P001347,2026-02-17T13:45:48.284925,4,walk-in,2026-02-17T13:49:25.858505,2026-02-17T13:49:25.858505,False,False,ED,discharge,2026-02-17T15:51:30.821014,0.0,125.71
P001348,2026-02-17T13:49:26.891191,3,walk-in,2026-02-17T13:58:25.422908,2026-02-17T13:58:25.422908,False,False,ED,discharge,2026-02-18T01:20:25.767594,0.0,690.98
P001349,2026-02-17T14:07:13.304705,4,walk-in,2026-02-17T14:16:37.961670,2026-02-17T14:16:37.961670,True,False,ED,discharge,2026-02-17T14:56:37.961670,0.0,49.41
P001350,2026-02-17T14:22:07.759180,5,walk-in,2026-02-17T14:27:10.883360,2026-02-17T14:27:10.883360,False,False,ED,discharge,2026-02-17T15:13:57.206767,0.0,51.82
P001351,2026-02-17T14:29:19.789510,3,walk-in,2026-02-17T14:32:41.691055,2026-02-17T14:32:41.691055,False,False,ED,admit,2026-02-17T21:39:43.637424,0.0,430.4
P001352,2026-02-17T14:30:23.956033,3,walk-in,2026-02-17T14:39:59.602797,2026-02-17T14:39:59.602797,False,False,ED,discharge,2026-02-17T20:25:36.564761,0.0,355.21
P001353,2026-02-17T14:31:28.845637,2,walk-in,2026-02-17T14:35:43.912487,2026-02-17T14:35:43.912487,True,False,ED,discharge,2026-02-17T22:21:24.022644,0.0,469.92
P001354,2026-02-17T14:34:06.706663,2,walk-in,2026-02-17T14:38:49.878211,2026-02-17T14:38:49.878211,True,False,ED,admit,2026-02-17T17:58:46.573050,0.0,204.66
P001355,2026-02-17T14:34:37.991271,2,ambulance,2026-02-17T14:37:58.295947,2026-02-17T14:37:58.295947,True,True,ED,discharge,2026-02-17T18:17:30.172868,0.0,222.87
P001356,2026-02-17T14:37:44.005220,4,walk-in,2026-02-17T14:42:27.236567,2026-02-17T14:42:27.236567,False,False,ED,discharge,2026-02-17T15:30:13.403326,0.0,52.49
P001357,2026-02-17T14:45:30.461642,3,ambulance,2026-02-17T14:51:43.986178,2026-02-17T14:51:43.986178,False,False,ED,discharge,2026-02-17T16:51:43.986178,0.0,126.23
P001358,2026-02-17T15:04:52.707606,3,walk-in,2026-02-17T15:14:36.791664,2026-02-17T15:14:36.791664,False,False,ED,discharge,2026-02-17T18:32:14.914487,0.0,207.37
P001359,2026-02-17T15:11:09.833568,4,walk-in,2026-02-17T15:17:41.157638,2026-02-17T15:17:41.157638,False,False,ED,discharge,2026-02-17T15:57:41.157638,0.0,46.52
P001360,2026-02-17T15:19:07.010123,3,walk-in,2026-02-17T15:26:20.856340,2026-02-17T15:26:20.856340,False,False,ED,discharge,2026-02-17T18:52:38.576213,0.0,213.53
P001361,2026-02-17T15:23:43.935713,3,walk-in,2026-02-17T15:27:45.747183,2026-02-17T15:27:45.747183,False,False,ED,discharge,2026-02-17T21:31:54.559836,0.0,368.18
P001362,2026-02-17T15:33:18.951705,3,walk-in,2026-02-17T15:36:25.830484,2026-02-17T15:36:25.830484,True,False,ED,admit,2026-02-17T17:36:36.455954,0.0,123.29
P001363,2026-02-17T15:35:32.309531,3,walk-in,2026-02-17T15:38:53.874957,2026-02-17T15:38:53.874957,False,False,ED,discharge,2026-02-17T20:23:56.087720,0.0,288.4
P001364,2026-02-17T15:41:02.607245,2,walk-in,2026-02-17T15:46:44.961121,2026-02-17T15:46:44.961121,False,False,ED,admit,2026-02-17T18:20:11.157643,0.0,159.14
P001365,2026-02-17T15:45:44.545066,5,walk-in,2026-02-17T15:52:05.917641,2026-02-17T15:52:05.917641,False,False,ED,discharge,2026-02-17T16:57:25.200519,0.0,71.68
P001366,2026-02-17T15:57:27.812505,5,walk-in,2026-02-17T16:05:26.476615,2026-02-17T16:05:26.476615,False,False,ED,discharge,2026-02-17T16:46:23.465503,0.0,48.93
P001367,2026-02-17T15:58:16.088458,4,walk-in,2026-02-17T16:05:37.232980,2026-02-17T16:05:37.232980,False,False,ED,discharge,2026-02-17T17:25:53.427710,0.0,87.62
P001368,2026-02-17T16:04:32.807135,3,walk-in,2026-02-17T16:12:53.535787,2026-02-17T16:12:53.535787,True,False,ED,admit,2026-02-17T19:28:54.107305,0.0,204.36
P001369,2026-02-17T16:07:54.720324,5,walk-in,2026-02-17T16:15:32.179154,2026-02-17T16:15:32.179154,False,False,ED,discharge,2026-02-17T16:57:36.907599,0.0,49.7
P001370,2026-02-17T16:11:58.276716,5,walk-in,2026-02-17T16:17:39.510321,2026-02-17T16:17:39.510321,False,False,ED,discharge,2026-02-17T17:15:10.111125,0.0,63.2
P001371,2026-02-17T16:25:58.282473,3,walk-in,2026-02-17T16:30:01.973983,2026-02-17T16:30:01.973983,False,False,ED,discharge,2026-02-17T20:06:24.561771,0.0,220.44
P001372,2026-02-17T16:40:41.503983,2,walk-in,2026-02-17T16:45:33.017212,2026-02-17T16:45:33.017212,True,True,ED,admit,2026-02-18T02:45:33.017212,0.0,604.86
P001373,2026-02-17T16:48:25.647424,2,walk-in,2026-02-17T16:57:43.397654,2026-02-17T16:57:43.397654,False,False,ED,discharge,2026-02-17T20:11:20.915674,0.0,202.92
P001374,2026-02-17T17:03:52.752015,3,walk-in,2026-02-17T17:13:06.203542,2026-02-17T17:13:06.203542,False,False,ED,admit,2026-02-17T19:13:06.203542,0.0,129.22
P001375,2026-02-17T17:04:52.160158,4,walk-in,2026-02-17T17:13:30.759521,2026-02-17T17:13:30.759521,False,False,ED,discharge,2026-02-17T18:25:27.970702,0.0,80.6
P001376,2026-02-17T17:28:49.615707,3,walk-in,2026-02-17T17:33:55.854666,2026-02-17T17:33:55.854666,False,False,ED,discharge,2026-02-17T19:33:55.854666,0.0,125.1
P001377,2026-02-17T17:29:32.840526,4,walk-in,2026-02-17T17:38:27.525568,2026-02-17T17:38:27.525568,False,False,ED,discharge,2026-02-17T18:28:21.544654,0.0,58.81
P001378,2026-02-17T17:37:11.443399,2,walk-in,2026-02-17T17:42:43.900420,2026-02-17T17:42:43.900420,False,False,ED,admit,2026-02-17T22:29:50.507518,0.0,292.65
P001379,2026-02-17T17:42:57.994961,5,walk-in,2026-02-17T17:48:09.856903,2026-02-17T17:48:09.856903,False,False,ED,discharge,2026-02-17T18:38:22.469217,0.0,55.41
P001380,2026-02-17T17:44:07.781572,3,ambulance,2026-02-17T17:53:41.571061,2026-02-17T17:53:41.571061,True,False,ED,discharge,2026-02-17T19:53:41.571061,0.0,129.56
P001381,2026-02-17T17:47:28.613685,3,walk-in,2026-02-17T17:52:28.930073,2026-02-17T17:52:28.930073,False,False,ED,discharge,2026-02-17T22:18:32.982149,0.0,271.07
P001382,2026-02-17T17:58:20.349963,3,walk-in,2026-02-17T18:01:54.829806,2026-02-17T18:01:54.829806,False,True,ED,admit,2026-02-17T21:05:46.926020,0.0,187.44
P001383,2026-02-17T18:04:47.825802,4,walk-in,2026-02-17T18:14:44.397456,2026-02-17T18:14:44.397456,True,False,ED,discharge,2026-02-17T19:37:01.362254,0.0,92.23
P001384,2026-02-17T18:39:42.379458,3,walk-in,2026-02-17T18:48:29.617556,2026-02-17T18:48:29.617556,False,False,ED,discharge,2026-02-18T01:14:09.820930,0.0,394.46
P001385,2026-02-17T18:44:07.595355,4,transfer,2026-02-17T18:51:25.627959,2026-02-17T18:51:25.627959,False,False,ED,discharge,2026-02-17T19:53:02.790841,0.0,68.92
P001386,2026-02-17T18:46:43.956040,5,walk-in,2026-02-17T18:53:53.171506,2026-02-17T18:53:53.171506,False,False,ED,discharge,2026-02-17T19:37:12.133056,0.0,50.47
P001387,2026-02-17T18:48:22.415955,3,walk-in,2026-02-17T18:56:16.391900,2026-02-17T18:56:16.391900,True,False,ED,discharge,2026-02-18T00:05:03.462052,0.0,316.68
P001388,2026-02-17T19:00:34.722878,4,walk-in,2026-02-17T19:08:26.584562,2026-02-17T19:08:26.584562,False,False,ED,discharge,2026-02-17T20:14:20.805231,0.0,73.77
P001389,2026-02-17T19:03:32.476511,4,walk-in,2026-02-17T19:13:26.007954,2026-02-17T19:13:26.007954,False,False,ED,discharge,2026-02-17T22:06:20.465262,0.0,182.8
P001390,2026-02-17T19:03:40.558837,2,ambulance,2026-02-17T19:10:47.385737,2026-02-17T19:10:47.385737,True,True,ED,discharge,2026-02-17T23:19:17.606601,0.0,255.62
P001391,2026-02-17T19:22:10.443144,4,walk-in,2026-02-17T19:30:12.272146,2026-02-17T19:30:12.272146,False,False,ED,discharge,2026-02-17T21:05:33.009993,0.0,103.38
P001392,2026-02-17T19:27:02.833023,4,walk-in,2026-02-17T19:36:36.556226,2026-02-17T19:36:36.556226,False,False,ED,discharge,2026-02-17T21:14:11.169881,0.0,107.14
P001393,2026-02-17T19:27:38.746790,2,walk-in,2026-02-17T19:32:24.663212,2026-02-17T19:32:24.663212,True,False,ED,admit,2026-02-18T00:22:50.833365,0.0,295.2
P001394,2026-02-17T19:37:02.858407,4,walk-in,2026-02-17T19:40:58.677774,2026-02-17T19:40:58.677774,False,False,ED,discharge,2026-02-17T20:33:25.870566,0.0,56.38
P001395,2026-02-17T20:03:21.093061,4,ambulance,2026-02-17T20:11:50.039867,2026-02-17T20:11:50.039867,False,False,ED,discharge,2026-02-17T23:57:52.040850,0.0,234.52
P001396,2026-02-17T20:08:51.413075,2,walk-in,2026-02-17T20:13:32.222894,2026-02-17T20:13:32.222894,False,False,ED,discharge,2026-02-17T23:34:53.375555,0.0,206.03
P001397,2026-02-17T20:27:07.835069,4,walk-in,2026-02-17T20:35:43.922692,2026-02-17T20:35:43.922692,False,True,ED,discharge,2026-02-17T21:24:34.507953,0.0,57.44
P001398,2026-02-17T20:47:10.073878,3,walk-in,2026-02-17T20:52:29.731404,2026-02-17T20:52:29.731404,False,False,ED,admit,2026-02-17T22:52:29.731404,0.0,125.33
P001399,2026-02-17T20:57:29.781884,4,walk-in,2026-02-17T21:03:32.455702,2026-02-17T21:03:32.455702,False,False,ED,discharge,2026-02-17T22:10:04.396502,0.0,72.58
P001400,2026-02-17T21:05:05.263088,4,walk-in,2026-02-17T21:13:22.687991,2026-02-17T21:13:22.687991,True,False,ED,discharge,2026-02-17T21:57:16.135374,0.0,52.18
P001401,2026-02-17T21:14:06.048951,5,walk-in,2026-02-17T21:23:29.973137,2026-02-17T21:23:29.973137,False,False,ED,discharge,2026-02-17T21:50:24.577407,0.0,36.31
P001402,2026-02-17T21:21:41.327232,3,walk-in,2026-02-17T21:29:15.190204,2026-02-17T21:29:15.190204,True,False,ED,discharge,2026-02-18T01:30:42.976950,0.0,249.03
P001403,2026-02-17T21:43:08.821585,2,transfer,2026-02-17T21:49:17.506557,2026-02-17T21:49:17.506557,True,False,ED,discharge,2026-02-18T03:17:08.170997,0.0,333.99
P001404,2026-02-17T21:48:13.039366,3,walk-in,2026-02-17T21:55:02.588656,2026-02-17T21:55:02.588656,False,False,ED,discharge,2026-02-18T03:11:29.322952,0.0,323.27
P001405,2026-02-17T21:50:47.333781,4,walk-in,2026-02-17T22:00:42.658505,2026-02-17T22:00:42.658505,False,False,ED,discharge,2026-02-17T22:41:41.688941,0.0,50.91
P001406,2026-02-17T22:03:35.137500,3,transfer,2026-02-17T22:10:30.654480,2026-02-17T22:10:30.654480,False,False,ED,discharge,2026-02-18T01:50:47.889109,0.0,227.21
P001407,2026-02-17T22:03:47.249972,5,walk-in,2026-02-17T22:07:41.798512,2026-02-17T22:07:41.798512,False,False,ED,discharge,2026-02-17T22:46:11.132135,0.0,42.4
P001408,2026-02-17T22:04:00.861885,3,walk-in,2026-02-17T22:08:26.581083,2026-02-17T22:08:26.581083,True,True,ED,discharge,2026-02-18T01:10:18.279220,0.0,186.29
P001409,2026-02-17T22:09:35.354339,2,transfer,2026-02-17T22:18:42.107226,2026-02-17T22:18:42.107226,False,True,ED,discharge,2026-02-18T04:54:55.209007,0.0,405.33
P001410,2026-02-17T22:15:06.005420,4,walk-in,2026-02-17T22:24:51.365763,2026-02-17T22:24:51.365763,True,False,ED,discharge,2026-02-17T23:53:44.034019,0.0,98.63
P001411,2026-02-17T22:27:49.045889,2,walk-in,2026-02-17T22:32:45.932127,2026-02-17T22:32:45.932127,True,False,ED,admit,2026-02-18T00:05:58.780024,0.0,98.16
P001412,2026-02-17T22:32:57.583085,2,walk-in,2026-02-17T22:41:02.215487,2026-02-17T22:41:02.215487,False,False,ED,admit,2026-02-18T03:01:05.542041,0.0,268.13
P001413,2026-02-17T22:41:59.881273,3,walk-in,2026-02-17T22:49:49.483790,2026-02-17T22:49:49.483790,True,False,ED,discharge,2026-02-18T00:49:49.483790,0.0,127.83
P001414,2026-02-17T22:47:12.502098,3,walk-in,2026-02-17T22:55:30.339751,2026-02-17T22:55:30.339751,True,False,ED,discharge,2026-02-18T03:25:38.242324,0.0,278.43
P001415,2026-02-17T23:09:44.724875,4,walk-in,2026-02-17T23:13:12.823113,2026-02-17T23:13:12.823113,False,False,ED,discharge,2026-02-18T01:04:53.976263,0.0,115.15
P001416,2026-02-17T23:36:17.175689,3,walk-in,2026-02-17T23:41:59.831442,2026-02-17T23:41:59.831442,False,False,ED,discharge,2026-02-18T03:33:53.851550,0.0,237.61
P001417,2026-02-17T23:37:55.894935,5,walk-in,2026-02-17T23:45:28.356001,2026-02-17T23:45:28.356001,False,False,ED,discharge,2026-02-18T00:30:37.577119,0.0,52.69
P001418,2026-02-18T00:06:25.033152,4,walk-in,2026-02-18T00:11:59.022965,2026-02-18T00:11:59.022965,False,False,ED,discharge,2026-02-18T02:25:03.984091,0.0,138.65
P001419,2026-02-18T00:11:36.308895,4,walk-in,2026-02-18T00:15:43.117821,2026-02-18T00:15:43.117821,False,False,ED,discharge,2026-02-18T02:21:42.703767,0.0,130.11
P001420,2026-02-18T00:41:46.964699,2,ambulance,2026-02-18T00:45:17.714170,2026-02-18T00:45:17.714170,True,False,ED,admit,2026-02-18T09:27:09.919382,0.0,525.38
P001421,2026-02-18T00:57:31.037461,4,walk-in,2026-02-18T01:06:42.245489,2026-02-18T01:06:42.245489,False,False,ED,discharge,2026-02-18T03:41:54.633187,0.0,164.39
P001422,2026-02-18T01:58:52.513912,3,walk-in,2026-02-18T02:06:02.107141,2026-02-18T02:06:02.107141,False,False,ED,discharge,2026-02-18T05:25:26.854985,0.0,206.57
P001423,2026-02-18T02:59:53.321923,4,walk-in,2026-02-18T03:05:05.928607,2026-02-18T03:05:05.928607,False,False,ED,discharge,2026-02-18T04:41:34.890532,0.0,101.69
P001424,2026-02-18T04:04:07.491183,4,walk-in,2026-02-18T04:07:45.721577,2026-02-18T04:07:45.721577,False,False,ED,discharge,2026-02-18T05:09:05.142646,0.0,64.96
P001425,2026-02-18T04:18:00.738419,4,walk-in,2026-02-18T04:27:00.752254,2026-02-18T04:27:00.752254,False,False,ED,discharge,2026-02-18T05:32:41.175077,0.0,74.67
P001426,2026-02-18T05:12:39.627064,2,walk-in,2026-02-18T05:21:15.183080,2026-02-18T05:21:15.183080,True,True,ED,admit,2026-02-18T06:51:40.411180,0.0,99.01
P001427,2026-02-18T05:26:58.081245,2,walk-in,2026-02-18T05:30:33.179756,2026-02-18T05:30:33.179756,True,True,ED,admit,2026-02-18T07:01:04.712378,0.0,94.11
P001428,2026-02-18T05:57:25.754874,3,walk-in,2026-02-18T06:01:24.434094,2026-02-18T06:01:24.434094,False,False,ED,discharge,2026-02-18T08:50:35.887731,0.0,173.17
P001429,2026-02-18T06:40:51.458707,3,walk-in,2026-02-18T06:48:17.677587,2026-02-18T06:48:17.677587,True,False,ED,discharge,2026-02-18T08:48:17.677587,0.0,127.44
P001430,2026-02-18T07:08:08.773087,2,ambulance,2026-02-18T07:11:20.248246,2026-02-18T07:11:20.248246,False,True,ED,admit,2026-02-18T08:41:20.248246,0.0,93.19
P001431,2026-02-18T07:15:01.140041,3,walk-in,2026-02-18T07:23:40.488339,2026-02-18T07:23:40.488339,False,True,ED,discharge,2026-02-18T12:48:22.110860,0.0,333.35
P001432,2026-02-18T07:17:13.955772,4,walk-in,2026-02-18T07:25:44.691402,2026-02-18T07:25:44.691402,False,False,ED,discharge,2026-02-18T08:41:59.323311,0.0,84.76
P001433,2026-02-18T07:18:22.816997,3,walk-in,2026-02-18T07:26:56.586614,2026-02-18T07:26:56.586614,False,False,ED,discharge,2026-02-18T13:47:08.580646,0.0,388.76
P001434,2026-02-18T07:28:37.117516,4,walk-in,2026-02-18T07:33:37.734713,2026-02-18T07:33:37.734713,False,False,ED,discharge,2026-02-18T09:51:50.803707,0.0,143.23
P001435,2026-02-18T07:30:13.321636,3,walk-in,2026-02-18T07:33:31.154766,2026-02-18T07:33:31.154766,False,True,ED,discharge,2026-02-18T17:15:51.334246,0.0,585.63
P001436,2026-02-18T07:53:55.592409,3,walk-in,2026-02-18T07:59:20.640317,2026-02-18T07:59:20.640317,False,False,ED,discharge,2026-02-18T12:42:01.583575,0.0,288.1
P001437,2026-02-18T08:11:03.688556,3,walk-in,2026-02-18T08:15:42.725301,2026-02-18T08:15:42.725301,True,False,ED,discharge,2026-02-18T10:57:06.318887,0.0,166.04
P001438,2026-02-18T08:20:23.788302,4,walk-in,2026-02-18T08:26:01.425024,2026-02-18T08:26:01.425024,True,False,ED,discharge,2026-02-18T11:04:00.326569,0.0,163.61
P001439,2026-02-18T08:25:12.807063,3,walk-in,2026-02-18T08:34:12.337823,2026-02-18T08:34:12.337823,False,False,ED,discharge,2026-02-18T18:38:44.438288,0.0,613.53
P001440,2026-02-18T08:38:54.548724,5,walk-in,2026-02-18T08:43:12.150624,2026-02-18T08:43:12.150624,False,False,ED,discharge,2026-02-18T09:30:39.100556,0.0,51.74
P001441,2026-02-18T08:44:16.888109,3,walk-in,2026-02-18T08:48:09.079180,2026-02-18T08:48:09.079180,False,False,ED,admit,2026-02-18T11:39:50.491820,0.0,175.56
P001442,2026-02-18T08:45:26.375038,3,walk-in,2026-02-18T08:51:55.722872,2026-02-18T08:51:55.722872,False,False,ED,discharge,2026-02-18T11:43:10.543886,0.0,177.74
P001443,2026-02-18T08:46:51.628127,4,walk-in,2026-02-18T08:51:44.103891,2026-02-18T08:51:44.103891,False,False,ED,discharge,2026-02-18T09:51:41.031463,0.0,64.82
P001444,2026-02-18T08:46:53.015115,4,walk-in,2026-02-18T08:54:59.846860,2026-02-18T08:54:59.846860,False,False,ED,discharge,2026-02-18T09:56:16.832292,0.0,69.4
P001445,2026-02-18T08:57:26.249605,4,walk-in,2026-02-18T09:05:30.845595,2026-02-18T09:05:30.845595,False,False,ED,discharge,2026-02-18T10:30:00.160996,0.0,92.57
P001446,2026-02-18T09:05:48.682264,4,walk-in,2026-02-18T09:15:41.209788,2026-02-18T09:15:41.209788,False,False,ED,discharge,2026-02-18T10:22:07.259015,0.0,76.31
P001447,2026-02-18T09:08:39.781319,5,walk-in,2026-02-18T09:14:29.158576,2026-02-18T09:14:29.158576,False,False,ED,discharge,2026-02-18T09:53:30.186990,0.0,44.84
P001448,2026-02-18T09:12:03.326424,5,walk-in,2026-02-18T09:15:38.861305,2026-02-18T09:15:38.861305,False,False,ED,discharge,2026-02-18T09:48:36.499791,0.0,36.55
P001449,2026-02-18T09:15:10.570363,4,walk-in,2026-02-18T09:21:42.761225,2026-02-18T09:21:42.761225,False,False,ED,discharge,2026-02-18T10:14:37.253189,0.0,59.44
P001450,2026-02-18T09:16:35.453631,3,transfer,2026-02-18T09:21:54.705147,2026-02-18T09:21:54.705147,False,False,ED,discharge,2026-02-18T16:52:05.581588,0.0,455.5
P001451,2026-02-18T09:17:41.999885,4,walk-in,2026-02-18T09:25:30.467416,2026-02-18T09:25:30.467416,True,False,ED,discharge,2026-02-18T11:15:02.742469,0.0,117.35
P001452,2026-02-18T09:21:11.441483,3,walk-in,2026-02-18T09:25:59.682662,2026-02-18T09:25:59.682662,False,False,ED,discharge,2026-02-18T12:41:47.154377,0.0,200.6
P001453,2026-02-18T09:32:51.229575,2,ambulance,2026-02-18T09:36:30.951028,2026-02-18T09:36:30.951028,True,False,ED,discharge,2026-02-18T13:52:41.570385,0.0,259.84
P001454,2026-02-18T09:34:32.429268,3,walk-in,2026-02-18T09:41:57.396178,2026-02-18T09:41:57.396178,True,False,ED,discharge,2026-02-18T11:41:57.396178,0.0,127.42
P001455,2026-02-18T09:38:06.185659,3,walk-in,2026-02-18T09:47:05.207342,2026-02-18T09:47:05.207342,False,False,ED,discharge,2026-02-18T12:02:59.701725,0.0,144.89
P001456,2026-02-18T09:42:29.381388,3,walk-in,2026-02-18T09:48:43.300902,2026-02-18T09:48:43.300902,False,False,ED,admit,2026-02-18T12:17:23.799955,0.0,154.91
P001457,2026-02-18T09:48:01.337716,5,walk-in,2026-02-18T09:52:18.965817,2026-02-18T09:52:18.965817,False,False,ED,discharge,2026-02-18T11:09:20.688010,0.0,81.32
P001458,2026-02-18T09:49:20.330491,2,walk-in,2026-02-18T09:58:48.547612,2026-02-18T09:58:48.547612,True,True,ED,discharge,2026-02-18T16:18:37.546982,0.0,389.29
P001459,2026-02-18T09:49:38.198859,3,walk-in,2026-02-18T09:59:29.379591,2026-02-18T09:59:29.379591,True,False,ED,discharge,2026-02-18T20:04:33.795424,0.0,614.93
P001460,2026-02-18T09:57:33.839326,3,walk-in,2026-02-18T10:01:30.088373,2026-02-18T10:01:30.088373,True,False,ED,discharge,2026-02-18T14:10:30.630582,0.0,252.95
P001461,2026-02-18T10:02:42.735005,4,walk-in,2026-02-18T10:07:43.206197,2026-02-18T10:07:43.206197,False,False,ED,discharge,2026-02-18T10:47:43.206197,0.0,45.01
P001462,2026-02-18T10:05:55.804555,4,walk-in,2026-02-18T10:10:07.456844,2026-02-18T10:10:07.456844,False,False,ED,discharge,2026-02-18T11:43:22.773249,0.0,97.45
P001463,2026-02-18T10:10:37.416282,2,walk-in,2026-02-18T10:15:58.196614,2026-02-18T10:15:58.196614,True,True,ED,admit,2026-02-18T12:54:51.738976,0.0,164.24
P001464,2026-02-18T10:14:39.459100,4,walk-in,2026-02-18T10:22:53.260133,2026-02-18T10:22:53.260133,False,False,ED,discharge,2026-02-18T11:02:53.260133,0.0,48.23
P001465,2026-02-18T10:20:01.626563,3,walk-in,2026-02-18T10:26:04.482488,2026-02-18T10:26:04.482488,False,True,ED,discharge,2026-02-18T15:41:29.023636,0.0,321.46
P001466,2026-02-18T10:22:15.002684,2,ambulance,2026-02-18T10:26:36.036885,2026-02-18T10:26:36.036885,False,False,ED,admit,2026-02-18T14:50:28.819303,0.0,268.23
P001467,2026-02-18T10:22:46.492179,5,walk-in,2026-02-18T10:31:52.410962,2026-02-18T10:31:52.410962,True,False,ED,discharge,2026-02-18T11:05:33.320828,0.0,42.78
P001468,2026-02-18T10:25:59.856207,3,walk-in,2026-02-18T10:35:16.803530,2026-02-18T10:35:16.803530,False,False,ED,discharge,2026-02-18T21:21:41.188756,0.0,655.69
P001469,2026-02-18T10:33:08.520285,4,walk-in,2026-02-18T10:42:04.441605,2026-02-18T10:42:04.441605,False,False,ED,discharge,2026-02-18T11:22:04.441605,0.0,48.93
P001470,2026-02-18T10:51:22.103926,3,transfer,2026-02-18T10:55:10.751925,2026-02-18T10:55:10.751925,False,False,ED,admit,2026-02-18T12:55:10.751925,0.0,123.81
P001471,2026-02-18T10:51:31.164890,4,walk-in,2026-02-18T10:56:10.883673,2026-02-18T10:56:10.883673,False,False,ED,discharge,2026-02-18T11:45:25.289906,0.0,53.9
P001472,2026-02-18T10:53:43.172926,4,walk-in,2026-02-18T10:57:35.310519,2026-02-18T10:57:35.310519,True,False,ED,discharge,2026-02-18T12:11:55.253583,0.0,78.2
P001473,2026-02-18T10:55:05.532438,4,walk-in,2026-02-18T11:05:02.672449,2026-02-18T11:05:02.672449,False,False,ED,discharge,2026-02-18T11:45:02.672449,0.0,49.95
P001474,2026-02-18T11:05:42.566156,3,walk-in,2026-02-18T11:14:21.642593,2026-02-18T11:14:21.642593,False,False,ED,admit,2026-02-18T13:18:03.858632,0.0,132.35
P001475,2026-02-18T11:17:59.352488,3,walk-in,2026-02-18T11:26:38.741913,2026-02-18T11:26:38.741913,False,False,ED,discharge,2026-02-18T13:29:21.681868,0.0,131.37
P001476,2026-02-18T11:22:47.717452,4,walk-in,2026-02-18T11:31:46.482360,2026-02-18T11:31:46.482360,True,False,ED,discharge,2026-02-18T12:14:01.812437,0.0,51.23
P001477,2026-02-18T11:24:13.373060,4,walk-in,2026-02-18T11:31:12.252765,2026-02-18T11:31:12.252765,True,False,ED,discharge,2026-02-18T13:05:27.053107,0.0,101.23
P001478,2026-02-18T11:41:22.696003,4,walk-in,2026-02-18T11:51:03.077165,2026-02-18T11:51:03.077165,False,False,ED,discharge,2026-02-18T12:31:03.077165,0.0,49.67
P001479,2026-02-18T11:42:42.481108,3,walk-in,2026-02-18T11:51:08.513996,2026-02-18T11:51:08.513996,False,False,ED,discharge,2026-02-18T21:25:47.757531,0.0,583.09
P001480,2026-02-18T11:45:32.135499,4,walk-in,2026-02-18T11:53:01.036077,2026-02-18T11:53:01.036077,False,False,ED,discharge,2026-02-18T13:36:05.078395,0.0,110.55
P001481,2026-02-18T11:49:19.792473,3,walk-in,2026-02-18T11:56:15.689529,2026-02-18T11:56:15.689529,False,False,ED,admit,2026-02-18T14:33:59.326054,0.0,164.66
P001482,2026-02-18T11:51:28.067186,4,walk-in,2026-02-18T11:58:06.554766,2026-02-18T11:58:06.554766,False,False,ED,discharge,2026-02-18T14:34:55.035552,0.0,163.45
P001483,2026-02-18T12:04:27.830103,3,ambulance,2026-02-18T12:09:52.596915,2026-02-18T12:09:52.596915,False,False,ED,discharge,2026-02-18T20:16:04.138721,0.0,491.61
P001484,2026-02-18T12:18:11.504484,2,walk-in,2026-02-18T12:26:40.816425,2026-02-18T12:26:40.816425,True,False,ED,admit,2026-02-18T14:59:14.404870,0.0,161.05
P001485,2026-02-18T12:33:44.766997,4,walk-in,2026-02-18T12:40:36.024856,2026-02-18T12:40:36.024856,False,False,ED,discharge,2026-02-18T14:31:37.586863,0.0,117.88
P001486,2026-02-18T12:35:26.772462,4,walk-in,2026-02-18T12:44:15.630419,2026-02-18T12:44:15.630419,False,False,ED,discharge,2026-02-18T13:53:33.344845,0.0,78.11
P001487,2026-02-18T12:39:34.272819,3,walk-in,2026-02-18T12:43:24.750912,2026-02-18T12:43:24.750912,False,False,ED,discharge,2026-02-18T19:32:10.208669,0.0,412.6
P001488,2026-02-18T12:59:28.736099,4,walk-in,2026-02-18T13:08:46.313538,2026-02-18T13:08:46.313538,False,False,ED,discharge,2026-02-18T15:27:57.513572,0.0,148.48
P001489,2026-02-18T12:59:45.441794,1,ambulance,2026-02-18T13:06:21.279209,2026-02-18T13:06:21.279209,True,False,ICU,transfer,2026-02-18T16:47:32.474208,0.0,227.78
P001490,2026-02-18T13:04:30.401980,3,walk-in,2026-02-18T13:08:04.511904,2026-02-18T13:08:04.511904,True,False,ED,admit,2026-02-18T17:11:59.590099,0.0,247.49
P001491,2026-02-18T13:12:13.823564,2,walk-in,2026-02-18T13:17:51.403968,2026-02-18T13:17:51.403968,True,False,ICU,discharge,2026-02-18T16:31:35.070608,0.0,199.35
P001492,2026-02-18T13:16:23.931888,2,walk-in,2026-02-18T13:20:38.351355,2026-02-18T13:20:38.351355,False,True,ED,admit,2026-02-18T16:32:44.566710,0.0,196.34
P001493,2026-02-18T13:16:37.493404,3,walk-in,2026-02-18T13:24:44.083484,2026-02-18T13:24:44.083484,True,False,ED,discharge,2026-02-18T15:25:56.089460,0.0,129.31
P001494,2026-02-18T13:20:39.364327,3,walk-in,2026-02-18T13:26:47.954863,2026-02-18T13:26:47.954863,True,False,ED,discharge,2026-02-18T17:36:39.409953,0.0,256.0
P001495,2026-02-18T13:21:40.061517,4,walk-in,2026-02-18T13:28:33.356603,2026-02-18T13:28:33.356603,True,False,ED,discharge,2026-02-18T15:45:34.902843,0.0,143.91
P001496,2026-02-18T13:26:17.265445,5,walk-in,2026-02-18T13:35:48.909215,2026-02-18T13:35:48.909215,False,False,ED,discharge,2026-02-18T13:55:49.104267,0.0,29.53
P001497,2026-02-18T13:29:35.341976,4,walk-in,2026-02-18T13:39:22.866705,2026-02-18T13:39:22.866705,False,False,ED,discharge,2026-02-18T16:36:43.283064,0.0,187.13
P001498,2026-02-18T13:59:32.125041,5,walk-in,2026-02-18T14:08:56.769182,2026-02-18T14:08:56.769182,False,False,ED,discharge,2026-02-18T15:37:40.061292,0.0,98.13
P001499,2026-02-18T13:59:46.088443,3,transfer,2026-02-18T14:09:07.296368,2026-02-18T14:09:07.296368,False,True,ED,discharge,2026-02-18T17:04:33.655378,0.0,184.79
P001500,2026-02-18T14:09:51.459677,4,transfer,2026-02-18T14:15:04.917171,2026-02-18T14:15:04.917171,False,False,ED,discharge,2026-02-18T15:58:42.854741,0.0,108.86
P001501,2026-02-18T14:15:51.416100,3,walk-in,2026-02-18T14:25:05.804328,2026-02-18T14:25:05.804328,False,False,ED,discharge,2026-02-18T18:15:40.774072,0.0,239.82
P001502,2026-02-18T14:33:40.285693,2,walk-in,2026-02-18T14:38:43.772626,2026-02-18T14:38:43.772626,True,False,ED,admit,2026-02-18T17:22:40.313583,0.0,169.0
P001503,2026-02-18T14:33:41.084237,2,walk-in,2026-02-18T14:41:27.544708,2026-02-18T14:41:27.544708,False,True,ED,discharge,2026-02-19T00:28:22.652506,0.0,594.69
P001504,2026-02-18T14:34:04.623828,3,walk-in,2026-02-18T14:43:28.995450,2026-02-18T14:43:28.995450,True,False,ED,admit,2026-02-18T16:55:14.311273,0.0,141.16
P001505,2026-02-18T14:39:06.670788,5,walk-in,2026-02-18T14:47:54.146357,2026-02-18T14:47:54.146357,False,False,ED,discharge,2026-02-18T15:44:50.930643,0.0,65.74
P001506,2026-02-18T14:40:02.274941,4,walk-in,2026-02-18T14:48:09.390923,2026-02-18T14:48:09.390923,False,False,ED,discharge,2026-02-18T16:05:35.715649,0.0,85.56
P001507,2026-02-18T14:41:25.735985,5,walk-in,2026-02-18T14:50:33.926071,2026-02-18T14:50:33.926071,False,False,ED,discharge,2026-02-18T15:33:29.368707,0.0,52.06
P001508,2026-02-18T14:44:47.103849,4,walk-in,2026-02-18T14:47:56.729696,2026-02-18T14:47:56.729696,False,False,ED,discharge,2026-02-18T16:18:55.100381,0.0,94.13
P001509,2026-02-18T14:51:05.651610,4,transfer,2026-02-18T14:57:16.152573,2026-02-18T14:57:16.152573,False,False,ED,discharge,2026-02-18T16:22:27.770167,0.0,91.37
P001510,2026-02-18T14:51:33.309288,2,walk-in,2026-02-18T14:57:06.645537,2026-02-18T14:57:06.645537,True,False,ICU,discharge,2026-02-18T21:04:55.809768,0.0,373.38
P001511,2026-02-18T14:52:00.091897,3,walk-in,2026-02-18T14:57:17.805950,2026-02-18T14:57:17.805950,True,False,ED,discharge,2026-02-18T18:47:37.758767,0.0,235.63
P001512,2026-02-18T15:01:00.643766,5,walk-in,2026-02-18T15:08:49.077713,2026-02-18T15:08:49.077713,False,False,ED,discharge,2026-02-18T15:50:59.299817,0.0,49.98
P001513,2026-02-18T15:01:53.367242,5,walk-in,2026-02-18T15:08:53.026913,2026-02-18T15:08:53.026913,False,False,ED,discharge,2026-02-18T15:49:34.037895,0.0,47.68
P001514,2026-02-18T15:01:56.928348,4,walk-in,2026-02-18T15:07:57.512000,2026-02-18T15:07:57.512000,False,False,ED,discharge,2026-02-18T16:23:12.845555,0.0,81.27
P001515,2026-02-18T15:07:11.918048,2,walk-in,2026-02-18T15:10:27.789065,2026-02-18T15:10:27.789065,True,True,ED,admit,2026-02-18T18:32:00.230676,0.0,204.81
P001516,2026-02-18T15:08:40.891806,5,walk-in,2026-02-18T15:16:31.282507,2026-02-18T15:16:31.282507,False,False,ED,discharge,2026-02-18T15:41:26.089614,0.0,32.75
P001517,2026-02-18T15:11:32.898457,3,walk-in,2026-02-18T15:18:08.024824,2026-02-18T15:18:08.024824,False,False,ED,discharge,2026-02-18T17:18:08.024824,0.0,126.59
P001518,2026-02-18T15:16:08.573483,4,walk-in,2026-02-18T15:24:00.591235,2026-02-18T15:24:00.591235,False,False,ED,discharge,2026-02-18T17:02:13.031701,0.0,106.07
P001519,2026-02-18T15:23:04.493938,3,walk-in,2026-02-18T15:27:26.809212,2026-02-18T15:27:26.809212,False,False,ED,discharge,2026-02-18T18:13:10.281006,0.0,170.1
P001520,2026-02-18T15:29:23.687999,5,walk-in,2026-02-18T15:36:47.371972,2026-02-18T15:36:47.371972,False,False,ED,discharge,2026-02-18T16:12:54.954134,0.0,43.52
P001521,2026-02-18T15:29:51.638053,2,walk-in,2026-02-18T15:39:16.071729,2026-02-18T15:39:16.071729,True,False,ED,discharge,2026-02-18T20:15:32.838500,0.0,285.69
P001522,2026-02-18T15:40:11.410614,3,walk-in,2026-02-18T15:48:43.432379,2026-02-18T15:48:43.432379,False,False,ED,discharge,2026-02-18T18:18:09.588968,0.0,157.97
P001523,2026-02-18T15:53:23.285635,4,walk-in,2026-02-18T15:58:58.131620,2026-02-18T15:58:58.131620,False,False,ED,discharge,2026-02-18T18:22:25.015364,0.0,149.03
P001524,2026-02-18T15:53:24.925451,4,walk-in,2026-02-18T15:59:36.712340,2026-02-18T15:59:36.712340,True,False,ED,discharge,2026-02-18T16:43:26.349601,0.0,50.02
P001525,2026-02-18T15:58:38.826284,3,walk-in,2026-02-18T16:07:36.868556,2026-02-18T16:07:36.868556,True,False,ED,discharge,2026-02-18T18:17:49.161073,0.0,139.17
P001526,2026-02-18T16:06:11.492696,4,walk-in,2026-02-18T16:10:29.482029,2026-02-18T16:10:29.482029,False,False,ED,discharge,2026-02-18T17:42:32.733285,0.0,96.35
P001527,2026-02-18T16:07:56.814867,4,walk-in,2026-02-18T16:16:45.544382,2026-02-18T16:16:45.544382,False,False,ED,discharge,2026-02-18T18:35:17.053641,0.0,147.34
P001528,2026-02-18T16:07:58.663453,3,walk-in,2026-02-18T16:15:46.140541,2026-02-18T16:15:46.140541,False,False,ED,discharge,2026-02-18T18:45:26.129992,0.0,157.46
P001529,2026-02-18T16:20:26.531995,5,walk-in,2026-02-18T16:30:03.442238,2026-02-18T16:30:03.442238,False,False,ED,discharge,2026-02-18T17:28:26.568283,0.0,68.0
P001530,2026-02-18T16:26:36.282381,3,walk-in,2026-02-18T16:34:24.586121,2026-02-18T16:34:24.586121,True,False,ED,discharge,2026-02-18T20:04:23.588149,0.0,217.79
P001531,2026-02-18T16:47:08.150934,4,walk-in,2026-02-18T16:50:18.927827,2026-02-18T16:50:18.927827,False,False,ED,discharge,2026-02-18T19:19:52.562117,0.0,152.74
P001532,2026-02-18T16:49:47.894548,3,walk-in,2026-02-18T16:57:33.537836,2026-02-18T16:57:33.537836,False,False,ED,discharge,2026-02-18T20:06:24.918326,0.0,196.62
P001533,2026-02-18T17:02:26.654748,2,walk-in,2026-02-18T17:09:01.825031,2026-02-18T17:09:01.825031,True,False,ICU,admit,2026-02-18T19:14:04.115679,0.0,131.62
P001534,2026-02-18T17:03:55.062108,4,walk-in,2026-02-18T17:10:59.492431,2026-02-18T17:10:59.492431,False,True,ED,discharge,2026-02-18T18:38:09.096393,0.0,94.23
P001535,2026-02-18T17:15:04.203764,3,walk-in,2026-02-18T17:21:14.747991,2026-02-18T17:21:14.747991,False,False,ED,admit,2026-02-18T21:06:41.529340,0.0,231.62
P001536,2026-02-18T17:28:23.642279,4,walk-in,2026-02-18T17:37:18.909952,2026-02-18T17:37:18.909952,False,False,ED,discharge,2026-02-18T18:28:03.405861,0.0,59.66
P001537,2026-02-18T17:43:52.508944,2,transfer,2026-02-18T17:48:44.125802,2026-02-18T17:48:44.125802,False,False,ED,discharge,2026-02-19T03:20:26.023387,0.0,576.56
P001538,2026-02-18T17:55:34.421580,2,walk-in,2026-02-18T18:01:46.207429,2026-02-18T18:01:46.207429,False,False,ICU,discharge,2026-02-19T02:02:44.635602,0.0,487.17
P001539,2026-02-18T17:58:50.537643,3,walk-in,2026-02-18T18:06:58.188391,2026-02-18T18:06:58.188391,True,False,ED,discharge,2026-02-19T03:45:14.431015,0.0,586.4
P001540,2026-02-18T18:04:55.231962,4,walk-in,2026-02-18T18:09:03.603562,2026-02-18T18:09:03.603562,True,False,ED,discharge,2026-02-18T20:53:29.714050,0.0,168.57
P001541,2026-02-18T18:32:56.171402,3,walk-in,2026-02-18T18:38:12.442574,2026-02-18T18:38:12.442574,False,False,ED,discharge,2026-02-18T20:43:42.703431,0.0,130.78
P001542,2026-02-18T18:35:10.292482,3,walk-in,2026-02-18T18:40:32.206502,2026-02-18T18:40:32.206502,False,False,ED,discharge,2026-02-18T23:44:49.184522,0.0,309.65
P001543,2026-02-18T18:46:34.544323,3,walk-in,2026-02-18T18:56:19.649192,2026-02-18T18:56:19.649192,False,False,ED,discharge,2026-02-18T21:56:16.433298,0.0,189.7
P001544,2026-02-18T18:53:14.885784,5,walk-in,2026-02-18T19:03:01.292230,2026-02-18T19:03:01.292230,False,False,ED,discharge,2026-02-18T19:40:57.887112,0.0,47.72
P001545,2026-02-18T19:12:17.853665,4,walk-in,2026-02-18T19:15:35.861137,2026-02-18T19:15:35.861137,False,False,ED,discharge,2026-02-18T20:21:03.819971,0.0,68.77
P001546,2026-02-18T19:19:01.440875,2,walk-in,2026-02-18T19:28:12.336183,2026-02-18T19:28:12.336183,False,False,ED,admit,2026-02-18T22:13:48.923343,0.0,174.79
P001547,2026-02-18T19:19:30.401805,1,ambulance,2026-02-18T19:22:44.593312,2026-02-18T19:22:44.593312,True,False,ICU,admit,2026-02-18T22:26:35.555302,0.0,187.09
P001548,2026-02-18T19:30:34.864030,4,walk-in,2026-02-18T19:36:15.752405,2026-02-18T19:36:15.752405,False,False,ED,discharge,2026-02-18T21:16:41.093746,0.0,106.1
P001549,2026-02-18T19:30:59.329895,4,transfer,2026-02-18T19:35:32.605812,2026-02-18T19:35:32.605812,False,False,ED,discharge,2026-02-18T22:16:37.327421,0.0,165.63
P001550,2026-02-18T19:33:00.750197,1,ambulance,2026-02-18T19:39:37.182085,2026-02-18T19:39:37.182085,True,True,ICU,admit,2026-02-18T21:44:57.659873,0.0,131.95
P001551,2026-02-18T19:34:27.889214,5,walk-in,2026-02-18T19:43:06.150814,2026-02-18T19:43:06.150814,False,False,ED,discharge,2026-02-18T20:26:52.123026,0.0,52.4
P001552,2026-02-18T19:44:53.967536,3,walk-in,2026-02-18T19:53:47.257695,2026-02-18T19:53:47.257695,True,False,ED,discharge,2026-02-18T22:34:23.137863,0.0,169.49
P001553,2026-02-18T19:50:22.084687,1,ambulance,2026-02-18T19:55:04.879050,2026-02-18T19:55:04.879050,True,True,ED,admit,2026-02-18T22:19:12.190790,0.0,148.84
P001554,2026-02-18T19:51:29.208911,3,walk-in,2026-02-18T19:55:05.787505,2026-02-18T19:55:05.787505,False,False,ED,discharge,2026-02-19T00:07:59.898297,0.0,256.51
P001555,2026-02-18T19:55:53.077140,3,walk-in,2026-02-18T20:01:25.615848,2026-02-18T20:01:25.615848,False,False,ED,discharge,2026-02-19T07:12:57.264814,0.0,677.07
P001556,2026-02-18T20:05:36.538652,4,walk-in,2026-02-18T20:14:02.256227,2026-02-18T20:14:02.256227,False,False,ED,discharge,2026-02-18T20:54:02.256227,0.0,48.43
P001557,2026-02-18T20:10:57.428247,4,walk-in,2026-02-18T20:17:48.165361,2026-02-18T20:17:48.165361,False,False,ED,discharge,2026-02-18T21:26:00.871137,0.0,75.06
P001558,2026-02-18T20:13:52.695957,3,walk-in,2026-02-18T20:21:58.583409,2026-02-18T20:21:58.583409,False,False,ED,admit,2026-02-19T00:38:08.685382,0.0,264.27
P001559,2026-02-18T20:17:15.585914,5,walk-in,2026-02-18T20:21:28.054336,2026-02-18T20:21:28.054336,False,False,ED,discharge,2026-02-18T21:04:07.686202,0.0,46.87
P001560,2026-02-18T21:14:28.355997,4,walk-in,2026-02-18T21:22:04.399780,2026-02-18T21:22:04.399780,False,False,ED,discharge,2026-02-18T22:02:04.399780,0.0,47.6
P001561,2026-02-18T21:25:12.616166,3,walk-in,2026-02-18T21:32:47.010426,2026-02-18T21:32:47.010426,False,False,ED,discharge,2026-02-19T03:18:24.539132,0.0,353.2
P001562,2026-02-18T21:36:42.386528,3,walk-in,2026-02-18T21:43:07.809883,2026-02-18T21:43:07.809883,False,False,ED,discharge,2026-02-19T00:50:00.402487,0.0,193.3
P001563,2026-02-18T21:45:11.978597,4,walk-in,2026-02-18T21:54:47.575902,2026-02-18T21:54:47.575902,False,False,ED,discharge,2026-02-18T23:47:09.339078,0.0,121.96
P001564,2026-02-18T21:55:18.578934,4,walk-in,2026-02-18T22:01:26.246158,2026-02-18T22:01:26.246158,False,False,ED,discharge,2026-02-18T22:41:26.246158,0.0,46.13
P001565,2026-02-18T22:08:12.910133,2,ambulance,2026-02-18T22:11:36.193892,2026-02-18T22:11:36.193892,True,False,ED,admit,2026-02-19T00:15:46.527596,0.0,127.56
P001566,2026-02-18T22:16:10.702176,3,walk-in,2026-02-18T22:21:27.990419,2026-02-18T22:21:27.990419,False,False,ED,discharge,2026-02-19T01:56:35.460752,0.0,220.41
P001567,2026-02-18T22:26:14.822949,2,walk-in,2026-02-18T22:34:30.977521,2026-02-18T22:34:30.977521,True,False,ED,admit,2026-02-19T03:19:13.569890,0.0,292.98
P001568,2026-02-18T22:33:54.776426,2,walk-in,2026-02-18T22:38:46.207284,2026-02-18T22:38:46.207284,True,False,ED,discharge,2026-02-19T00:08:46.207284,0.0,94.86
P001569,2026-02-18T22:35:17.895332,3,walk-in,2026-02-18T22:42:16.842282,2026-02-18T22:42:16.842282,False,False,ED,discharge,2026-02-19T02:07:39.390972,0.0,212.36
P001570,2026-02-18T22:55:52.937853,2,walk-in,2026-02-18T23:01:38.563075,2026-02-18T23:01:38.563075,True,False,ED,discharge,2026-02-19T01:20:57.508869,0.0,145.08
P001571,2026-02-18T23:00:19.031364,4,walk-in,2026-02-18T23:05:15.846043,2026-02-18T23:05:15.846043,False,False,ED,discharge,2026-02-19T01:05:23.201069,0.0,125.07
P001572,2026-02-18T23:24:19.961868,2,ambulance,2026-02-18T23:33:10.739182,2026-02-18T23:33:10.739182,True,True,ED,discharge,2026-02-19T01:03:10.739182,0.0,98.85
P001573,2026-02-18T23:26:28.612230,4,walk-in,2026-02-18T23:30:31.282688,2026-02-18T23:30:31.282688,False,False,ED,discharge,2026-02-19T00:25:22.230738,0.0,58.89
P001574,2026-02-18T23:33:06.287610,3,walk-in,2026-02-18T23:40:40.864585,2026-02-18T23:40:40.864585,False,False,ED,discharge,2026-02-19T02:39:44.748447,0.0,186.64
P001575,2026-02-19T00:05:49.805016,3,walk-in,2026-02-19T00:09:27.194600,2026-02-19T00:09:27.194600,True,False,ED,discharge,2026-02-19T04:19:17.155935,0.0,253.46
P001576,2026-02-19T00:11:56.273269,4,walk-in,2026-02-19T00:15:36.206050,2026-02-19T00:15:36.206050,False,False,ED,discharge,2026-02-19T01:46:38.986170,0.0,94.71
P001577,2026-02-19T00:14:57.445884,4,walk-in,2026-02-19T00:22:07.544939,2026-02-19T00:22:07.544939,False,False,ED,discharge,2026-02-19T01:19:35.462807,0.0,64.63
P001578,2026-02-19T01:07:13.786947,2,transfer,2026-02-19T01:16:58.045023,2026-02-19T01:16:58.045023,False,False,ED,admit,2026-02-19T11:16:58.045023,0.0,609.74
P001579,2026-02-19T01:28:02.166509,4,walk-in,2026-02-19T01:37:49.779956,2026-02-19T01:37:49.779956,False,False,ED,discharge,2026-02-19T02:41:04.378920,0.0,73.04
P001580,2026-02-19T01:43:11.253406,4,walk-in,2026-02-19T01:52:20.927886,2026-02-19T01:52:20.927886,False,False,ED,discharge,2026-02-19T02:42:27.242220,0.0,59.27
P001581,2026-02-19T01:54:41.284388,3,ambulance,2026-02-19T01:58:53.765903,2026-02-19T01:58:53.765903,False,False,ED,discharge,2026-02-19T04:59:42.780301,0.0,185.02
P001582,2026-02-19T01:56:29.445575,3,walk-in,2026-02-19T02:05:23.334476,2026-02-19T02:05:23.334476,False,False,ED,discharge,2026-02-19T05:18:52.021848,0.0,202.38
P001583,2026-02-19T01:59:24.360000,2,ambulance,2026-02-19T02:08:38.575778,2026-02-19T02:08:38.575778,False,False,ED,discharge,2026-02-19T05:24:14.943757,0.0,204.84
P001584,2026-02-19T02:27:10.667266,3,walk-in,2026-02-19T02:31:13.850813,2026-02-19T02:31:13.850813,False,False,ED,discharge,2026-02-19T04:44:44.357605,0.0,137.56
P001585,2026-02-19T03:09:03.354197,2,ambulance,2026-02-19T03:14:32.303520,2026-02-19T03:14:32.303520,False,True,ED,discharge,2026-02-19T04:49:03.464298,0.0,100.0
P001586,2026-02-19T03:28:47.610761,3,walk-in,2026-02-19T03:32:06.099662,2026-02-19T03:32:06.099662,False,False,ED,discharge,2026-02-19T06:34:40.965307,0.0,185.89
P001587,2026-02-19T03:35:18.651433,3,walk-in,2026-02-19T03:40:57.153906,2026-02-19T03:40:57.153906,True,False,ED,admit,2026-02-19T15:40:57.153906,0.0,725.64
P001588,2026-02-19T03:52:12.825019,4,walk-in,2026-02-19T03:56:29.149624,2026-02-19T03:56:29.149624,False,False,ED,discharge,2026-02-19T05:08:38.677101,0.0,76.43
P001589,2026-02-19T04:36:21.014329,3,walk-in,2026-02-19T04:41:12.243505,2026-02-19T04:41:12.243505,False,True,ED,discharge,2026-02-19T07:08:40.893236,0.0,152.33
P001590,2026-02-19T05:35:56.640502,2,ambulance,2026-02-19T05:42:52.190422,2026-02-19T05:42:52.190422,True,True,ED,discharge,2026-02-19T07:54:28.708706,0.0,138.53
P001591,2026-02-19T05:42:53.649946,3,walk-in,2026-02-19T05:46:46.174179,2026-02-19T05:46:46.174179,False,False,ED,discharge,2026-02-19T15:28:06.784534,0.0,585.22
P001592,2026-02-19T05:43:07.827544,3,walk-in,2026-02-19T05:49:38.587234,2026-02-19T05:49:38.587234,False,False,ED,admit,2026-02-19T09:44:47.245347,0.0,241.66
P001593,2026-02-19T05:44:31.603392,4,walk-in,2026-02-19T05:51:33.418496,2026-02-19T05:51:33.418496,False,False,ED,discharge,2026-02-19T08:15:40.094572,0.0,151.14
P001594,2026-02-19T07:17:04.021564,3,walk-in,2026-02-19T07:24:10.350699,2026-02-19T07:24:10.350699,False,False,ED,admit,2026-02-19T11:36:24.125030,0.0,259.34
P001595,2026-02-19T07:23:55.098024,5,walk-in,2026-02-19T07:31:55.286629,2026-02-19T07:31:55.286629,False,False,ED,discharge,2026-02-19T07:57:56.789623,0.0,34.03
P001596,2026-02-19T07:24:09.706644,3,transfer,2026-02-19T07:27:28.098806,2026-02-19T07:27:28.098806,True,False,ED,discharge,2026-02-19T09:40:57.327884,0.0,136.79
P001597,2026-02-19T07:33:17.789045,3,walk-in,2026-02-19T07:38:14.724043,2026-02-19T07:38:14.724043,False,True,ED,discharge,2026-02-19T19:26:46.285134,0.0,713.47
P001598,2026-02-19T07:41:12.429422,3,ambulance,2026-02-19T07:45:33.593839,2026-02-19T07:45:33.593839,True,True,ED,discharge,2026-02-19T11:07:33.248777,0.0,206.35
P001599,2026-02-19T07:43:18.014475,3,walk-in,2026-02-19T07:51:31.973632,2026-02-19T07:51:31.973632,False,True,ED,discharge,2026-02-19T12:31:44.865767,0.0,288.45
P001600,2026-02-19T07:50:12.372739,4,walk-in,2026-02-19T07:57:01.988578,2026-02-19T07:57:01.988578,False,False,ED,discharge,2026-02-19T08:41:05.010390,0.0,50.88
P001601,2026-02-19T08:10:50.545121,2,ambulance,2026-02-19T08:17:27.673191,2026-02-19T08:17:27.673191,False,False,ED,discharge,2026-02-19T12:34:53.312493,0.0,264.05
P001602,2026-02-19T08:12:26.084229,5,walk-in,2026-02-19T08:22:03.901899,2026-02-19T08:22:03.901899,False,False,ED,discharge,2026-02-19T09:11:34.323319,0.0,59.14
P001603,2026-02-19T08:17:12.166664,3,walk-in,2026-02-19T08:23:17.112249,2026-02-19T08:23:17.112249,False,False,ED,admit,2026-02-19T10:57:17.207153,0.0,160.08
P001604,2026-02-19T08:25:50.833212,2,walk-in,2026-02-19T08:30:40.545140,2026-02-19T08:30:40.545140,True,False,ICU,discharge,2026-02-19T10:31:36.581685,0.0,125.76
P001605,2026-02-19T08:30:58.607690,2,walk-in,2026-02-19T08:37:19.265511,2026-02-19T08:37:19.265511,True,False,ED,discharge,2026-02-19T10:48:22.211907,0.0,137.39
P001606,2026-02-19T08:50:23.968975,3,walk-in,2026-02-19T08:53:56.983632,2026-02-19T08:53:56.983632,False,True,ED,admit,2026-02-19T10:53:56.983632,0.0,123.55
P001607,2026-02-19T09:04:46.947279,3,walk-in,2026-02-19T09:10:39.478908,2026-02-19T09:10:39.478908,False,True,ED,discharge,2026-02-19T12:18:47.878207,0.0,194.02
P001608,2026-02-19T09:07:35.337995,3,walk-in,2026-02-19T09:13:59.251409,2026-02-19T09:13:59.251409,True,False,ED,discharge,2026-02-19T12:52:59.180790,0.0,225.4
P001609,2026-02-19T09:17:11.958111,4,walk-in,2026-02-19T09:22:15.151403,2026-02-19T09:22:15.151403,False,False,ED,discharge,2026-02-19T11:07:30.576170,0.0,110.31
P001610,2026-02-19T09:19:20.350346,4,walk-in,2026-02-19T09:25:23.011712,2026-02-19T09:25:23.011712,False,False,ED,discharge,2026-02-19T10:46:18.524955,0.0,86.97
P001611,2026-02-19T09:24:09.287469,3,walk-in,2026-02-19T09:29:42.246227,2026-02-19T09:29:42.246227,False,False,ED,discharge,2026-02-19T14:02:54.406390,0.0,278.75
P001612,2026-02-19T09:29:41.485523,4,walk-in,2026-02-19T09:34:55.437071,2026-02-19T09:34:55.437071,False,False,ED,discharge,2026-02-19T11:20:36.496608,0.0,110.92
P001613,2026-02-19T09:35:25.141761,3,walk-in,2026-02-19T09:44:33.013732,2026-02-19T09:44:33.013732,False,False,ED,discharge,2026-02-19T14:04:55.920385,0.0,269.51
P001614,2026-02-19T09:37:22.706450,4,walk-in,2026-02-19T09:43:09.232412,2026-02-19T09:43:09.232412,False,False,ED,discharge,2026-02-19T12:31:38.680171,0.0,174.27
P001615,2026-02-19T09:40:01.022008,3,walk-in,2026-02-19T09:44:14.483330,2026-02-19T09:44:14.483330,True,False,ED,discharge,2026-02-19T15:25:06.691674,0.0,345.09
P001616,2026-02-19T09:44:13.084669,5,walk-in,2026-02-19T09:50:32.143009,2026-02-19T09:50:32.143009,False,False,ED,discharge,2026-02-19T10:29:13.831755,0.0,45.01
P001617,2026-02-19T10:01:10.732286,4,walk-in,2026-02-19T10:06:47.186180,2026-02-19T10:06:47.186180,False,False,ED,discharge,2026-02-19T11:41:19.113520,0.0,100.14
P001618,2026-02-19T10:07:28.900858,4,walk-in,2026-02-19T10:10:54.087676,2026-02-19T10:10:54.087676,False,False,ED,discharge,2026-02-19T10:55:49.809205,0.0,48.35
P001619,2026-02-19T10:13:59.875974,4,transfer,2026-02-19T10:17:53.573877,2026-02-19T10:17:53.573877,False,False,ED,discharge,2026-02-19T11:47:32.052124,0.0,93.54
P001620,2026-02-19T10:18:00.851650,3,walk-in,2026-02-19T10:21:06.572039,2026-02-19T10:21:06.572039,False,False,ED,discharge,2026-02-19T13:00:51.751494,0.0,162.85
P001621,2026-02-19T10:24:39.193959,4,walk-in,2026-02-19T10:32:45.981641,2026-02-19T10:32:45.981641,False,False,ED,discharge,2026-02-19T12:13:29.281523,0.0,108.83
P001622,2026-02-19T10:25:25.903637,4,walk-in,2026-02-19T10:30:01.653534,2026-02-19T10:30:01.653534,False,False,ED,discharge,2026-02-19T11:51:41.056075,0.0,86.25
P001623,2026-02-19T10:26:03.065538,5,walk-in,2026-02-19T10:31:37.833768,2026-02-19T10:31:37.833768,False,False,ED,discharge,2026-02-19T11:11:03.400000,0.0,45.01
P001624,2026-02-19T10:27:43.006194,4,walk-in,2026-02-19T10:34:14.460524,2026-02-19T10:34:14.460524,False,False,ED,discharge,2026-02-19T12:08:39.921662,0.0,100.95
P001625,2026-02-19T10:28:46.457392,3,walk-in,2026-02-19T10:34:20.776829,2026-02-19T10:34:20.776829,False,False,ED,discharge,2026-02-19T14:24:14.189834,0.0,235.46
P001626,2026-02-19T10:39:00.339373,5,walk-in,2026-02-19T10:48:37.014394,2026-02-19T10:48:37.014394,False,False,ED,discharge,2026-02-19T11:36:28.926941,0.0,57.48
P001627,2026-02-19T10:51:50.598622,5,walk-in,2026-02-19T10:59:11.330436,2026-02-19T10:59:11.330436,False,False,ED,discharge,2026-02-19T11:25:01.456804,0.0,33.18
P001628,2026-02-19T11:00:31.471769,4,walk-in,2026-02-19T11:05:34.729097,2026-02-19T11:05:34.729097,False,False,ED,discharge,2026-02-19T14:44:05.320633,0.0,223.56
P001629,2026-02-19T11:03:53.576588,3,walk-in,2026-02-19T11:07:24.142494,2026-02-19T11:07:24.142494,False,False,ED,discharge,2026-02-19T16:21:47.233187,0.0,317.89
P001630,2026-02-19T11:05:58.476354,4,walk-in,2026-02-19T11:11:41.026800,2026-02-19T11:11:41.026800,False,True,ED,discharge,2026-02-19T12:26:26.635631,0.0,80.47
P001631,2026-02-19T11:09:43.033905,4,walk-in,2026-02-19T11:17:45.092280,2026-02-19T11:17:45.092280,False,False,ED,discharge,2026-02-19T12:31:37.499782,0.0,81.91
P001632,2026-02-19T11:18:25.002570,4,walk-in,2026-02-19T11:21:29.964997,2026-02-19T11:21:29.964997,False,False,ED,discharge,2026-02-19T12:40:01.395977,0.0,81.61
P001633,2026-02-19T11:19:35.900188,3,walk-in,2026-02-19T11:24:36.274596,2026-02-19T11:24:36.274596,False,False,ED,discharge,2026-02-19T13:24:36.274596,0.0,125.01
P001634,2026-02-19T11:25:33.270211,3,walk-in,2026-02-19T11:35:14.585043,2026-02-19T11:35:14.585043,True,False,ED,discharge,2026-02-19T16:33:44.438290,0.0,308.19
P001635,2026-02-19T11:31:50.498883,2,walk-in,2026-02-19T11:36:21.824815,2026-02-19T11:36:21.824815,False,False,ICU,discharge,2026-02-19T18:19:38.852066,0.0,407.81
P001636,2026-02-19T11:32:10.134452,4,walk-in,2026-02-19T11:39:51.332057,2026-02-19T11:39:51.332057,False,False,ED,discharge,2026-02-19T12:25:58.513227,0.0,53.81
P001637,2026-02-19T11:33:23.551253,5,walk-in,2026-02-19T11:42:01.191403,2026-02-19T11:42:01.191403,False,False,ED,discharge,2026-02-19T12:32:48.211771,0.0,59.41
P001638,2026-02-19T11:35:21.531094,2,walk-in,2026-02-19T11:43:11.583058,2026-02-19T11:43:11.583058,True,False,ED,admit,2026-02-19T14:38:14.634952,0.0,182.89
P001639,2026-02-19T11:53:34.953119,3,walk-in,2026-02-19T11:57:32.715841,2026-02-19T11:57:32.715841,False,True,ED,discharge,2026-02-19T15:25:02.979223,0.0,211.47
P001640,2026-02-19T11:58:03.634812,4,walk-in,2026-02-19T12:03:43.796987,2026-02-19T12:03:43.796987,False,False,ED,discharge,2026-02-19T13:59:53.157730,0.0,121.83
P001641,2026-02-19T12:00:52.777721,3,walk-in,2026-02-19T12:07:51.343254,2026-02-19T12:07:51.343254,True,False,ED,discharge,2026-02-19T14:07:51.343254,0.0,126.98
P001642,2026-02-19T12:08:53.275713,3,walk-in,2026-02-19T12:17:36.378498,2026-02-19T12:17:36.378498,False,False,ED,discharge,2026-02-19T14:17:36.378498,0.0,128.72
P001643,2026-02-19T12:10:20.937018,4,walk-in,2026-02-19T12:14:31.405982,2026-02-19T12:14:31.405982,True,False,ED,discharge,2026-02-19T13:30:53.640838,0.0,80.55
P001644,2026-02-19T12:15:13.538356,5,walk-in,2026-02-19T12:23:04.037642,2026-02-19T12:23:04.037642,False,False,ED,discharge,2026-02-19T13:29:54.306973,0.0,74.68
P001645,2026-02-19T12:15:15.196078,4,walk-in,2026-02-19T12:23:52.052109,2026-02-19T12:23:52.052109,False,False,ED,discharge,2026-02-19T13:23:04.582635,0.0,67.82
P001646,2026-02-19T12:18:38.164631,3,walk-in,2026-02-19T12:27:12.845657,2026-02-19T12:27:12.845657,True,False,ED,discharge,2026-02-19T14:27:12.845657,0.0,128.58
P001647,2026-02-19T12:23:37.046654,4,walk-in,2026-02-19T12:30:11.387249,2026-02-19T12:30:11.387249,True,False,ED,discharge,2026-02-19T13:26:07.837618,0.0,62.51
P001648,2026-02-19T12:29:46.993313,4,walk-in,2026-02-19T12:34:08.888026,2026-02-19T12:34:08.888026,False,False,ED,discharge,2026-02-19T14:40:03.759140,0.0,130.28
P001649,2026-02-19T12:40:37.446493,3,walk-in,2026-02-19T12:43:44.545206,2026-02-19T12:43:44.545206,False,False,ED,discharge,2026-02-19T14:43:44.545206,0.0,123.12
P001650,2026-02-19T12:43:22.797693,4,walk-in,2026-02-19T12:53:02.846381,2026-02-19T12:53:02.846381,False,False,ED,discharge,2026-02-19T15:46:56.679199,0.0,183.56
P001651,2026-02-19T13:01:55.504666,5,walk-in,2026-02-19T13:07:52.779022,2026-02-19T13:07:52.779022,False,True,ED,discharge,2026-02-19T13:56:03.428613,0.0,54.13
P001652,2026-02-19T13:02:19.429411,3,walk-in,2026-02-19T13:05:57.353846,2026-02-19T13:05:57.353846,False,False,ED,discharge,2026-02-19T16:18:59.277454,0.0,196.66
P001653,2026-02-19T13:11:43.748708,2,walk-in,2026-02-19T13:21:11.154535,2026-02-19T13:21:11.154535,True,False,ED,admit,2026-02-19T22:20:04.658289,0.0,548.35
P001654,2026-02-19T13:12:37.501576,2,walk-in,2026-02-19T13:20:56.789267,2026-02-19T13:20:56.789267,True,False,ED,discharge,2026-02-19T18:48:27.822924,0.0,335.84
P001655,2026-02-19T13:31:41.240373,4,walk-in,2026-02-19T13:38:56.152337,2026-02-19T13:38:56.152337,False,False,ED,discharge,2026-02-19T15:50:20.802782,0.0,138.66
P001656,2026-02-19T13:39:36.658124,4,walk-in,2026-02-19T13:43:26.349701,2026-02-19T13:43:26.349701,False,False,ED,discharge,2026-02-19T15:08:04.161435,0.0,88.46
P001657,2026-02-19T13:49:11.329419,4,walk-in,2026-02-19T13:54:43.798385,2026-02-19T13:54:43.798385,False,False,ED,discharge,2026-02-19T15:02:03.653241,0.0,72.87
P001658,2026-02-19T14:05:34.545214,4,walk-in,2026-02-19T14:15:10.717781,2026-02-19T14:15:10.717781,True,False,ED,discharge,2026-02-19T14:59:18.256184,0.0,53.73
P001659,2026-02-19T14:07:41.531991,4,walk-in,2026-02-19T14:11:59.976218,2026-02-19T14:11:59.976218,True,False,ED,discharge,2026-02-19T17:05:20.405018,0.0,177.65
P001660,2026-02-19T14:10:54.213104,5,walk-in,2026-02-19T14:16:29.001489,2026-02-19T14:16:29.001489,False,False,ED,discharge,2026-02-19T14:53:53.622363,0.0,42.99
P001661,2026-02-19T14:25:53.214787,3,walk-in,2026-02-19T14:33:49.762650,2026-02-19T14:33:49.762650,False,True,ED,discharge,2026-02-19T21:11:14.092002,0.0,405.35
P001662,2026-02-19T14:31:00.666930,4,walk-in,2026-02-19T14:38:43.316124,2026-02-19T14:38:43.316124,False,False,ED,discharge,2026-02-19T15:27:09.101747,0.0,56.14
P001663,2026-02-19T14:31:28.617296,3,walk-in,2026-02-19T14:35:27.800871,2026-02-19T14:35:27.800871,False,False,ED,discharge,2026-02-19T16:56:48.212148,0.0,145.33
P001664,2026-02-19T14:34:58.310179,4,walk-in,2026-02-19T14:44:21.943618,2026-02-19T14:44:21.943618,False,False,ED,discharge,2026-02-19T17:17:10.361906,0.0,162.2
P001665,2026-02-19T14:42:02.252499,3,walk-in,2026-02-19T14:50:52.955995,2026-02-19T14:50:52.955995,False,False,ED,admit,2026-02-20T00:47:56.035417,0.0,605.9
P001666,2026-02-19T14:56:29.315769,2,walk-in,2026-02-19T15:02:03.526694,2026-02-19T15:02:03.526694,False,False,ICU,admit,2026-02-19T18:39:33.557497,0.0,223.07
P001667,2026-02-19T15:07:27.564311,5,walk-in,2026-02-19T15:13:19.767984,2026-02-19T15:13:19.767984,False,False,ED,discharge,2026-02-19T15:52:02.056240,0.0,44.57
P001668,2026-02-19T15:08:26.200377,4,walk-in,2026-02-19T15:12:40.803013,2026-02-19T15:12:40.803013,False,False,ED,discharge,2026-02-19T16:22:10.177090,0.0,73.73
P001669,2026-02-19T15:13:18.612867,2,walk-in,2026-02-19T15:22:55.647212,2026-02-19T15:22:55.647212,False,True,ED,discharge,2026-02-19T16:56:05.605843,0.0,102.78
P001670,2026-02-19T15:16:10.402530,3,walk-in,2026-02-19T15:22:06.670355,2026-02-19T15:22:06.670355,False,False,ED,discharge,2026-02-19T20:13:30.070815,0.0,297.33
P001671,2026-02-19T15:27:19.235705,2,walk-in,2026-02-19T15:34:15.468177,2026-02-19T15:34:15.468177,False,False,ICU,discharge,2026-02-19T17:53:26.677164,0.0,146.12
P001672,2026-02-19T15:30:06.609715,5,walk-in,2026-02-19T15:39:01.022727,2026-02-19T15:39:01.022727,False,False,ED,discharge,2026-02-19T16:34:42.651764,0.0,64.6
P001673,2026-02-19T15:35:08.032561,5,walk-in,2026-02-19T15:39:43.545923,2026-02-19T15:39:43.545923,False,False,ED,discharge,2026-02-19T16:30:44.778397,0.0,55.61
P001674,2026-02-19T15:38:52.896890,3,ambulance,2026-02-19T15:42:22.666563,2026-02-19T15:42:22.666563,False,False,ED,discharge,2026-02-19T22:18:41.222119,0.0,399.81
P001675,2026-02-19T15:48:19.303765,5,walk-in,2026-02-19T15:54:51.059370,2026-02-19T15:54:51.059370,False,False,ED,discharge,2026-02-19T16:36:01.436695,0.0,47.7
P001676,2026-02-19T15:54:28.729830,4,walk-in,2026-02-19T16:01:27.074360,2026-02-19T16:01:27.074360,False,False,ED,discharge,2026-02-19T17:56:02.236365,0.0,121.56
P001677,2026-02-19T15:55:31.910353,3,transfer,2026-02-19T16:03:53.626618,2026-02-19T16:03:53.626618,False,False,ED,discharge,2026-02-19T18:32:00.589921,0.0,156.48
P001678,2026-02-19T15:58:55.141829,4,walk-in,2026-02-19T16:05:14.278497,2026-02-19T16:05:14.278497,False,False,ED,discharge,2026-02-19T18:42:05.440767,0.0,163.17
P001679,2026-02-19T15:59:22.912412,3,ambulance,2026-02-19T16:04:50.666316,2026-02-19T16:04:50.666316,False,False,ED,discharge,2026-02-19T18:18:26.481572,0.0,139.06
P001680,2026-02-19T16:01:29.244524,3,walk-in,2026-02-19T16:11:16.989009,2026-02-19T16:11:16.989009,False,False,ED,discharge,2026-02-19T18:11:16.989009,0.0,129.8
P001681,2026-02-19T16:17:07.640856,5,walk-in,2026-02-19T16:23:50.215522,2026-02-19T16:23:50.215522,False,False,ED,discharge,2026-02-19T17:03:19.141540,0.0,46.19
P001682,2026-02-19T16:27:37.241126,3,walk-in,2026-02-19T16:34:27.381675,2026-02-19T16:34:27.381675,False,False,ED,discharge,2026-02-20T00:46:07.318576,0.0,498.5
P001683,2026-02-19T16:29:47.609021,5,walk-in,2026-02-19T16:34:23.306653,2026-02-19T16:34:23.306653,False,False,ED,discharge,2026-02-19T17:11:01.510569,0.0,41.23
P001684,2026-02-19T16:48:49.195093,3,walk-in,2026-02-19T16:52:09.116887,2026-02-19T16:52:09.116887,False,False,ED,discharge,2026-02-19T20:48:28.420388,0.0,239.65
P001685,2026-02-19T16:50:22.725824,4,walk-in,2026-02-19T16:55:55.699097,2026-02-19T16:55:55.699097,False,False,ED,discharge,2026-02-19T18:31:19.783094,0.0,100.95
P001686,2026-02-19T16:52:19.805159,4,walk-in,2026-02-19T16:57:39.793888,2026-02-19T16:57:39.793888,False,False,ED,discharge,2026-02-19T18:01:01.887592,0.0,68.7
P001687,2026-02-19T16:54:39.855026,4,walk-in,2026-02-19T16:58:21.741573,2026-02-19T16:58:21.741573,True,False,ED,discharge,2026-02-19T17:38:21.741573,0.0,43.7
P001688,2026-02-19T17:02:13.282890,2,transfer,2026-02-19T17:05:21.303465,2026-02-19T17:05:21.303465,True,True,ED,discharge,2026-02-19T20:31:59.394049,0.0,209.77
P001689,2026-02-19T17:05:21.251717,3,ambulance,2026-02-19T17:13:22.428156,2026-02-19T17:13:22.428156,False,False,ED,admit,2026-02-19T20:34:17.912920,0.0,208.94
P001690,2026-02-19T17:05:23.930476,4,walk-in,2026-02-19T17:09:38.323598,2026-02-19T17:09:38.323598,True,False,ED,discharge,2026-02-19T18:04:10.601825,0.0,58.78
P001691,2026-02-19T17:06:13.066444,4,walk-in,2026-02-19T17:09:38.065278,2026-02-19T17:09:38.065278,False,False,ED,discharge,2026-02-19T18:45:44.367744,0.0,99.52
P001692,2026-02-19T17:16:55.361949,2,ambulance,2026-02-19T17:21:25.493437,2026-02-19T17:21:25.493437,False,True,ED,discharge,2026-02-20T00:53:11.040163,0.0,456.26
P001693,2026-02-19T17:47:42.372220,3,walk-in,2026-02-19T17:55:01.779007,2026-02-19T17:55:01.779007,True,False,ED,discharge,2026-02-19T21:15:53.398695,0.0,208.18
P001694,2026-02-19T17:47:50.132592,4,walk-in,2026-02-19T17:56:44.833012,2026-02-19T17:56:44.833012,False,False,ED,discharge,2026-02-19T19:05:15.806756,0.0,77.43
P001695,2026-02-19T17:51:28.513140,2,ambulance,2026-02-19T17:59:43.931507,2026-02-19T17:59:43.931507,True,True,ED,discharge,2026-02-19T19:55:55.199380,0.0,124.44
P001696,2026-02-19T17:55:56.648681,4,walk-in,2026-02-19T18:04:21.250449,2026-02-19T18:04:21.250449,True,False,ED,discharge,2026-02-19T20:13:42.363864,0.0,137.76
P001697,2026-02-19T18:02:32.268932,5,walk-in,2026-02-19T18:09:04.991492,2026-02-19T18:09:04.991492,False,False,ED,discharge,2026-02-19T18:54:05.863680,0.0,51.56
P001698,2026-02-19T18:04:44.160287,4,walk-in,2026-02-19T18:14:25.433225,2026-02-19T18:14:25.433225,False,False,ED,discharge,2026-02-19T21:52:51.995882,0.0,228.13
P001699,2026-02-19T18:10:29.930255,4,walk-in,2026-02-19T18:16:06.926180,2026-02-19T18:16:06.926180,False,False,ED,discharge,2026-02-19T18:56:06.926180,0.0,45.62
P001700,2026-02-19T18:17:51.463903,2,transfer,2026-02-19T18:24:50.609586,2026-02-19T18:24:50.609586,True,False,ED,discharge,2026-02-19T19:54:50.609586,0.0,96.99
P001701,2026-02-19T18:33:13.836063,2,walk-in,2026-02-19T18:41:15.030169,2026-02-19T18:41:15.030169,True,True,ED,admit,2026-02-20T00:39:28.918693,0.0,366.25
P001702,2026-02-19T18:40:12.700100,3,walk-in,2026-02-19T18:47:58.391693,2026-02-19T18:47:58.391693,False,False,ED,discharge,2026-02-19T21:18:34.675641,0.0,158.37
P001703,2026-02-19T18:40:58.950181,5,walk-in,2026-02-19T18:45:33.462067,2026-02-19T18:45:33.462067,True,False,ED,discharge,2026-02-19T19:24:22.399149,0.0,43.39
P001704,2026-02-19T18:41:04.015298,2,walk-in,2026-02-19T18:45:35.561105,2026-02-19T18:45:35.561105,False,False,ICU,admit,2026-02-19T22:53:43.783421,0.0,252.66
P001705,2026-02-19T18:55:10.042368,5,walk-in,2026-02-19T18:58:54.464871,2026-02-19T18:58:54.464871,False,False,ED,discharge,2026-02-19T20:04:16.364493,0.0,69.11
P001706,2026-02-19T19:01:20.569412,5,walk-in,2026-02-19T19:05:23.339097,2026-02-19T19:05:23.339097,False,False,ED,discharge,2026-02-19T20:26:12.288481,0.0,84.86
P001707,2026-02-19T19:41:58.118115,2,walk-in,2026-02-19T19:47:55.255149,2026-02-19T19:47:55.255149,False,True,ICU,discharge,2026-02-20T01:01:07.707800,0.0,319.16
P001708,2026-02-19T19:49:18.161987,4,walk-in,2026-02-19T19:55:52.545420,2026-02-19T19:55:52.545420,False,False,ED,discharge,2026-02-19T22:00:22.033766,0.0,131.06
P001709,2026-02-19T20:20:32.605165,2,walk-in,2026-02-19T20:25:30.872918,2026-02-19T20:25:30.872918,False,False,ED,admit,2026-02-20T01:13:35.591874,0.0,293.05
P001710,2026-02-19T20:46:42.675824,4,transfer,2026-02-19T20:53:36.398915,2026-02-19T20:53:36.398915,False,False,ED,discharge,2026-02-19T22:27:02.711697,0.0,100.33
P001711,2026-02-19T20:48:40.533191,4,walk-in,2026-02-19T20:52:50.877771,2026-02-19T20:52:50.877771,True,False,ED,discharge,2026-02-19T22:01:56.710341,0.0,73.27
P001712,2026-02-19T20:59:44.414048,5,walk-in,2026-02-19T21:08:56.006651,2026-02-19T21:08:56.006651,False,False,ED,discharge,2026-02-19T22:15:10.350037,0.0,75.43
P001713,2026-02-19T21:12:43.245397,2,walk-in,2026-02-19T21:15:43.706294,2026-02-19T21:15:43.706294,True,True,ED,admit,2026-02-20T02:03:13.709662,0.0,290.51
P001714,2026-02-19T21:23:42.000757,4,walk-in,2026-02-19T21:27:57.992426,2026-02-19T21:27:57.992426,False,False,ED,discharge,2026-02-19T23:10:01.793853,0.0,106.33
P001715,2026-02-19T21:25:20.855242,3,walk-in,2026-02-19T21:33:50.839307,2026-02-19T21:33:50.839307,False,False,ED,discharge,2026-02-19T23:33:50.839307,0.0,128.5
P001716,2026-02-19T21:38:23.419262,4,walk-in,2026-02-19T21:46:47.996335,2026-02-19T21:46:47.996335,False,False,ED,discharge,2026-02-19T22:53:45.005007,0.0,75.36
P001717,2026-02-19T22:07:07.141199,3,walk-in,2026-02-19T22:14:57.053500,2026-02-19T22:14:57.053500,False,False,ED,discharge,2026-02-20T02:00:06.054057,0.0,232.98
P001718,2026-02-19T22:08:42.662582,2,ambulance,2026-02-19T22:18:39.477005,2026-02-19T22:18:39.477005,True,True,ED,admit,2026-02-20T03:01:09.867130,0.0,292.45
P001719,2026-02-19T22:25:52.398806,3,walk-in,2026-02-19T22:35:28.292839,2026-02-19T22:35:28.292839,False,False,ED,admit,2026-02-20T00:35:28.292839,0.0,129.6
P001720,2026-02-19T22:40:11.033408,3,transfer,2026-02-19T22:45:21.649939,2026-02-19T22:45:21.649939,True,True,ED,discharge,2026-02-20T05:43:25.989773,0.0,423.25
P001721,2026-02-19T22:42:15.493578,2,walk-in,2026-02-19T22:49:33.811179,2026-02-19T22:49:33.811179,True,False,ED,admit,2026-02-20T06:28:32.005838,0.0,466.28
P001722,2026-02-19T23:03:56.803767,4,walk-in,2026-02-19T23:08:42.627816,2026-02-19T23:08:42.627816,False,False,ED,discharge,2026-02-20T00:35:31.501203,0.0,91.58
P001723,2026-02-19T23:22:19.091276,3,walk-in,2026-02-19T23:28:16.104552,2026-02-19T23:28:16.104552,False,False,ED,discharge,2026-02-20T05:10:26.430569,0.0,348.12
P001724,2026-02-19T23:24:10.743621,1,ambulance,2026-02-19T23:31:34.210788,2026-02-19T23:31:34.210788,True,True,ICU,admit,2026-02-20T07:31:34.210788,0.0,487.39
P001725,2026-02-19T23:39:37.160261,2,ambulance,2026-02-19T23:47:38.274859,2026-02-19T23:47:38.274859,True,False,ICU,discharge,2026-02-20T05:07:39.704516,0.0,328.04
P001726,2026-02-20T02:46:36.645939,4,walk-in,2026-02-20T02:54:39.401192,2026-02-20T02:54:39.401192,False,False,ED,discharge,2026-02-20T05:54:59.082408,0.0,188.37
P001727,2026-02-20T03:01:31.142077,4,walk-in,2026-02-20T03:09:33.179405,2026-02-20T03:09:33.179405,False,False,ED,discharge,2026-02-20T04:17:07.251861,0.0,75.6
P001728,2026-02-20T04:31:53.863507,2,walk-in,2026-02-20T04:40:17.623793,2026-02-20T04:40:17.623793,True,False,ED,admit,2026-02-20T07:25:42.870454,0.0,173.82
P001729,2026-02-20T04:33:59.656486,3,ambulance,2026-02-20T04:39:32.364527,2026-02-20T04:39:32.364527,False,False,ED,discharge,2026-02-20T11:46:22.298597,0.0,432.38
P001730,2026-02-20T06:01:22.503935,3,walk-in,2026-02-20T06:07:55.559815,2026-02-20T06:07:55.559815,False,False,ED,discharge,2026-02-20T08:07:55.559815,0.0,126.55
P001731,2026-02-20T06:20:30.085762,5,walk-in,2026-02-20T06:24:48.809534,2026-02-20T06:24:48.809534,False,False,ED,discharge,2026-02-20T07:00:09.685532,0.0,39.66
P001732,2026-02-20T06:20:35.727175,3,walk-in,2026-02-20T06:27:02.111897,2026-02-20T06:27:02.111897,True,True,ED,admit,2026-02-20T10:28:25.488324,0.0,247.83
P001733,2026-02-20T06:30:43.721960,5,walk-in,2026-02-20T06:40:28.075217,2026-02-20T06:40:28.075217,False,False,ED,discharge,2026-02-20T08:07:46.833168,0.0,97.05
P001734,2026-02-20T06:36:02.826479,4,walk-in,2026-02-20T06:43:59.956096,2026-02-20T06:43:59.956096,False,False,ED,discharge,2026-02-20T09:02:09.832808,0.0,146.12
P001735,2026-02-20T06:50:04.033793,3,walk-in,2026-02-20T06:53:59.063928,2026-02-20T06:53:59.063928,True,False,ED,admit,2026-02-20T10:27:34.790197,0.0,217.51
P001736,2026-02-20T06:59:36.436557,5,walk-in,2026-02-20T07:07:03.027540,2026-02-20T07:07:03.027540,False,False,ED,discharge,2026-02-20T07:43:07.093271,0.0,43.51
P001737,2026-02-20T07:01:35.291124,5,walk-in,2026-02-20T07:08:33.042004,2026-02-20T07:08:33.042004,False,False,ED,discharge,2026-02-20T08:01:01.238273,0.0,59.43
P001738,2026-02-20T07:54:39.696261,3,walk-in,2026-02-20T08:03:24.538473,2026-02-20T08:03:24.538473,False,False,ED,discharge,2026-02-20T11:02:11.551097,0.0,187.53
P001739,2026-02-20T07:55:57.115206,5,walk-in,2026-02-20T08:05:13.892518,2026-02-20T08:05:13.892518,False,False,ED,discharge,2026-02-20T09:21:00.888119,0.0,85.06
P001740,2026-02-20T08:05:36.733382,3,walk-in,2026-02-20T08:12:03.279430,2026-02-20T08:12:03.279430,True,False,ED,discharge,2026-02-20T14:10:33.377740,0.0,364.94
P001741,2026-02-20T08:07:12.890110,4,walk-in,2026-02-20T08:15:37.201598,2026-02-20T08:15:37.201598,False,False,ED,discharge,2026-02-20T09:23:03.630225,0.0,75.85
P001742,2026-02-20T08:08:04.882676,3,walk-in,2026-02-20T08:16:34.391610,2026-02-20T08:16:34.391610,False,False,ED,discharge,2026-02-20T11:02:48.346739,0.0,174.72
P001743,2026-02-20T08:14:24.367490,3,walk-in,2026-02-20T08:22:31.176470,2026-02-20T08:22:31.176470,False,True,ED,admit,2026-02-20T10:22:31.176470,0.0,128.11
P001744,2026-02-20T08:22:04.593815,4,walk-in,2026-02-20T08:28:04.403822,2026-02-20T08:28:04.403822,False,False,ED,discharge,2026-02-20T09:24:03.989051,0.0,61.99
P001745,2026-02-20T08:35:53.573837,3,walk-in,2026-02-20T08:39:00.674772,2026-02-20T08:39:00.674772,False,True,ED,discharge,2026-02-20T11:27:14.565840,0.0,171.35
P001746,2026-02-20T08:38:53.177097,4,walk-in,2026-02-20T08:43:10.819458,2026-02-20T08:43:10.819458,False,True,ED,discharge,2026-02-20T09:50:35.780820,0.0,71.71
P001747,2026-02-20T08:40:45.040088,3,walk-in,2026-02-20T08:43:51.301840,2026-02-20T08:43:51.301840,False,False,ED,discharge,2026-02-20T12:39:37.246572,0.0,238.87
P001748,2026-02-20T08:44:56.667059,5,walk-in,2026-02-20T08:53:12.464120,2026-02-20T08:53:12.464120,False,False,ED,discharge,2026-02-20T09:30:50.685699,0.0,45.9
P001749,2026-02-20T08:49:43.495136,4,walk-in,2026-02-20T08:56:41.380907,2026-02-20T08:56:41.380907,False,False,ED,discharge,2026-02-20T09:42:33.955696,0.0,52.84
P001750,2026-02-20T08:51:22.805506,4,walk-in,2026-02-20T08:55:18.183182,2026-02-20T08:55:18.183182,False,False,ED,discharge,2026-02-20T10:19:34.893913,0.0,88.2
P001751,2026-02-20T08:56:24.528052,4,walk-in,2026-02-20T09:03:09.129419,2026-02-20T09:03:09.129419,False,False,ED,discharge,2026-02-20T11:36:25.582800,0.0,160.02
P001752,2026-02-20T09:07:06.655593,4,walk-in,2026-02-20T09:14:59.934700,2026-02-20T09:14:59.934700,False,False,ED,discharge,2026-02-20T09:54:59.934700,0.0,47.89
P001753,2026-02-20T09:07:40.884835,3,walk-in,2026-02-20T09:17:21.486263,2026-02-20T09:17:21.486263,False,False,ED,discharge,2026-02-20T13:58:42.547617,0.0,291.03
P001754,2026-02-20T09:13:28.991027,2,ambulance,2026-02-20T09:22:22.700287,2026-02-20T09:22:22.700287,False,False,ED,discharge,2026-02-20T14:02:20.195815,0.0,288.85
P001755,2026-02-20T09:15:38.671364,4,walk-in,2026-02-20T09:25:05.768909,2026-02-20T09:25:05.768909,False,False,ED,discharge,2026-02-20T10:11:25.878338,0.0,55.79
P001756,2026-02-20T09:16:49.285912,3,walk-in,2026-02-20T09:22:52.094456,2026-02-20T09:22:52.094456,False,False,ED,admit,2026-02-20T15:27:10.072908,0.0,370.35
P001757,2026-02-20T09:20:19.807715,5,walk-in,2026-02-20T09:29:02.618326,2026-02-20T09:29:02.618326,False,False,ED,discharge,2026-02-20T11:05:49.531970,0.0,105.5
P001758,2026-02-20T09:21:56.279876,3,walk-in,2026-02-20T09:29:49.873145,2026-02-20T09:29:49.873145,False,True,ED,admit,2026-02-20T14:50:30.826396,0.0,328.58
P001759,2026-02-20T09:24:39.368377,4,walk-in,2026-02-20T09:34:23.780520,2026-02-20T09:34:23.780520,False,False,ED,discharge,2026-02-20T10:43:49.677496,0.0,79.17
P001760,2026-02-20T09:26:40.954462,3,walk-in,2026-02-20T09:34:32.737489,2026-02-20T09:34:32.737489,False,False,ED,discharge,2026-02-20T12:38:22.920269,0.0,191.7
P001761,2026-02-20T09:28:04.910086,3,walk-in,2026-02-20T09:33:58.590782,2026-02-20T09:33:58.590782,True,False,ED,admit,2026-02-20T16:34:49.413863,0.0,426.74
P001762,2026-02-20T09:37:20.763742,4,walk-in,2026-02-20T09:44:20.128788,2026-02-20T09:44:20.128788,False,False,ED,discharge,2026-02-20T10:31:20.823544,0.0,54.0
P001763,2026-02-20T09:46:13.151604,3,walk-in,2026-02-20T09:51:31.922788,2026-02-20T09:51:31.922788,True,False,ED,discharge,2026-02-20T13:52:15.380705,0.0,246.04
P001764,2026-02-20T09:48:54.851486,2,walk-in,2026-02-20T09:56:11.885905,2026-02-20T09:56:11.885905,True,False,ED,discharge,2026-02-20T12:20:27.735554,0.0,151.55
P001765,2026-02-20T09:49:41.436506,3,walk-in,2026-02-20T09:58:41.680942,2026-02-20T09:58:41.680942,True,False,ED,discharge,2026-02-20T20:47:40.852756,0.0,657.99
P001766,2026-02-20T09:57:39.781996,4,walk-in,2026-02-20T10:05:15.882715,2026-02-20T10:05:15.882715,False,False,ED,discharge,2026-02-20T10:45:51.235161,0.0,48.19
P001767,2026-02-20T10:08:02.320450,3,walk-in,2026-02-20T10:14:22.672227,2026-02-20T10:14:22.672227,False,False,ED,discharge,2026-02-20T12:14:22.672227,0.0,126.34
P001768,2026-02-20T10:08:48.688992,4,walk-in,2026-02-20T10:13:33.343424,2026-02-20T10:13:33.343424,True,True,ED,discharge,2026-02-20T11:21:45.352308,0.0,72.94
P001769,2026-02-20T10:09:23.106292,2,walk-in,2026-02-20T10:13:11.466574,2026-02-20T10:13:11.466574,True,True,ED,admit,2026-02-20T16:13:39.397427,0.0,364.27
P001770,2026-02-20T10:11:49.349227,4,walk-in,2026-02-20T10:17:24.977718,2026-02-20T10:17:24.977718,False,False,ED,discharge,2026-02-20T11:14:22.433315,0.0,62.55
P001771,2026-02-20T10:17:12.983005,3,ambulance,2026-02-20T10:22:09.800825,2026-02-20T10:22:09.800825,False,False,ED,discharge,2026-02-20T17:18:49.961488,0.0,421.62
P001772,2026-02-20T10:19:00.245593,4,walk-in,2026-02-20T10:27:09.910213,2026-02-20T10:27:09.910213,False,False,ED,discharge,2026-02-20T12:48:34.678695,0.0,149.57
P001773,2026-02-20T10:19:50.970615,3,walk-in,2026-02-20T10:28:53.984657,2026-02-20T10:28:53.984657,False,False,ED,admit,2026-02-20T12:28:53.984657,0.0,129.05
P001774,2026-02-20T10:22:14.587774,5,walk-in,2026-02-20T10:28:15.290303,2026-02-20T10:28:15.290303,False,False,ED,discharge,2026-02-20T11:02:05.905783,0.0,39.86
P001775,2026-02-20T10:23:05.301468,3,walk-in,2026-02-20T10:28:10.606215,2026-02-20T10:28:10.606215,True,False,ED,discharge,2026-02-20T16:32:24.467956,0.0,369.32
P001776,2026-02-20T10:46:19.519261,3,walk-in,2026-02-20T10:51:24.101092,2026-02-20T10:51:24.101092,True,False,ED,discharge,2026-02-20T16:00:37.161712,0.0,314.29
P001777,2026-02-20T10:53:46.540192,2,walk-in,2026-02-20T10:58:08.399369,2026-02-20T10:58:08.399369,True,True,ED,admit,2026-02-20T14:27:53.017367,0.0,214.11
P001778,2026-02-20T10:53:50.138241,3,walk-in,2026-02-20T11:00:22.000813,2026-02-20T11:00:22.000813,False,False,ED,admit,2026-02-20T14:40:40.664233,0.0,226.84
P001779,2026-02-20T10:58:03.574388,4,walk-in,2026-02-20T11:06:35.991674,2026-02-20T11:06:35.991674,False,False,ED,discharge,2026-02-20T13:23:20.151340,0.0,145.28
P001780,2026-02-20T11:02:49.325398,4,walk-in,2026-02-20T11:06:53.581466,2026-02-20T11:06:53.581466,False,False,ED,discharge,2026-02-20T12:02:00.531092,0.0,59.19
P001781,2026-02-20T11:09:15.028908,5,walk-in,2026-02-20T11:14:05.697212,2026-02-20T11:14:05.697212,False,False,ED,discharge,2026-02-20T12:12:35.012847,0.0,63.33
P001782,2026-02-20T11:19:11.238990,4,walk-in,2026-02-20T11:23:19.854190,2026-02-20T11:23:19.854190,False,False,ED,discharge,2026-02-20T12:56:01.278660,0.0,96.83
P001783,2026-02-20T11:32:07.751140,3,walk-in,2026-02-20T11:40:14.280880,2026-02-20T11:40:14.280880,False,False,ED,discharge,2026-02-20T23:40:14.280880,0.0,728.11
P001784,2026-02-20T11:32:56.338062,3,walk-in,2026-02-20T11:36:52.803722,2026-02-20T11:36:52.803722,False,False,ED,admit,2026-02-20T23:36:52.803722,0.0,723.94
P001785,2026-02-20T11:33:25.848166,3,walk-in,2026-02-20T11:38:12.376499,2026-02-20T11:38:12.376499,False,True,ED,discharge,2026-02-20T14:34:11.158774,0.0,180.76
P001786,2026-02-20T11:39:16.365696,5,walk-in,2026-02-20T11:48:15.844863,2026-02-20T11:48:15.844863,False,False,ED,discharge,2026-02-20T12:19:06.983662,0.0,39.84
P001787,2026-02-20T11:43:06.219562,3,walk-in,2026-02-20T11:46:30.019086,2026-02-20T11:46:30.019086,True,False,ED,discharge,2026-02-20T17:42:09.718681,0.0,359.06
P001788,2026-02-20T11:47:34.969899,4,walk-in,2026-02-20T11:56:17.717087,2026-02-20T11:56:17.717087,False,True,ED,discharge,2026-02-20T13:09:12.879505,0.0,81.63
P001789,2026-02-20T11:49:14.378201,4,walk-in,2026-02-20T11:56:01.255381,2026-02-20T11:56:01.255381,False,False,ED,discharge,2026-02-20T13:48:52.995351,0.0,119.64
P001790,2026-02-20T11:50:28.458821,2,walk-in,2026-02-20T11:54:36.937413,2026-02-20T11:54:36.937413,True,False,ED,discharge,2026-02-20T13:31:01.254131,0.0,100.55
P001791,2026-02-20T11:56:23.824987,2,walk-in,2026-02-20T12:04:27.154170,2026-02-20T12:04:27.154170,False,True,ED,admit,2026-02-20T13:39:54.547692,0.0,103.51
P001792,2026-02-20T11:58:10.059650,5,walk-in,2026-02-20T12:06:00.272855,2026-02-20T12:06:00.272855,False,False,ED,discharge,2026-02-20T12:58:31.728881,0.0,60.36
P001793,2026-02-20T12:00:30.730104,4,walk-in,2026-02-20T12:09:59.507013,2026-02-20T12:09:59.507013,True,False,ED,discharge,2026-02-20T12:49:59.507013,0.0,49.48
P001794,2026-02-20T12:07:46.112776,4,walk-in,2026-02-20T12:13:08.693704,2026-02-20T12:13:08.693704,False,False,ED,discharge,2026-02-20T13:16:04.380456,0.0,68.3
P001795,2026-02-20T12:09:43.928494,4,walk-in,2026-02-20T12:17:32.927383,2026-02-20T12:17:32.927383,False,False,ED,discharge,2026-02-20T13:37:34.500661,0.0,87.84
P001796,2026-02-20T12:19:26.089683,5,walk-in,2026-02-20T12:26:49.514125,2026-02-20T12:26:49.514125,False,False,ED,discharge,2026-02-20T13:38:44.959084,0.0,79.31
P001797,2026-02-20T12:21:21.092130,2,ambulance,2026-02-20T12:24:40.893566,2026-02-20T12:24:40.893566,True,False,ICU,discharge,2026-02-20T14:43:37.628308,0.0,142.28
P001798,2026-02-20T12:21:42.013807,4,walk-in,2026-02-20T12:25:03.012387,2026-02-20T12:25:03.012387,False,False,ED,discharge,2026-02-20T13:05:03.012387,0.0,43.35
P001799,2026-02-20T12:22:25.903381,5,walk-in,2026-02-20T12:30:17.209482,2026-02-20T12:30:17.209482,False,False,ED,discharge,2026-02-20T13:02:45.207197,0.0,40.32
P001800,2026-02-20T12:34:38.296980,3,walk-in,2026-02-20T12:41:49.531581,2026-02-20T12:41:49.531581,False,False,ED,discharge,2026-02-20T20:50:36.473118,0.0,495.97
P001801,2026-02-20T12:35:12.575458,3,walk-in,2026-02-20T12:44:49.620966,2026-02-20T12:44:49.620966,False,False,ED,admit,2026-02-20T17:03:40.994439,0.0,268.47
P001802,2026-02-20T12:45:11.314520,2,ambulance,2026-02-20T12:49:25.296499,2026-02-20T12:49:25.296499,False,False,ED,discharge,2026-02-20T16:52:49.747812,0.0,247.64
P001803,2026-02-20T12:53:00.457417,3,transfer,2026-02-20T13:02:22.141501,2026-02-20T13:02:22.141501,False,True,ED,discharge,2026-02-20T20:26:43.391385,0.0,453.72
P001804,2026-02-20T12:54:21.036815,3,walk-in,2026-02-20T12:57:28.815922,2026-02-20T12:57:28.815922,False,False,ED,discharge,2026-02-21T00:57:28.815922,0.0,723.13
P001805,2026-02-20T12:55:52.295898,3,walk-in,2026-02-20T12:59:01.035913,2026-02-20T12:59:01.035913,True,False,ED,discharge,2026-02-20T15:19:24.052672,0.0,143.53
P001806,2026-02-20T12:58:46.907637,4,walk-in,2026-02-20T13:03:06.483563,2026-02-20T13:03:06.483563,False,False,ED,discharge,2026-02-20T15:06:20.336971,0.0,127.56
P001807,2026-02-20T12:58:51.014664,3,walk-in,2026-02-20T13:03:18.879955,2026-02-20T13:03:18.879955,False,False,ED,admit,2026-02-20T17:18:58.931529,0.0,260.13
P001808,2026-02-20T13:07:09.593886,3,walk-in,2026-02-20T13:11:16.801435,2026-02-20T13:11:16.801435,False,False,ED,admit,2026-02-20T19:21:15.064096,0.0,374.09
P001809,2026-02-20T13:22:41.232390,3,walk-in,2026-02-20T13:31:21.231298,2026-02-20T13:31:21.231298,True,False,ED,discharge,2026-02-20T19:13:01.093881,0.0,350.33
P001810,2026-02-20T13:30:03.913961,2,walk-in,2026-02-20T13:39:45.035064,2026-02-20T13:39:45.035064,False,True,ED,admit,2026-02-20T16:54:57.823651,0.0,204.9
P001811,2026-02-20T13:37:39.167487,4,walk-in,2026-02-20T13:43:28.101228,2026-02-20T13:43:28.101228,False,False,ED,discharge,2026-02-20T15:32:21.022774,0.0,114.7
P001812,2026-02-20T13:38:34.136927,4,walk-in,2026-02-20T13:48:14.798176,2026-02-20T13:48:14.798176,True,False,ED,discharge,2026-02-20T15:52:30.227561,0.0,133.93
P001813,2026-02-20T13:41:10.530387,4,walk-in,2026-02-20T13:48:02.044819,2026-02-20T13:48:02.044819,True,False,ED,discharge,2026-02-20T14:38:37.243214,0.0,57.45
P001814,2026-02-20T13:43:39.951145,3,walk-in,2026-02-20T13:52:37.367555,2026-02-20T13:52:37.367555,False,False,ED,discharge,2026-02-20T15:52:37.367555,0.0,128.96
P001815,2026-02-20T13:47:47.877487,4,walk-in,2026-02-20T13:56:35.988477,2026-02-20T13:56:35.988477,False,False,ED,discharge,2026-02-20T14:44:03.103525,0.0,56.25
P001816,2026-02-20T13:51:26.086856,4,walk-in,2026-02-20T13:58:14.331601,2026-02-20T13:58:14.331601,False,False,ED,discharge,2026-02-20T14:38:14.331601,0.0,46.8
P001817,2026-02-20T13:59:10.783251,4,walk-in,2026-02-20T14:04:28.004231,2026-02-20T14:04:28.004231,False,False,ED,discharge,2026-02-20T15:18:47.141192,0.0,79.61
P001818,2026-02-20T14:07:55.269004,1,transfer,2026-02-20T14:12:09.886777,2026-02-20T14:12:09.886777,False,False,ICU,admit,2026-02-20T17:53:59.321711,0.0,226.07
P001819,2026-02-20T14:23:49.469597,3,walk-in,2026-02-20T14:30:28.197607,2026-02-20T14:30:28.197607,False,False,ED,discharge,2026-02-20T17:39:03.209246,0.0,195.23
P001820,2026-02-20T14:30:10.043113,4,walk-in,2026-02-20T14:36:12.887766,2026-02-20T14:36:12.887766,True,False,ED,discharge,2026-02-20T18:15:29.751405,0.0,225.33
P001821,2026-02-20T14:48:05.250383,4,walk-in,2026-02-20T14:52:06.079223,2026-02-20T14:52:06.079223,True,False,ED,discharge,2026-02-20T16:50:46.591654,0.0,122.69
P001822,2026-02-20T15:02:47.908830,4,walk-in,2026-02-20T15:06:35.271348,2026-02-20T15:06:35.271348,False,False,ED,discharge,2026-02-20T16:42:10.151100,0.0,99.37
P001823,2026-02-20T15:22:36.943734,5,walk-in,2026-02-20T15:26:14.763727,2026-02-20T15:26:14.763727,False,False,ED,discharge,2026-02-20T15:54:34.616513,0.0,31.96
P001824,2026-02-20T15:26:27.510975,3,walk-in,2026-02-20T15:30:08.055707,2026-02-20T15:30:08.055707,True,False,ED,discharge,2026-02-20T22:11:36.995676,0.0,405.16
P001825,2026-02-20T15:35:00.676360,2,walk-in,2026-02-20T15:40:58.020661,2026-02-20T15:40:58.020661,True,False,ED,discharge,2026-02-20T19:34:10.676344,0.0,239.17
P001826,2026-02-20T15:39:29.827070,4,walk-in,2026-02-20T15:43:51.051621,2026-02-20T15:43:51.051621,False,False,ED,discharge,2026-02-20T17:05:21.503956,0.0,85.86
P001827,2026-02-20T15:51:38.162179,3,walk-in,2026-02-20T15:56:20.756331,2026-02-20T15:56:20.756331,False,False,ED,discharge,2026-02-21T00:38:25.789922,0.0,526.79
P001828,2026-02-20T15:56:43.306939,3,walk-in,2026-02-20T16:00:55.091698,2026-02-20T16:00:55.091698,False,False,ED,discharge,2026-02-20T18:57:30.718749,0.0,180.79
P001829,2026-02-20T16:01:05.059099,4,walk-in,2026-02-20T16:09:50.565780,2026-02-20T16:09:50.565780,False,False,ED,discharge,2026-02-20T17:57:42.698639,0.0,116.63
P001830,2026-02-20T16:02:54.993944,5,walk-in,2026-02-20T16:12:10.035814,2026-02-20T16:12:10.035814,False,False,ED,discharge,2026-02-20T17:22:47.422987,0.0,79.87
P001831,2026-02-20T16:07:24.304430,3,walk-in,2026-02-20T16:13:56.680866,2026-02-20T16:13:56.680866,False,False,ED,discharge,2026-02-21T02:30:55.577920,0.0,623.52
P001832,2026-02-20T16:15:49.210978,3,walk-in,2026-02-20T16:20:33.300485,2026-02-20T16:20:33.300485,False,False,ED,admit,2026-02-20T18:39:59.850420,0.0,144.18
P001833,2026-02-20T16:15:59.598193,3,walk-in,2026-02-20T16:24:31.861008,2026-02-20T16:24:31.861008,True,False,ED,discharge,2026-02-21T00:17:11.914367,0.0,481.21
P001834,2026-02-20T16:22:11.261762,5,walk-in,2026-02-20T16:26:29.732447,2026-02-20T16:26:29.732447,False,False,ED,discharge,2026-02-20T17:26:17.975457,0.0,64.11
P001835,2026-02-20T16:36:16.772979,4,walk-in,2026-02-20T16:45:51.982285,2026-02-20T16:45:51.982285,True,False,ED,discharge,2026-02-20T17:33:03.238651,0.0,56.77
P001836,2026-02-20T16:44:32.266873,4,walk-in,2026-02-20T16:51:36.707366,2026-02-20T16:51:36.707366,True,False,ED,discharge,2026-02-20T19:02:53.598155,0.0,138.36
P001837,2026-02-20T16:49:29.562437,4,walk-in,2026-02-20T16:57:53.098739,2026-02-20T16:57:53.098739,False,False,ED,discharge,2026-02-20T17:48:51.667264,0.0,59.37
P001838,2026-02-20T16:55:47.501595,2,transfer,2026-02-20T17:01:43.481281,2026-02-20T17:01:43.481281,False,False,ED,admit,2026-02-20T22:00:07.512909,0.0,304.33
P001839,2026-02-20T16:59:14.276869,4,walk-in,2026-02-20T17:06:58.010782,2026-02-20T17:06:58.010782,False,False,ED,discharge,2026-02-20T18:03:10.333914,0.0,63.93
P001840,2026-02-20T17:15:17.048585,3,walk-in,2026-02-20T17:19:28.790855,2026-02-20T17:19:28.790855,False,False,ED,discharge,2026-02-20T23:22:41.099036,0.0,367.4
P001841,2026-02-20T17:35:45.400370,3,walk-in,2026-02-20T17:42:54.534548,2026-02-20T17:42:54.534548,False,False,ED,discharge,2026-02-20T19:42:54.534548,0.0,127.15
P001842,2026-02-20T17:42:00.957462,1,ambulance,2026-02-20T17:47:06.059302,2026-02-20T17:47:06.059302,True,False,ICU,admit,2026-02-20T19:23:00.649842,0.0,100.99
P001843,2026-02-20T17:55:49.098562,3,walk-in,2026-02-20T18:01:42.140970,2026-02-20T18:01:42.140970,False,False,ED,discharge,2026-02-20T20:01:42.140970,0.0,125.88
P001844,2026-02-20T18:01:31.134266,4,walk-in,2026-02-20T18:08:41.155644,2026-02-20T18:08:41.155644,False,False,ED,discharge,2026-02-20T19:54:46.096667,0.0,113.25
P001845,2026-02-20T18:04:00.771003,4,walk-in,2026-02-20T18:09:51.134806,2026-02-20T18:09:51.134806,True,False,ED,discharge,2026-02-20T20:00:59.819977,0.0,116.98
P001846,2026-02-20T18:14:27.188271,3,walk-in,2026-02-20T18:20:39.689200,2026-02-20T18:20:39.689200,False,False,ED,discharge,2026-02-20T20:20:39.689200,0.0,126.21
P001847,2026-02-20T18:15:35.141720,4,walk-in,2026-02-20T18:21:15.086389,2026-02-20T18:21:15.086389,False,False,ED,discharge,2026-02-20T19:18:13.635252,0.0,62.64
P001848,2026-02-20T18:15:49.214331,4,walk-in,2026-02-20T18:24:57.066409,2026-02-20T18:24:57.066409,False,False,ED,discharge,2026-02-20T21:28:16.945396,0.0,192.46
P001849,2026-02-20T18:48:49.217034,3,walk-in,2026-02-20T18:55:01.863024,2026-02-20T18:55:01.863024,False,False,ED,discharge,2026-02-21T06:55:01.863024,0.0,726.21
P001850,2026-02-20T18:55:11.109169,4,walk-in,2026-02-20T19:01:49.544221,2026-02-20T19:01:49.544221,False,True,ED,discharge,2026-02-20T20:58:27.549426,0.0,123.27
P001851,2026-02-20T19:10:54.205883,3,walk-in,2026-02-20T19:14:11.488466,2026-02-20T19:14:11.488466,False,False,ED,discharge,2026-02-20T23:37:01.455178,0.0,266.12
P001852,2026-02-20T19:14:22.304852,4,walk-in,2026-02-20T19:18:06.819102,2026-02-20T19:18:06.819102,False,False,ED,discharge,2026-02-20T21:57:17.371433,0.0,162.92
P001853,2026-02-20T19:31:44.407199,5,walk-in,2026-02-20T19:41:08.790599,2026-02-20T19:41:08.790599,True,False,ED,discharge,2026-02-20T20:20:33.968055,0.0,48.83
P001854,2026-02-20T19:38:10.435988,4,walk-in,2026-02-20T19:45:20.940881,2026-02-20T19:45:20.940881,False,True,ED,discharge,2026-02-20T20:25:20.940881,0.0,47.18
P001855,2026-02-20T19:39:01.752654,3,walk-in,2026-02-20T19:47:23.999384,2026-02-20T19:47:23.999384,True,False,ED,discharge,2026-02-21T07:47:23.999384,0.0,728.37
P001856,2026-02-20T19:44:30.746582,4,walk-in,2026-02-20T19:50:52.284578,2026-02-20T19:50:52.284578,False,True,ED,discharge,2026-02-20T20:30:52.284578,0.0,46.36
P001857,2026-02-20T19:54:26.680233,3,walk-in,2026-02-20T19:57:41.346411,2026-02-20T19:57:41.346411,True,False,ED,discharge,2026-02-21T01:13:18.265137,0.0,318.86
P001858,2026-02-20T20:05:45.433696,5,walk-in,2026-02-20T20:15:32.383852,2026-02-20T20:15:32.383852,False,False,ED,discharge,2026-02-20T20:54:42.820207,0.0,48.96
P001859,2026-02-20T20:07:02.896119,4,walk-in,2026-02-20T20:13:57.519078,2026-02-20T20:13:57.519078,False,False,ED,discharge,2026-02-20T21:31:53.714479,0.0,84.85
P001860,2026-02-20T20:11:54.454145,4,walk-in,2026-02-20T20:21:16.721846,2026-02-20T20:21:16.721846,False,False,ED,discharge,2026-02-20T21:54:20.178262,0.0,102.43
P001861,2026-02-20T20:22:59.392967,3,walk-in,2026-02-20T20:32:33.748065,2026-02-20T20:32:33.748065,True,False,ED,discharge,2026-02-21T01:31:04.142833,0.0,308.08
P001862,2026-02-20T20:34:21.671492,3,ambulance,2026-02-20T20:40:51.211147,2026-02-20T20:40:51.211147,False,False,ED,discharge,2026-02-21T06:43:33.870567,0.0,609.2
P001863,2026-02-20T20:38:08.620198,3,walk-in,2026-02-20T20:45:20.948752,2026-02-20T20:45:20.948752,False,True,ED,discharge,2026-02-21T01:03:23.133675,0.0,265.24
P001864,2026-02-20T20:47:50.955473,4,walk-in,2026-02-20T20:52:51.692814,2026-02-20T20:52:51.692814,False,False,ED,discharge,2026-02-20T22:49:00.503875,0.0,121.16
P001865,2026-02-20T20:49:13.280840,5,walk-in,2026-02-20T20:57:24.510215,2026-02-20T20:57:24.510215,False,False,ED,discharge,2026-02-20T21:48:37.392353,0.0,59.4
P001866,2026-02-20T21:03:46.374499,3,walk-in,2026-02-20T21:11:15.213352,2026-02-20T21:11:15.213352,False,False,ED,discharge,2026-02-21T00:51:57.987538,0.0,228.19
P001867,2026-02-20T21:17:09.294814,4,walk-in,2026-02-20T21:21:52.774739,2026-02-20T21:21:52.774739,False,False,ED,discharge,2026-02-20T22:22:54.565735,0.0,65.75
P001868,2026-02-20T21:18:22.858190,3,walk-in,2026-02-20T21:23:48.293832,2026-02-20T21:23:48.293832,False,False,ED,admit,2026-02-21T00:58:03.830971,0.0,219.68
P001869,2026-02-20T21:22:02.955510,3,walk-in,2026-02-20T21:25:38.249536,2026-02-20T21:25:38.249536,True,False,ED,discharge,2026-02-21T02:01:39.552558,0.0,279.61
P001870,2026-02-20T21:33:49.375747,2,walk-in,2026-02-20T21:38:58.423399,2026-02-20T21:38:58.423399,True,False,ED,admit,2026-02-21T00:54:24.570625,0.0,200.59
P001871,2026-02-20T21:45:47.029783,2,walk-in,2026-02-20T21:52:29.178029,2026-02-20T21:52:29.178029,False,False,ICU,admit,2026-02-21T02:06:16.533585,0.0,260.49
P001872,2026-02-20T21:48:59.680860,3,walk-in,2026-02-20T21:55:59.532809,2026-02-20T21:55:59.532809,True,False,ED,discharge,2026-02-20T23:57:24.248571,0.0,128.41
P001873,2026-02-20T21:56:12.647397,3,walk-in,2026-02-20T22:02:57.059946,2026-02-20T22:02:57.059946,True,True,ED,discharge,2026-02-21T09:02:25.136588,0.0,666.21
P001874,2026-02-20T22:03:48.895706,3,walk-in,2026-02-20T22:13:14.642257,2026-02-20T22:13:14.642257,False,False,ED,discharge,2026-02-21T05:26:17.519554,0.0,442.48
P001875,2026-02-20T22:21:37.773393,3,walk-in,2026-02-20T22:31:01.489042,2026-02-20T22:31:01.489042,True,False,ED,admit,2026-02-21T02:14:47.563233,0.0,233.16
P001876,2026-02-20T22:32:01.683394,3,walk-in,2026-02-20T22:35:27.973243,2026-02-20T22:35:27.973243,True,False,ED,discharge,2026-02-21T02:43:36.962701,0.0,251.59
P001877,2026-02-20T22:37:03.717305,4,walk-in,2026-02-20T22:45:09.871493,2026-02-20T22:45:09.871493,False,False,ED,discharge,2026-02-21T01:01:52.998834,0.0,144.82
P001878,2026-02-20T22:58:26.789936,3,walk-in,2026-02-20T23:03:29.655629,2026-02-20T23:03:29.655629,False,False,ED,discharge,2026-02-21T05:46:34.203808,0.0,408.12
P001879,2026-02-20T22:59:21.566044,3,walk-in,2026-02-20T23:08:01.376355,2026-02-20T23:08:01.376355,False,True,ED,discharge,2026-02-21T03:55:57.460869,0.0,296.6
P001880,2026-02-20T23:57:13.164997,3,walk-in,2026-02-21T00:04:37.389091,2026-02-21T00:04:37.389091,False,False,ED,discharge,2026-02-21T07:45:03.158918,0.0,467.83
P001881,2026-02-21T00:08:33.755719,4,walk-in,2026-02-21T00:16:49.029917,2026-02-21T00:16:49.029917,False,False,ED,discharge,2026-02-21T01:11:19.060259,0.0,62.76
P001882,2026-02-21T00:45:28.662898,3,walk-in,2026-02-21T00:55:21.507601,2026-02-21T00:55:21.507601,False,False,ED,discharge,2026-02-21T05:29:59.063815,0.0,284.51
P001883,2026-02-21T00:54:50.805332,3,walk-in,2026-02-21T00:59:52.442627,2026-02-21T00:59:52.442627,True,False,ED,discharge,2026-02-21T06:09:30.957255,0.0,314.67
P001884,2026-02-21T01:44:39.887539,3,walk-in,2026-02-21T01:53:27.831172,2026-02-21T01:53:27.831172,True,False,ED,discharge,2026-02-21T03:53:27.831172,0.0,128.8
P001885,2026-02-21T02:15:43.077861,3,walk-in,2026-02-21T02:21:30.807504,2026-02-21T02:21:30.807504,False,False,ED,discharge,2026-02-21T08:31:19.202163,0.0,375.6
P001886,2026-02-21T02:18:18.240753,2,walk-in,2026-02-21T02:26:45.602527,2026-02-21T02:26:45.602527,True,False,ED,admit,2026-02-21T08:06:39.800480,0.0,348.36
P001887,2026-02-21T02:19:39.864989,5,walk-in,2026-02-21T02:22:44.055076,2026-02-21T02:22:44.055076,False,False,ED,discharge,2026-02-21T03:28:51.992035,0.0,69.2
P001888,2026-02-21T05:03:23.749574,3,walk-in,2026-02-21T05:11:58.884933,2026-02-21T05:11:58.884933,False,True,ED,discharge,2026-02-21T08:30:10.998491,0.0,206.79
P001889,2026-02-21T05:28:57.796266,2,walk-in,2026-02-21T05:33:05.100303,2026-02-21T05:33:05.100303,True,False,ED,admit,2026-02-21T08:44:53.540487,0.0,195.93
P001890,2026-02-21T05:31:52.027645,3,walk-in,2026-02-21T05:39:27.163755,2026-02-21T05:39:27.163755,False,False,ED,admit,2026-02-21T10:54:33.907742,0.0,322.7
P001891,2026-02-21T06:00:51.799355,4,walk-in,2026-02-21T06:09:24.585170,2026-02-21T06:09:24.585170,False,False,ED,discharge,2026-02-21T07:04:32.970527,0.0,63.69
P001892,2026-02-21T06:14:44.742083,5,walk-in,2026-02-21T06:17:47.383323,2026-02-21T06:17:47.383323,False,False,ED,discharge,2026-02-21T07:51:28.856968,0.0,96.74
P001893,2026-02-21T06:20:35.703696,3,walk-in,2026-02-21T06:29:54.708114,2026-02-21T06:29:54.708114,True,True,ED,discharge,2026-02-21T09:57:30.110139,0.0,216.91
P001894,2026-02-21T06:41:24.745628,3,walk-in,2026-02-21T06:48:31.585153,2026-02-21T06:48:31.585153,False,True,ED,discharge,2026-02-21T17:33:55.433252,0.0,652.51
P001895,2026-02-21T06:42:17.263370,3,walk-in,2026-02-21T06:50:52.354617,2026-02-21T06:50:52.354617,False,False,ED,discharge,2026-02-21T09:33:27.913763,0.0,171.18
P001896,2026-02-21T06:43:34.030030,3,walk-in,2026-02-21T06:49:02.341373,2026-02-21T06:49:02.341373,True,False,ED,admit,2026-02-21T14:33:07.527417,0.0,469.56
P001897,2026-02-21T07:14:28.072024,4,walk-in,2026-02-21T07:24:15.755350,2026-02-21T07:24:15.755350,True,False,ED,discharge,2026-02-21T09:10:33.816560,0.0,116.1
P001898,2026-02-21T07:38:01.536026,4,walk-in,2026-02-21T07:41:17.099286,2026-02-21T07:41:17.099286,True,False,ED,discharge,2026-02-21T10:09:06.051601,0.0,151.08
P001899,2026-02-21T07:49:44.612086,2,walk-in,2026-02-21T07:56:31.618978,2026-02-21T07:56:31.618978,True,False,ED,discharge,2026-02-21T11:02:47.748472,0.0,193.05
P001900,2026-02-21T07:59:57.033522,4,walk-in,2026-02-21T08:06:18.200710,2026-02-21T08:06:18.200710,False,False,ED,discharge,2026-02-21T09:18:36.794773,0.0,78.66
P001901,2026-02-21T08:07:59.664946,5,walk-in,2026-02-21T08:14:29.748899,2026-02-21T08:14:29.748899,False,False,ED,discharge,2026-02-21T08:51:38.033438,0.0,43.64
P001902,2026-02-21T08:17:41.312567,3,walk-in,2026-02-21T08:27:31.409650,2026-02-21T08:27:31.409650,False,True,ED,discharge,2026-02-21T11:24:19.923814,0.0,186.64
P001903,2026-02-21T08:26:27.986579,3,ambulance,2026-02-21T08:32:17.525427,2026-02-21T08:32:17.525427,False,False,ED,discharge,2026-02-21T20:32:17.525427,0.0,725.83
P001904,2026-02-21T08:30:29.009161,5,walk-in,2026-02-21T08:37:44.339531,2026-02-21T08:37:44.339531,False,False,ED,discharge,2026-02-21T09:16:52.117501,0.0,46.39
P001905,2026-02-21T08:42:15.378271,3,walk-in,2026-02-21T08:51:52.088814,2026-02-21T08:51:52.088814,True,False,ED,admit,2026-02-21T15:03:27.911029,0.0,381.21
P001906,2026-02-21T08:51:41.195019,3,walk-in,2026-02-21T08:55:59.941515,2026-02-21T08:55:59.941515,False,True,ED,discharge,2026-02-21T15:54:40.213878,0.0,422.98
P001907,2026-02-21T08:58:48.465169,5,walk-in,2026-02-21T09:01:54.573992,2026-02-21T09:01:54.573992,False,True,ED,discharge,2026-02-21T10:21:02.332585,0.0,82.23
P001908,2026-02-21T09:20:48.182482,2,ambulance,2026-02-21T09:27:26.161285,2026-02-21T09:27:26.161285,True,True,ED,admit,2026-02-21T12:10:51.995924,0.0,170.06
P001909,2026-02-21T09:24:16.930722,1,ambulance,2026-02-21T09:31:17.060383,2026-02-21T09:31:17.060383,True,False,ICU,admit,2026-02-21T13:02:35.468916,0.0,218.31
P001910,2026-02-21T09:29:46.823079,4,walk-in,2026-02-21T09:39:27.899968,2026-02-21T09:39:27.899968,False,False,ED,discharge,2026-02-21T10:22:15.414208,0.0,52.48
P001911,2026-02-21T09:30:13.956466,3,walk-in,2026-02-21T09:38:25.665581,2026-02-21T09:38:25.665581,False,False,ED,discharge,2026-02-21T11:38:25.665581,0.0,128.2
P001912,2026-02-21T09:30:20.362728,4,walk-in,2026-02-21T09:36:03.408652,2026-02-21T09:36:03.408652,False,False,ED,discharge,2026-02-21T14:13:17.586794,0.0,282.95
P001913,2026-02-21T09:40:24.004378,5,walk-in,2026-02-21T09:46:45.616518,2026-02-21T09:46:45.616518,False,False,ED,discharge,2026-02-21T10:28:31.662055,0.0,48.13
P001914,2026-02-21T09:47:21.547100,4,transfer,2026-02-21T09:53:57.868095,2026-02-21T09:53:57.868095,False,False,ED,discharge,2026-02-21T12:51:28.769520,0.0,184.12
P001915,2026-02-21T10:10:00.691491,2,ambulance,2026-02-21T10:19:11.291289,2026-02-21T10:19:11.291289,True,False,ED,admit,2026-02-21T16:39:59.614378,0.0,389.98
P001916,2026-02-21T10:19:11.643797,3,walk-in,2026-02-21T10:27:30.520222,2026-02-21T10:27:30.520222,False,False,ED,admit,2026-02-21T15:22:52.281235,0.0,303.68
P001917,2026-02-21T10:23:34.394580,2,walk-in,2026-02-21T10:28:50.450193,2026-02-21T10:28:50.450193,True,False,ICU,admit,2026-02-21T15:46:07.144168,0.0,322.55
P001918,2026-02-21T10:29:10.172581,5,walk-in,2026-02-21T10:33:55.333381,2026-02-21T10:33:55.333381,False,False,ED,discharge,2026-02-21T11:10:17.629461,0.0,41.12
P001919,2026-02-21T10:29:14.436285,2,ambulance,2026-02-21T10:38:24.554807,2026-02-21T10:38:24.554807,False,False,ED,admit,2026-02-21T14:47:24.870730,0.0,258.17
P001920,2026-02-21T10:31:16.464041,2,walk-in,2026-02-21T10:40:43.137256,2026-02-21T10:40:43.137256,False,False,ED,admit,2026-02-21T14:55:30.359664,0.0,264.23
P001921,2026-02-21T10:37:07.255030,5,walk-in,2026-02-21T10:43:50.223979,2026-02-21T10:43:50.223979,False,False,ED,discharge,2026-02-21T11:03:50.223979,0.0,26.72
P001922,2026-02-21T10:39:02.381483,2,ambulance,2026-02-21T10:48:25.733420,2026-02-21T10:48:25.733420,False,True,ED,discharge,2026-02-21T15:58:50.032142,0.0,319.79
P001923,2026-02-21T10:56:16.378830,2,ambulance,2026-02-21T11:00:23.356382,2026-02-21T11:00:23.356382,True,False,ED,discharge,2026-02-21T14:19:15.431790,0.0,202.98
P001924,2026-02-21T10:57:55.750510,3,walk-in,2026-02-21T11:05:44.130337,2026-02-21T11:05:44.130337,False,False,ED,discharge,2026-02-21T18:27:44.663313,0.0,449.82
P001925,2026-02-21T10:58:31.126436,4,walk-in,2026-02-21T11:02:19.183786,2026-02-21T11:02:19.183786,True,False,ED,discharge,2026-02-21T12:18:00.579637,0.0,79.49
P001926,2026-02-21T11:07:16.545295,3,ambulance,2026-02-21T11:10:52.351574,2026-02-21T11:10:52.351574,False,False,ED,discharge,2026-02-21T22:32:14.799563,0.0,684.97
P001927,2026-02-21T11:15:17.594708,3,transfer,2026-02-21T11:19:10.998661,2026-02-21T11:19:10.998661,False,False,ED,discharge,2026-02-21T16:15:55.430781,0.0,300.63
P001928,2026-02-21T11:27:42.571043,2,walk-in,2026-02-21T11:32:33.657666,2026-02-21T11:32:33.657666,True,True,ED,admit,2026-02-21T13:16:46.877502,0.0,109.07
P001929,2026-02-21T11:30:16.533231,4,walk-in,2026-02-21T11:39:40.180721,2026-02-21T11:39:40.180721,False,False,ED,discharge,2026-02-21T13:36:11.919140,0.0,125.92
P001930,2026-02-21T11:31:11.637434,3,walk-in,2026-02-21T11:35:12.254592,2026-02-21T11:35:12.254592,False,False,ED,discharge,2026-02-21T14:23:32.439221,0.0,172.35
P001931,2026-02-21T11:34:50.158194,4,walk-in,2026-02-21T11:37:53.032496,2026-02-21T11:37:53.032496,False,False,ED,discharge,2026-02-21T14:55:55.074234,0.0,201.08
P001932,2026-02-21T11:38:46.745909,4,walk-in,2026-02-21T11:42:49.284230,2026-02-21T11:42:49.284230,False,False,ED,discharge,2026-02-21T12:31:36.018740,0.0,52.82
P001933,2026-02-21T11:42:35.923522,5,walk-in,2026-02-21T11:50:50.693888,2026-02-21T11:50:50.693888,False,False,ED,discharge,2026-02-21T12:36:34.568832,0.0,53.98
P001934,2026-02-21T11:46:50.819200,5,walk-in,2026-02-21T11:55:46.686885,2026-02-21T11:55:46.686885,False,False,ED,discharge,2026-02-21T12:35:06.759170,0.0,48.27
P001935,2026-02-21T12:02:05.862923,2,transfer,2026-02-21T12:11:47.547843,2026-02-21T12:11:47.547843,False,False,ED,discharge,2026-02-21T14:28:51.030668,0.0,146.75
P001936,2026-02-21T12:22:00.184984,3,walk-in,2026-02-21T12:26:53.401232,2026-02-21T12:26:53.401232,False,False,ED,discharge,2026-02-21T15:03:25.393826,0.0,161.42
P001937,2026-02-21T12:25:19.994441,3,ambulance,2026-02-21T12:35:09.480676,2026-02-21T12:35:09.480676,True,False,ED,discharge,2026-02-21T14:35:09.480676,0.0,129.82
P001938,2026-02-21T12:31:24.132236,3,walk-in,2026-02-21T12:36:02.955498,2026-02-21T12:36:02.955498,False,False,ED,discharge,2026-02-21T15:48:49.196734,0.0,197.42
P001939,2026-02-21T12:44:50.686414,3,walk-in,2026-02-21T12:48:37.080809,2026-02-21T12:48:37.080809,True,False,ED,discharge,2026-02-21T20:30:02.529630,0.0,465.2
P001940,2026-02-21T12:51:18.937129,4,walk-in,2026-02-21T12:56:48.842355,2026-02-21T12:56:48.842355,False,False,ED,discharge,2026-02-21T14:02:27.807628,0.0,71.15
P001941,2026-02-21T12:54:54.045392,4,walk-in,2026-02-21T12:58:36.497038,2026-02-21T12:58:36.497038,False,False,ED,discharge,2026-02-21T13:56:36.734205,0.0,61.71
P001942,2026-02-21T12:56:55.642878,4,walk-in,2026-02-21T12:59:56.701889,2026-02-21T12:59:56.701889,False,False,ED,discharge,2026-02-21T13:55:06.652103,0.0,58.18
P001943,2026-02-21T13:03:54.020765,5,walk-in,2026-02-21T13:11:58.107340,2026-02-21T13:11:58.107340,False,False,ED,discharge,2026-02-21T13:35:42.325333,0.0,31.81
P001944,2026-02-21T13:14:02.229156,5,walk-in,2026-02-21T13:23:06.021120,2026-02-21T13:23:06.021120,True,False,ED,discharge,2026-02-21T14:20:40.567453,0.0,66.64
P001945,2026-02-21T13:15:36.459822,5,walk-in,2026-02-21T13:23:12.194661,2026-02-21T13:23:12.194661,False,False,ED,discharge,2026-02-21T14:07:24.400358,0.0,51.8
P001946,2026-02-21T13:22:44.812734,2,walk-in,2026-02-21T13:27:55.413984,2026-02-21T13:27:55.413984,False,False,ICU,admit,2026-02-21T19:52:36.878087,0.0,389.87
P001947,2026-02-21T13:27:12.645909,4,walk-in,2026-02-21T13:32:54.367143,2026-02-21T13:32:54.367143,False,False,ED,discharge,2026-02-21T14:39:55.187873,0.0,72.71
P001948,2026-02-21T13:32:54.156166,2,walk-in,2026-02-21T13:41:41.946391,2026-02-21T13:41:41.946391,False,False,ICU,discharge,2026-02-21T18:52:46.357002,0.0,319.87
P001949,2026-02-21T13:33:14.772908,3,walk-in,2026-02-21T13:39:34.207335,2026-02-21T13:39:34.207335,True,True,ED,discharge,2026-02-21T19:02:49.627236,0.0,329.58
P001950,2026-02-21T13:34:38.781993,4,walk-in,2026-02-21T13:42:12.719246,2026-02-21T13:42:12.719246,False,False,ED,discharge,2026-02-21T14:40:16.795129,0.0,65.63
P001951,2026-02-21T13:34:44.441808,4,walk-in,2026-02-21T13:42:31.613830,2026-02-21T13:42:31.613830,False,False,ED,discharge,2026-02-21T14:39:14.737747,0.0,64.5
P001952,2026-02-21T13:35:58.501868,2,walk-in,2026-02-21T13:44:53.570290,2026-02-21T13:44:53.570290,False,False,ED,admit,2026-02-21T17:16:28.385694,0.0,220.5
P001953,2026-02-21T13:44:56.408120,3,walk-in,2026-02-21T13:49:30.260008,2026-02-21T13:49:30.260008,False,False,ED,admit,2026-02-21T18:11:12.730276,0.0,266.27
P001954,2026-02-21T13:45:07.147804,4,walk-in,2026-02-21T13:53:58.738614,2026-02-21T13:53:58.738614,False,True,ED,discharge,2026-02-21T14:33:58.738614,0.0,48.86
P001955,2026-02-21T13:49:05.287012,3,walk-in,2026-02-21T13:52:49.716133,2026-02-21T13:52:49.716133,True,False,ED,discharge,2026-02-21T18:57:36.265002,0.0,308.52
P001956,2026-02-21T13:54:16.567578,5,walk-in,2026-02-21T14:03:31.945635,2026-02-21T14:03:31.945635,False,False,ED,discharge,2026-02-21T15:04:04.864928,0.0,69.8
P001957,2026-02-21T14:00:37.566838,2,ambulance,2026-02-21T14:05:59.882998,2026-02-21T14:05:59.882998,True,False,ED,discharge,2026-02-21T17:41:04.202737,0.0,220.44
P001958,2026-02-21T14:02:41.652967,5,ambulance,2026-02-21T14:11:16.925902,2026-02-21T14:11:16.925902,False,False,ED,discharge,2026-02-21T14:46:08.435667,0.0,43.45
P001959,2026-02-21T14:09:34.419717,3,ambulance,2026-02-21T14:17:07.979091,2026-02-21T14:17:07.979091,False,False,ED,discharge,2026-02-21T20:41:09.836298,0.0,391.59
P001960,2026-02-21T14:12:32.348856,5,walk-in,2026-02-21T14:16:40.501947,2026-02-21T14:16:40.501947,False,False,ED,discharge,2026-02-21T15:33:36.023079,0.0,81.06
P001961,2026-02-21T14:16:30.368073,4,walk-in,2026-02-21T14:21:19.392344,2026-02-21T14:21:19.392344,False,True,ED,discharge,2026-02-21T15:40:29.028932,0.0,83.98
P001962,2026-02-21T14:22:13.463493,3,walk-in,2026-02-21T14:30:03.302780,2026-02-21T14:30:03.302780,True,False,ED,admit,2026-02-21T16:30:03.302780,0.0,127.83
P001963,2026-02-21T14:24:34.555501,2,walk-in,2026-02-21T14:32:43.591450,2026-02-21T14:32:43.591450,False,False,ED,admit,2026-02-21T21:26:05.561191,0.0,421.52
P001964,2026-02-21T14:25:18.567154,1,transfer,2026-02-21T14:29:49.953113,2026-02-21T14:29:49.953113,True,False,ED,transfer,2026-02-21T15:59:07.024319,0.0,93.81
P001965,2026-02-21T14:26:16.945518,2,walk-in,2026-02-21T14:34:12.128354,2026-02-21T14:34:12.128354,False,False,ED,discharge,2026-02-21T16:25:39.181274,0.0,119.37
P001966,2026-02-21T14:38:21.471902,3,walk-in,2026-02-21T14:44:52.895373,2026-02-21T14:44:52.895373,True,True,ED,admit,2026-02-21T18:34:36.814267,0.0,236.26
P001967,2026-02-21T14:43:52.061082,4,walk-in,2026-02-21T14:48:28.087008,2026-02-21T14:48:28.087008,True,False,ED,discharge,2026-02-21T15:29:54.473707,0.0,46.04
P001968,2026-02-21T14:47:39.288943,3,walk-in,2026-02-21T14:54:30.309736,2026-02-21T14:54:30.309736,False,False,ED,admit,2026-02-21T19:06:37.380178,0.0,258.97
P001969,2026-02-21T14:50:45.323364,5,walk-in,2026-02-21T14:57:36.302622,2026-02-21T14:57:36.302622,False,False,ED,discharge,2026-02-21T16:18:31.747634,0.0,87.77
P001970,2026-02-21T14:52:36.630162,3,walk-in,2026-02-21T14:57:25.652366,2026-02-21T14:57:25.652366,False,False,ED,admit,2026-02-21T17:13:23.056070,0.0,140.77
P001971,2026-02-21T14:58:31.539858,3,walk-in,2026-02-21T15:03:53.063073,2026-02-21T15:03:53.063073,False,False,ED,discharge,2026-02-21T17:56:33.658383,0.0,178.04
P001972,2026-02-21T15:05:55.646457,2,walk-in,2026-02-21T15:12:22.571760,2026-02-21T15:12:22.571760,False,True,ED,admit,2026-02-21T19:06:25.146121,0.0,240.49
P001973,2026-02-21T15:06:45.781503,3,walk-in,2026-02-21T15:15:44.495913,2026-02-21T15:15:44.495913,False,False,ED,discharge,2026-02-21T17:15:44.495913,0.0,128.98
P001974,2026-02-21T15:10:13.388475,3,walk-in,2026-02-21T15:14:17.861955,2026-02-21T15:14:17.861955,False,False,ED,discharge,2026-02-22T03:14:17.861955,0.0,724.07
P001975,2026-02-21T15:12:17.055758,3,walk-in,2026-02-21T15:17:47.459037,2026-02-21T15:17:47.459037,False,True,ED,admit,2026-02-21T19:07:08.911237,0.0,234.86
P001976,2026-02-21T15:12:35.712163,3,walk-in,2026-02-21T15:21:14.025929,2026-02-21T15:21:14.025929,False,False,ED,discharge,2026-02-21T19:28:57.888588,0.0,256.37
P001977,2026-02-21T15:27:15.641092,3,walk-in,2026-02-21T15:32:24.537253,2026-02-21T15:32:24.537253,True,True,ED,discharge,2026-02-21T17:32:24.537253,0.0,125.15
P001978,2026-02-21T15:43:26.980231,4,walk-in,2026-02-21T15:49:58.347275,2026-02-21T15:49:58.347275,False,False,ED,discharge,2026-02-21T18:20:08.726294,0.0,156.7
P001979,2026-02-21T15:53:49.898491,4,walk-in,2026-02-21T16:00:31.690960,2026-02-21T16:00:31.690960,False,False,ED,discharge,2026-02-21T17:39:48.687040,0.0,105.98
P001980,2026-02-21T16:00:12.937624,3,ambulance,2026-02-21T16:06:07.917797,2026-02-21T16:06:07.917797,True,True,ED,discharge,2026-02-21T19:04:17.546035,0.0,184.08
P001981,2026-02-21T16:02:32.145130,2,walk-in,2026-02-21T16:06:58.886568,2026-02-21T16:06:58.886568,True,False,ED,admit,2026-02-21T20:47:40.981635,0.0,285.15
P001982,2026-02-21T16:02:33.314414,3,walk-in,2026-02-21T16:09:46.886078,2026-02-21T16:09:46.886078,True,False,ED,discharge,2026-02-21T22:36:07.919090,0.0,393.58
P001983,2026-02-21T16:06:43.795920,4,walk-in,2026-02-21T16:11:34.359342,2026-02-21T16:11:34.359342,False,False,ED,discharge,2026-02-21T16:56:52.803553,0.0,50.15
P001984,2026-02-21T16:12:23.702676,3,walk-in,2026-02-21T16:20:51.374957,2026-02-21T16:20:51.374957,False,False,ED,admit,2026-02-22T01:16:10.337078,0.0,543.78
P001985,2026-02-21T16:27:11.835503,4,walk-in,2026-02-21T16:34:14.473915,2026-02-21T16:34:14.473915,False,False,ED,discharge,2026-02-21T18:03:58.937033,0.0,96.79
P001986,2026-02-21T16:32:48.706575,3,walk-in,2026-02-21T16:35:52.417093,2026-02-21T16:35:52.417093,True,False,ED,discharge,2026-02-21T18:35:52.417093,0.0,123.06
P001987,2026-02-21T16:36:18.154269,5,walk-in,2026-02-21T16:41:40.534659,2026-02-21T16:41:40.534659,False,False,ED,discharge,2026-02-21T17:36:19.838414,0.0,60.03
P001988,2026-02-21T16:37:35.872786,2,walk-in,2026-02-21T16:44:17.199658,2026-02-21T16:44:17.199658,True,True,ED,admit,2026-02-21T18:25:50.722297,0.0,108.25
P001989,2026-02-21T16:41:22.081370,3,walk-in,2026-02-21T16:45:36.028131,2026-02-21T16:45:36.028131,False,True,ED,discharge,2026-02-22T01:04:36.696532,0.0,503.24
P001990,2026-02-21T16:43:27.109723,4,walk-in,2026-02-21T16:51:00.634230,2026-02-21T16:51:00.634230,False,False,ED,discharge,2026-02-21T18:34:01.718382,0.0,110.58
P001991,2026-02-21T16:47:13.264067,2,walk-in,2026-02-21T16:52:49.482611,2026-02-21T16:52:49.482611,True,False,ED,discharge,2026-02-21T21:19:30.161720,0.0,272.28
P001992,2026-02-21T16:49:52.169349,2,ambulance,2026-02-21T16:53:35.666799,2026-02-21T16:53:35.666799,True,False,ED,admit,2026-02-21T21:22:38.245916,0.0,272.77
P001993,2026-02-21T17:16:41.590623,3,walk-in,2026-02-21T17:26:25.244686,2026-02-21T17:26:25.244686,False,False,ED,admit,2026-02-21T20:24:01.885366,0.0,187.34
P001994,2026-02-21T17:17:51.146892,3,walk-in,2026-02-21T17:22:43.974694,2026-02-21T17:22:43.974694,False,True,ED,admit,2026-02-21T23:58:47.790155,0.0,400.94
P001995,2026-02-21T17:22:41.557140,4,walk-in,2026-02-21T17:31:20.170980,2026-02-21T17:31:20.170980,True,False,ED,discharge,2026-02-21T18:25:47.029864,0.0,63.09
P001996,2026-02-21T17:26:58.225649,5,walk-in,2026-02-21T17:36:33.597815,2026-02-21T17:36:33.597815,False,False,ED,discharge,2026-02-21T18:27:27.556772,0.0,60.49
P001997,2026-02-21T17:32:15.495269,3,walk-in,2026-02-21T17:36:03.010903,2026-02-21T17:36:03.010903,False,False,ED,discharge,2026-02-21T20:27:25.748946,0.0,175.17
P001998,2026-02-21T17:40:08.169445,5,walk-in,2026-02-21T17:43:10.407782,2026-02-21T17:43:10.407782,False,False,ED,discharge,2026-02-21T18:28:29.981748,0.0,48.36
P001999,2026-02-21T17:45:16.359000,5,walk-in,2026-02-21T17:52:33.713230,2026-02-21T17:52:33.713230,False,False,ED,discharge,2026-02-21T18:23:55.366863,0.0,38.65
P002000,2026-02-21T17:45:56.399797,4,walk-in,2026-02-21T17:53:50.699818,2026-02-21T17:53:50.699818,False,False,ED,discharge,2026-02-21T21:15:28.938728,0.0,209.54
P002001,2026-02-21T17:54:03.398430,3,walk-in,2026-02-21T17:57:23.456790,2026-02-21T17:57:23.456790,False,False,ED,discharge,2026-02-22T02:18:38.802403,0.0,504.59
P002002,2026-02-21T17:55:02.793824,3,walk-in,2026-02-21T18:00:48.749622,2026-02-21T18:00:48.749622,False,False,ED,admit,2026-02-21T20:25:53.381119,0.0,150.84
P002003,2026-02-21T18:17:57.263024,4,walk-in,2026-02-21T18:26:11.808822,2026-02-21T18:26:11.808822,False,True,ED,discharge,2026-02-21T19:37:04.727216,0.0,79.12
P002004,2026-02-21T18:39:24.088214,4,walk-in,2026-02-21T18:42:25.259685,2026-02-21T18:42:25.259685,False,False,ED,discharge,2026-02-21T20:08:52.836922,0.0,89.48
P002005,2026-02-21T18:45:27.212255,2,walk-in,2026-02-21T18:49:10.591005,2026-02-21T18:49:10.591005,False,False,ED,admit,2026-02-21T22:12:19.397939,0.0,206.87
P002006,2026-02-21T18:47:41.298124,4,walk-in,2026-02-21T18:56:07.482517,2026-02-21T18:56:07.482517,False,False,ED,discharge,2026-02-21T20:55:07.318393,0.0,127.43
P002007,2026-02-21T18:47:51.363950,2,ambulance,2026-02-21T18:57:08.839899,2026-02-21T18:57:08.839899,True,True,ED,admit,2026-02-21T22:56:40.843787,0.0,248.82
P002008,2026-02-21T18:52:24.051569,3,walk-in,2026-02-21T18:55:41.161111,2026-02-21T18:55:41.161111,False,False,ED,discharge,2026-02-21T20:55:41.161111,0.0,123.29
P002009,2026-02-21T18:53:23.398584,5,walk-in,2026-02-21T18:58:45.209326,2026-02-21T18:58:45.209326,False,False,ED,discharge,2026-02-21T20:48:07.345309,0.0,114.73
P002010,2026-02-21T19:03:04.831672,3,walk-in,2026-02-21T19:09:57.672952,2026-02-21T19:09:57.672952,False,False,ED,discharge,2026-02-22T01:11:16.561945,0.0,368.2
P002011,2026-02-21T19:05:39.455122,3,walk-in,2026-02-21T19:11:24.983106,2026-02-21T19:11:24.983106,True,False,ED,discharge,2026-02-22T06:53:37.876879,0.0,707.97
P002012,2026-02-21T19:06:50.676986,3,walk-in,2026-02-21T19:13:36.790630,2026-02-21T19:13:36.790630,False,True,ED,discharge,2026-02-22T00:31:23.020421,0.0,324.54
P002013,2026-02-21T19:16:19.601019,5,walk-in,2026-02-21T19:24:47.232832,2026-02-21T19:24:47.232832,False,False,ED,discharge,2026-02-21T19:48:08.827863,0.0,31.82
P002014,2026-02-21T19:26:43.061605,4,walk-in,2026-02-21T19:30:32.581451,2026-02-21T19:30:32.581451,False,False,ED,discharge,2026-02-21T20:23:41.639209,0.0,56.98
P002015,2026-02-21T19:37:36.106236,3,walk-in,2026-02-21T19:43:17.357164,2026-02-21T19:43:17.357164,False,False,ED,discharge,2026-02-22T00:04:42.609278,0.0,267.11
P002016,2026-02-21T19:38:35.687569,5,walk-in,2026-02-21T19:48:29.800713,2026-02-21T19:48:29.800713,False,False,ED,discharge,2026-02-21T20:46:15.241396,0.0,67.66
P002017,2026-02-21T19:43:01.843895,3,walk-in,2026-02-21T19:52:38.388624,2026-02-21T19:52:38.388624,False,False,ED,discharge,2026-02-22T00:56:10.929294,0.0,313.15
P002018,2026-02-21T19:49:13.480886,3,walk-in,2026-02-21T19:53:59.268183,2026-02-21T19:53:59.268183,True,False,ED,discharge,2026-02-22T02:49:03.966588,0.0,419.84
P002019,2026-02-21T19:49:14.739348,4,walk-in,2026-02-21T19:56:14.593744,2026-02-21T19:56:14.593744,False,False,ED,discharge,2026-02-21T20:54:31.302120,0.0,65.28
P002020,2026-02-21T19:50:18.929916,5,walk-in,2026-02-21T19:54:39.171699,2026-02-21T19:54:39.171699,False,False,ED,discharge,2026-02-21T20:51:24.412724,0.0,61.09
P002021,2026-02-21T19:50:37.356146,3,walk-in,2026-02-21T19:54:35.977232,2026-02-21T19:54:35.977232,False,True,ED,admit,2026-02-21T22:27:45.102517,0.0,157.13
P002022,2026-02-21T19:53:39.979238,4,walk-in,2026-02-21T20:03:05.255905,2026-02-21T20:03:05.255905,False,False,ED,discharge,2026-02-21T22:14:25.022016,0.0,140.75
P002023,2026-02-21T19:59:05.131940,4,walk-in,2026-02-21T20:02:44.370153,2026-02-21T20:02:44.370153,False,False,ED,discharge,2026-02-21T21:17:58.928185,0.0,78.9
P002024,2026-02-21T20:01:16.582744,3,walk-in,2026-02-21T20:09:48.893853,2026-02-21T20:09:48.893853,False,False,ED,discharge,2026-02-21T23:17:50.174508,0.0,196.56
P002025,2026-02-21T20:01:21.590109,3,walk-in,2026-02-21T20:10:09.986331,2026-02-21T20:10:09.986331,True,False,ED,discharge,2026-02-22T04:58:15.905436,0.0,536.91
P002026,2026-02-21T20:06:04.543168,4,walk-in,2026-02-21T20:11:33.345031,2026-02-21T20:11:33.345031,False,False,ED,discharge,2026-02-21T21:04:43.330737,0.0,58.65
P002027,2026-02-21T20:08:08.825213,5,walk-in,2026-02-21T20:17:19.861786,2026-02-21T20:17:19.861786,False,False,ED,discharge,2026-02-21T21:33:41.891921,0.0,85.55
P002028,2026-02-21T20:17:57.612695,4,walk-in,2026-02-21T20:24:45.036760,2026-02-21T20:24:45.036760,False,False,ED,discharge,2026-02-21T21:52:22.514399,0.0,94.42
P002029,2026-02-21T20:27:06.671574,2,walk-in,2026-02-21T20:32:53.788978,2026-02-21T20:32:53.788978,True,False,ED,admit,2026-02-21T23:23:45.404975,0.0,176.65
P002030,2026-02-21T20:31:23.060235,3,walk-in,2026-02-21T20:40:30.516514,2026-02-21T20:40:30.516514,False,True,ED,discharge,2026-02-22T01:35:28.751331,0.0,304.09
P002031,2026-02-21T21:24:34.541075,3,walk-in,2026-02-21T21:31:18.520203,2026-02-21T21:31:18.520203,False,False,ED,discharge,2026-02-22T03:12:57.864446,0.0,348.39
P002032,2026-02-21T21:30:32.796466,4,transfer,2026-02-21T21:36:40.629761,2026-02-21T21:36:40.629761,False,False,ED,discharge,2026-02-21T23:54:45.750317,0.0,144.22
P002033,2026-02-21T21:34:31.240087,5,walk-in,2026-02-21T21:39:14.427316,2026-02-21T21:39:14.427316,False,False,ED,discharge,2026-02-21T22:09:25.755061,0.0,34.91
P002034,2026-02-21T21:34:35.175870,4,walk-in,2026-02-21T21:42:10.328058,2026-02-21T21:42:10.328058,False,False,ED,discharge,2026-02-21T23:36:01.267048,0.0,121.43
P002035,2026-02-21T21:35:06.724017,4,walk-in,2026-02-21T21:43:59.164271,2026-02-21T21:43:59.164271,False,False,ED,discharge,2026-02-21T23:42:43.046472,0.0,127.61
P002036,2026-02-21T21:42:31.932872,4,walk-in,2026-02-21T21:45:39.813355,2026-02-21T21:45:39.813355,False,False,ED,discharge,2026-02-21T23:36:01.381821,0.0,113.49
P002037,2026-02-21T21:44:30.830122,3,walk-in,2026-02-21T21:48:27.307010,2026-02-21T21:48:27.307010,True,False,ED,discharge,2026-02-22T02:56:53.673983,0.0,312.38
P002038,2026-02-21T21:48:39.186663,3,ambulance,2026-02-21T21:51:58.832965,2026-02-21T21:51:58.832965,False,False,ED,discharge,2026-02-22T01:16:40.910694,0.0,208.03
P002039,2026-02-21T22:02:14.904282,3,walk-in,2026-02-21T22:10:29.216447,2026-02-21T22:10:29.216447,False,True,ED,admit,2026-02-22T02:19:06.082576,0.0,256.85
P002040,2026-02-21T22:06:42.788987,3,walk-in,2026-02-21T22:13:23.592050,2026-02-21T22:13:23.592050,False,True,ED,discharge,2026-02-22T02:31:49.206896,0.0,265.11
P002041,2026-02-21T22:11:10.642954,2,walk-in,2026-02-21T22:18:47.437563,2026-02-21T22:18:47.437563,False,False,ED,discharge,2026-02-22T03:19:23.126669,0.0,308.21
P002042,2026-02-21T22:11:34.804989,2,walk-in,2026-02-21T22:14:40.025928,2026-02-21T22:14:40.025928,False,False,ED,admit,2026-02-22T04:00:21.435104,0.0,348.78
P002043,2026-02-21T22:13:20.800906,2,ambulance,2026-02-21T22:18:47.366647,2026-02-21T22:18:47.366647,False,True,ED,admit,2026-02-22T03:16:15.199192,0.0,302.91
P002044,2026-02-21T22:27:01.305943,2,walk-in,2026-02-21T22:36:17.105009,2026-02-21T22:36:17.105009,True,False,ED,discharge,2026-02-22T02:43:34.638575,0.0,256.56
P002045,2026-02-21T22:31:57.497737,2,ambulance,2026-02-21T22:37:00.271082,2026-02-21T22:37:00.271082,False,True,ED,admit,2026-02-22T02:05:05.138659,0.0,213.13
P002046,2026-02-21T22:48:21.758754,2,walk-in,2026-02-21T22:53:44.634721,2026-02-21T22:53:44.634721,True,False,ED,discharge,2026-02-22T03:52:38.130849,0.0,304.27
P002047,2026-02-21T22:59:06.429503,2,ambulance,2026-02-21T23:03:23.185392,2026-02-21T23:03:23.185392,False,True,ED,admit,2026-02-22T01:17:32.766012,0.0,138.44
P002048,2026-02-21T23:29:30.062788,4,walk-in,2026-02-21T23:35:58.471096,2026-02-21T23:35:58.471096,False,False,ED,discharge,2026-02-22T01:12:22.399750,0.0,102.87
P002049,2026-02-21T23:50:29.594966,3,walk-in,2026-02-22T00:00:28.516923,2026-02-22T00:00:28.516923,True,False,ED,discharge,2026-02-22T02:00:28.516923,0.0,129.98
P002050,2026-02-22T00:01:59.137006,3,walk-in,2026-02-22T00:08:42.908163,2026-02-22T00:08:42.908163,False,False,ED,discharge,2026-02-22T12:08:42.908163,0.0,726.73
P002051,2026-02-22T00:05:24.089195,5,walk-in,2026-02-22T00:14:11.458196,2026-02-22T00:14:11.458196,False,False,ED,discharge,2026-02-22T01:10:10.310145,0.0,64.77
P002052,2026-02-22T00:08:50.298593,3,walk-in,2026-02-22T00:15:27.762313,2026-02-22T00:15:27.762313,True,False,ED,admit,2026-02-22T06:52:05.370156,0.0,403.25
P002053,2026-02-22T00:10:43.113739,5,walk-in,2026-02-22T00:13:59.258695,2026-02-22T00:13:59.258695,False,False,ED,discharge,2026-02-22T01:20:49.428981,0.0,70.11
P002054,2026-02-22T00:16:56.197140,2,walk-in,2026-02-22T00:23:54.315138,2026-02-22T00:23:54.315138,True,False,ED,discharge,2026-02-22T03:45:09.888551,0.0,208.23
P002055,2026-02-22T00:20:20.052773,2,ambulance,2026-02-22T00:25:07.813136,2026-02-22T00:25:07.813136,False,True,ED,admit,2026-02-22T02:27:59.958911,0.0,127.67
P002056,2026-02-22T00:31:01.283495,3,walk-in,2026-02-22T00:37:11.839553,2026-02-22T00:37:11.839553,False,False,ED,admit,2026-02-22T07:13:00.220580,0.0,401.98
P002057,2026-02-22T00:47:53.099391,3,transfer,2026-02-22T00:57:14.745469,2026-02-22T00:57:14.745469,False,False,ED,admit,2026-02-22T09:40:33.330352,0.0,532.67
P002058,2026-02-22T01:03:35.317685,3,walk-in,2026-02-22T01:11:50.945854,2026-02-22T01:11:50.945854,False,False,ED,discharge,2026-02-22T03:47:45.080793,0.0,164.16
P002059,2026-02-22T01:23:26.714966,4,walk-in,2026-02-22T01:27:45.377211,2026-02-22T01:27:45.377211,False,False,ED,discharge,2026-02-22T02:50:07.848177,0.0,86.69
P002060,2026-02-22T01:24:16.385461,5,walk-in,2026-02-22T01:33:32.374839,2026-02-22T01:33:32.374839,False,False,ED,discharge,2026-02-22T02:46:22.174641,0.0,82.1
P002061,2026-02-22T01:40:14.684432,2,walk-in,2026-02-22T01:43:50.232305,2026-02-22T01:43:50.232305,False,False,ICU,admit,2026-02-22T06:51:40.243834,0.0,311.43
P002062,2026-02-22T01:43:04.667874,5,walk-in,2026-02-22T01:52:35.245298,2026-02-22T01:52:35.245298,False,False,ED,discharge,2026-02-22T02:29:11.669230,0.0,46.12
P002063,2026-02-22T02:21:17.495310,4,walk-in,2026-02-22T02:28:55.256001,2026-02-22T02:28:55.256001,False,False,ED,discharge,2026-02-22T03:27:55.393347,0.0,66.63
P002064,2026-02-22T02:41:17.571875,2,walk-in,2026-02-22T02:47:45.768455,2026-02-22T02:47:45.768455,True,False,ED,admit,2026-02-22T06:00:47.254250,0.0,199.49
P002065,2026-02-22T03:28:14.621500,3,walk-in,2026-02-22T03:35:45.280998,2026-02-22T03:35:45.280998,False,False,ED,discharge,2026-02-22T09:21:09.394382,0.0,352.91
P002066,2026-02-22T05:38:52.482108,4,walk-in,2026-02-22T05:48:39.722925,2026-02-22T05:48:39.722925,False,False,ED,discharge,2026-02-22T06:28:39.722925,0.0,49.79
P002067,2026-02-22T06:22:21.961227,3,walk-in,2026-02-22T06:28:45.442518,2026-02-22T06:28:45.442518,False,False,ED,admit,2026-02-22T09:18:54.494741,0.0,176.54
P002068,2026-02-22T06:43:28.845061,3,walk-in,2026-02-22T06:50:27.566775,2026-02-22T06:50:27.566775,False,False,ED,admit,2026-02-22T09:42:37.239670,0.0,179.14
P002069,2026-02-22T06:45:46.821664,2,transfer,2026-02-22T06:51:22.230723,2026-02-22T06:51:22.230723,True,False,ICU,discharge,2026-02-22T09:51:59.929570,0.0,186.22
P002070,2026-02-22T06:46:15.897777,3,walk-in,2026-02-22T06:49:58.109474,2026-02-22T06:49:58.109474,False,False,ED,discharge,2026-02-22T09:32:15.861117,0.0,166.0
P002071,2026-02-22T07:00:05.301713,4,walk-in,2026-02-22T07:07:34.922933,2026-02-22T07:07:34.922933,False,False,ED,discharge,2026-02-22T08:30:18.586065,0.0,90.22
P002072,2026-02-22T07:03:15.837171,2,ambulance,2026-02-22T07:07:50.563266,2026-02-22T07:07:50.563266,True,True,ED,admit,2026-02-22T17:07:50.563266,0.0,604.58
P002073,2026-02-22T07:09:14.106440,3,ambulance,2026-02-22T07:15:42.510709,2026-02-22T07:15:42.510709,False,False,ED,discharge,2026-02-22T14:42:23.770919,0.0,453.16
P002074,2026-02-22T07:28:17.313519,2,walk-in,2026-02-22T07:35:55.874698,2026-02-22T07:35:55.874698,False,True,ED,discharge,2026-02-22T11:11:20.743925,0.0,223.06
P002075,2026-02-22T07:39:01.768988,4,walk-in,2026-02-22T07:42:31.581703,2026-02-22T07:42:31.581703,False,False,ED,discharge,2026-02-22T09:44:56.410773,0.0,125.91
P002076,2026-02-22T07:52:58.901490,3,transfer,2026-02-22T07:57:54.427393,2026-02-22T07:57:54.427393,False,False,ED,discharge,2026-02-22T12:38:33.335132,0.0,285.57
P002077,2026-02-22T07:55:58.857451,3,walk-in,2026-02-22T08:05:41.540430,2026-02-22T08:05:41.540430,False,True,ED,admit,2026-02-22T20:05:41.540430,0.0,729.71
P002078,2026-02-22T08:01:00.275090,4,walk-in,2026-02-22T08:06:15.243252,2026-02-22T08:06:15.243252,False,False,ED,discharge,2026-02-22T09:20:13.552933,0.0,79.22
P002079,2026-02-22T08:09:00.801507,5,walk-in,2026-02-22T08:17:59.200992,2026-02-22T08:17:59.200992,False,False,ED,discharge,2026-02-22T09:14:28.967112,0.0,65.47
P002080,2026-02-22T08:33:33.882876,3,walk-in,2026-02-22T08:39:14.964074,2026-02-22T08:39:14.964074,False,True,ED,discharge,2026-02-22T12:21:44.279777,0.0,228.17
P002081,2026-02-22T08:50:35.243863,3,ambulance,2026-02-22T08:56:00.696889,2026-02-22T08:56:00.696889,False,False,ED,discharge,2026-02-22T11:19:42.852246,0.0,149.13
P002082,2026-02-22T08:56:45.129050,4,walk-in,2026-02-22T09:04:26.141342,2026-02-22T09:04:26.141342,False,False,ED,discharge,2026-02-22T12:16:15.967206,0.0,199.51
P002083,2026-02-22T08:59:57.621102,3,walk-in,2026-02-22T09:03:18.864040,2026-02-22T09:03:18.864040,True,False,ED,admit,2026-02-22T16:11:36.644667,0.0,431.65
P002084,2026-02-22T09:03:40.292100,2,ambulance,2026-02-22T09:06:48.009595,2026-02-22T09:06:48.009595,False,False,ED,admit,2026-02-22T12:55:54.129859,0.0,232.23
P002085,2026-02-22T09:05:25.573275,3,walk-in,2026-02-22T09:08:35.709405,2026-02-22T09:08:35.709405,True,False,ED,discharge,2026-02-22T13:43:01.322647,0.0,277.6
P002086,2026-02-22T09:11:00.276079,4,walk-in,2026-02-22T09:17:48.751108,2026-02-22T09:17:48.751108,False,False,ED,discharge,2026-02-22T09:57:48.751108,0.0,46.81
P002087,2026-02-22T09:23:46.888968,2,walk-in,2026-02-22T09:30:33.892625,2026-02-22T09:30:33.892625,True,True,ED,admit,2026-02-22T11:20:45.438586,0.0,116.98
P002088,2026-02-22T09:24:52.956140,4,walk-in,2026-02-22T09:29:19.747711,2026-02-22T09:29:19.747711,False,False,ED,discharge,2026-02-22T13:41:51.516848,0.0,256.98
P002089,2026-02-22T09:30:56.583705,2,ambulance,2026-02-22T09:40:50.474230,2026-02-22T09:40:50.474230,True,False,ED,discharge,2026-02-22T12:48:28.454583,0.0,197.53
P002090,2026-02-22T09:45:35.739022,3,ambulance,2026-02-22T09:53:38.069408,2026-02-22T09:53:38.069408,False,False,ED,discharge,2026-02-22T13:55:56.707326,0.0,250.35
P002091,2026-02-22T09:48:34.504210,2,walk-in,2026-02-22T09:52:23.847687,2026-02-22T09:52:23.847687,False,True,ED,discharge,2026-02-22T14:54:00.822449,0.0,305.44
P002092,2026-02-22T09:54:34.101661,5,walk-in,2026-02-22T09:58:57.972367,2026-02-22T09:58:57.972367,False,False,ED,discharge,2026-02-22T10:25:54.575312,0.0,31.34
P002093,2026-02-22T09:54:44.866016,3,walk-in,2026-02-22T10:00:07.037426,2026-02-22T10:00:07.037426,True,False,ED,discharge,2026-02-22T14:38:02.344914,0.0,283.29
P002094,2026-02-22T10:04:30.943087,3,walk-in,2026-02-22T10:10:41.968259,2026-02-22T10:10:41.968259,False,False,ED,discharge,2026-02-22T15:41:37.400347,0.0,337.11
P002095,2026-02-22T10:08:16.981255,4,walk-in,2026-02-22T10:11:19.925634,2026-02-22T10:11:19.925634,False,False,ED,discharge,2026-02-22T11:15:59.997123,0.0,67.72
P002096,2026-02-22T10:13:06.031312,2,walk-in,2026-02-22T10:22:20.550559,2026-02-22T10:22:20.550559,False,False,ED,admit,2026-02-22T18:21:07.526581,0.0,488.02
P002097,2026-02-22T10:13:18.458398,4,walk-in,2026-02-22T10:21:31.735493,2026-02-22T10:21:31.735493,False,False,ED,discharge,2026-02-22T11:12:45.993695,0.0,59.46
P002098,2026-02-22T10:16:01.232630,4,transfer,2026-02-22T10:19:56.786249,2026-02-22T10:19:56.786249,False,False,ED,discharge,2026-02-22T11:23:53.394135,0.0,67.87
P002099,2026-02-22T10:22:36.201097,5,walk-in,2026-02-22T10:32:26.214772,2026-02-22T10:32:26.214772,False,False,ED,discharge,2026-02-22T11:14:15.270482,0.0,51.65
P002100,2026-02-22T10:24:42.830816,4,walk-in,2026-02-22T10:29:13.585183,2026-02-22T10:29:13.585183,False,False,ED,discharge,2026-02-22T12:13:49.107856,0.0,109.1
P002101,2026-02-22T10:24:50.737836,3,ambulance,2026-02-22T10:30:36.977927,2026-02-22T10:30:36.977927,False,True,ED,discharge,2026-02-22T13:58:39.643707,0.0,213.82
P002102,2026-02-22T10:36:26.129429,4,walk-in,2026-02-22T10:39:29.495430,2026-02-22T10:39:29.495430,False,False,ED,discharge,2026-02-22T11:19:29.495430,0.0,43.06
P002103,2026-02-22T10:39:27.465999,4,transfer,2026-02-22T10:42:52.120948,2026-02-22T10:42:52.120948,False,False,ED,discharge,2026-02-22T12:50:51.058993,0.0,131.39
P002104,2026-02-22T10:46:20.635668,4,walk-in,2026-02-22T10:52:33.864244,2026-02-22T10:52:33.864244,False,False,ED,discharge,2026-02-22T13:08:46.755031,0.0,142.44
P002105,2026-02-22T10:48:47.543329,2,walk-in,2026-02-22T10:53:05.945961,2026-02-22T10:53:05.945961,True,True,ED,discharge,2026-02-22T13:46:54.664879,0.0,178.12
P002106,2026-02-22T11:07:58.647410,3,walk-in,2026-02-22T11:14:25.706018,2026-02-22T11:14:25.706018,True,False,ED,admit,2026-02-22T15:57:54.335971,0.0,289.93
P002107,2026-02-22T11:10:46.676009,4,walk-in,2026-02-22T11:16:00.665572,2026-02-22T11:16:00.665572,False,False,ED,discharge,2026-02-22T12:29:49.910839,0.0,79.05
P002108,2026-02-22T11:15:44.692285,2,ambulance,2026-02-22T11:22:40.337403,2026-02-22T11:22:40.337403,False,False,ED,admit,2026-02-22T17:05:04.846679,0.0,349.34
P002109,2026-02-22T11:17:24.201376,3,walk-in,2026-02-22T11:26:19.214039,2026-02-22T11:26:19.214039,False,False,ED,discharge,2026-02-22T18:46:42.467310,0.0,449.3
P002110,2026-02-22T11:24:28.158672,2,walk-in,2026-02-22T11:30:56.076129,2026-02-22T11:30:56.076129,True,False,ICU,discharge,2026-02-22T13:45:11.744083,0.0,140.73
P002111,2026-02-22T11:31:18.914416,3,walk-in,2026-02-22T11:40:11.864127,2026-02-22T11:40:11.864127,False,False,ED,discharge,2026-02-22T14:28:47.966618,0.0,177.48
P002112,2026-02-22T11:32:32.035942,3,walk-in,2026-02-22T11:35:38.770823,2026-02-22T11:35:38.770823,True,False,ED,discharge,2026-02-22T23:35:38.770823,0.0,723.11
P002113,2026-02-22T11:33:53.808835,2,walk-in,2026-02-22T11:38:17.408902,2026-02-22T11:38:17.408902,True,False,ED,admit,2026-02-22T14:50:00.875373,0.0,196.12
P002114,2026-02-22T11:35:23.878954,2,walk-in,2026-02-22T11:40:49.560575,2026-02-22T11:40:49.560575,True,True,ICU,admit,2026-02-22T14:48:57.288918,0.0,193.56
P002115,2026-02-22T11:41:51.015508,2,ambulance,2026-02-22T11:47:08.102356,2026-02-22T11:47:08.102356,True,True,ED,admit,2026-02-22T19:57:43.552544,0.0,495.88
P002116,2026-02-22T12:00:07.170332,2,walk-in,2026-02-22T12:07:58.816907,2026-02-22T12:07:58.816907,False,False,ICU,discharge,2026-02-22T15:16:51.654545,0.0,196.74
P002117,2026-02-22T12:01:36.422598,2,walk-in,2026-02-22T12:05:10.002403,2026-02-22T12:05:10.002403,False,False,ED,discharge,2026-02-22T13:35:10.002403,0.0,93.56
P002118,2026-02-22T12:14:01.824185,4,walk-in,2026-02-22T12:18:32.043579,2026-02-22T12:18:32.043579,False,False,ED,discharge,2026-02-22T15:14:59.944366,0.0,180.97
P002119,2026-02-22T12:14:55.118460,3,walk-in,2026-02-22T12:19:45.932585,2026-02-22T12:19:45.932585,False,False,ED,discharge,2026-02-22T23:17:50.528939,0.0,662.92
P002120,2026-02-22T12:16:42.697659,3,walk-in,2026-02-22T12:24:56.056313,2026-02-22T12:24:56.056313,False,False,ED,discharge,2026-02-22T16:40:22.875352,0.0,263.67
P002121,2026-02-22T12:17:30.972216,3,ambulance,2026-02-22T12:25:00.775612,2026-02-22T12:25:00.775612,False,False,ED,discharge,2026-02-22T15:02:27.982803,0.0,164.95
P002122,2026-02-22T12:18:17.008936,4,walk-in,2026-02-22T12:25:30.564780,2026-02-22T12:25:30.564780,False,False,ED,discharge,2026-02-22T14:00:26.466884,0.0,102.16
P002123,2026-02-22T12:23:46.245459,5,walk-in,2026-02-22T12:27:03.011072,2026-02-22T12:27:03.011072,False,False,ED,discharge,2026-02-22T13:14:32.069636,0.0,50.76
P002124,2026-02-22T12:30:33.105788,5,walk-in,2026-02-22T12:37:52.376624,2026-02-22T12:37:52.376624,False,False,ED,discharge,2026-02-22T12:59:21.144631,0.0,28.8
P002125,2026-02-22T12:39:06.570708,3,walk-in,2026-02-22T12:43:13.541243,2026-02-22T12:43:13.541243,False,False,ED,discharge,2026-02-22T19:10:28.412429,0.0,391.36
P002126,2026-02-22T12:43:23.838581,4,walk-in,2026-02-22T12:53:20.300210,2026-02-22T12:53:20.300210,True,False,ED,discharge,2026-02-22T14:23:58.063625,0.0,100.57
P002127,2026-02-22T12:51:27.438051,4,walk-in,2026-02-22T12:55:56.653535,2026-02-22T12:55:56.653535,False,False,ED,discharge,2026-02-22T13:35:56.653535,0.0,44.49
P002128,2026-02-22T12:55:28.210116,4,walk-in,2026-02-22T13:00:43.064607,2026-02-22T13:00:43.064607,True,False,ED,discharge,2026-02-22T14:09:42.938579,0.0,74.25
P002129,2026-02-22T12:57:22.266179,3,walk-in,2026-02-22T13:03:28.143718,2026-02-22T13:03:28.143718,False,False,ED,discharge,2026-02-22T19:43:24.732276,0.0,406.04
P002130,2026-02-22T13:09:35.057713,1,transfer,2026-02-22T13:18:06.270730,2026-02-22T13:18:06.270730,False,True,ICU,admit,2026-02-22T21:18:06.270730,0.0,488.52
P002131,2026-02-22T13:15:42.660874,3,walk-in,2026-02-22T13:24:09.875574,2026-02-22T13:24:09.875574,False,False,ED,discharge,2026-02-22T18:55:46.706068,0.0,340.07
P002132,2026-02-22T13:16:32.906522,4,walk-in,2026-02-22T13:19:47.089885,2026-02-22T13:19:47.089885,False,False,ED,discharge,2026-02-22T17:39:37.025942,0.0,263.07
P002133,2026-02-22T13:20:13.978170,4,ambulance,2026-02-22T13:27:08.553081,2026-02-22T13:27:08.553081,True,False,ED,discharge,2026-02-22T14:31:53.946349,0.0,71.67
P002134,2026-02-22T13:23:30.887248,3,walk-in,2026-02-22T13:27:06.509273,2026-02-22T13:27:06.509273,False,False,ED,discharge,2026-02-22T16:35:38.096660,0.0,192.12
P002135,2026-02-22T13:23:59.297766,2,walk-in,2026-02-22T13:28:52.802193,2026-02-22T13:28:52.802193,False,False,ED,admit,2026-02-22T17:17:30.902700,0.0,233.53
P002136,2026-02-22T13:32:21.916431,3,walk-in,2026-02-22T13:41:50.837995,2026-02-22T13:41:50.837995,False,False,ED,admit,2026-02-22T15:41:50.837995,0.0,129.48
P002137,2026-02-22T13:34:46.033048,3,walk-in,2026-02-22T13:43:24.070155,2026-02-22T13:43:24.070155,False,False,ED,admit,2026-02-22T18:54:57.887279,0.0,320.2
P002138,2026-02-22T13:36:32.143560,3,walk-in,2026-02-22T13:40:01.952544,2026-02-22T13:40:01.952544,False,False,ED,discharge,2026-02-22T15:52:19.053687,0.0,135.78
P002139,2026-02-22T13:36:56.554867,3,walk-in,2026-02-22T13:41:27.942390,2026-02-22T13:41:27.942390,False,False,ED,discharge,2026-02-22T17:43:25.646919,0.0,246.48
P002140,2026-02-22T13:40:45.971736,4,walk-in,2026-02-22T13:44:18.474194,2026-02-22T13:44:18.474194,False,False,ED,discharge,2026-02-22T14:24:18.474194,0.0,43.54
P002141,2026-02-22T13:49:20.490717,4,walk-in,2026-02-22T13:54:32.195449,2026-02-22T13:54:32.195449,False,False,ED,discharge,2026-02-22T15:38:39.365420,0.0,109.31
P002142,2026-02-22T13:51:49.310802,3,walk-in,2026-02-22T13:55:44.661793,2026-02-22T13:55:44.661793,True,False,ED,discharge,2026-02-23T01:55:44.661793,0.0,723.92
P002143,2026-02-22T13:53:53.715119,2,walk-in,2026-02-22T14:00:59.719128,2026-02-22T14:00:59.719128,False,False,ED,admit,2026-02-22T16:04:19.459261,0.0,130.43
P002144,2026-02-22T14:06:44.399784,3,walk-in,2026-02-22T14:11:20.150726,2026-02-22T14:11:20.150726,True,False,ED,discharge,2026-02-22T16:11:20.150726,0.0,124.6
P002145,2026-02-22T14:09:21.873313,4,transfer,2026-02-22T14:18:29.657937,2026-02-22T14:18:29.657937,True,False,ED,discharge,2026-02-22T14:58:29.657937,0.0,49.13
P002146,2026-02-22T14:13:13.348221,3,walk-in,2026-02-22T14:22:43.588682,2026-02-22T14:22:43.588682,True,False,ED,discharge,2026-02-22T17:27:38.425144,0.0,194.42
P002147,2026-02-22T14:24:18.248587,3,walk-in,2026-02-22T14:32:43.476109,2026-02-22T14:32:43.476109,False,False,ED,discharge,2026-02-22T16:32:43.476109,0.0,128.42
P002148,2026-02-22T14:25:22.736458,2,walk-in,2026-02-22T14:35:11.199530,2026-02-22T14:35:11.199530,True,True,ICU,discharge,2026-02-22T19:11:15.721384,0.0,285.88
P002149,2026-02-22T14:39:04.615161,5,walk-in,2026-02-22T14:47:08.416552,2026-02-22T14:47:08.416552,False,False,ED,discharge,2026-02-22T15:31:29.351753,0.0,52.41
P002150,2026-02-22T14:41:13.067682,5,walk-in,2026-02-22T14:44:23.358278,2026-02-22T14:44:23.358278,False,False,ED,discharge,2026-02-22T15:10:52.843680,0.0,29.66
P002151,2026-02-22T14:45:53.979261,4,walk-in,2026-02-22T14:50:14.954316,2026-02-22T14:50:14.954316,False,False,ED,discharge,2026-02-22T15:30:14.954316,0.0,44.35
P002152,2026-02-22T14:46:00.255687,3,walk-in,2026-02-22T14:54:52.808180,2026-02-22T14:54:52.808180,True,False,ED,discharge,2026-02-22T16:54:52.808180,0.0,128.88
P002153,2026-02-22T14:48:32.886712,2,ambulance,2026-02-22T14:53:48.400352,2026-02-22T14:53:48.400352,False,False,ED,admit,2026-02-22T17:32:06.085056,0.0,163.55
P002154,2026-02-22T14:53:39.646518,5,walk-in,2026-02-22T14:58:55.085472,2026-02-22T14:58:55.085472,False,False,ED,discharge,2026-02-22T15:52:23.258572,0.0,58.73
P002155,2026-02-22T14:57:43.766358,5,walk-in,2026-02-22T15:03:44.766783,2026-02-22T15:03:44.766783,True,False,ED,discharge,2026-02-22T15:34:41.446772,0.0,36.96
P002156,2026-02-22T15:02:33.112626,4,walk-in,2026-02-22T15:10:20.095833,2026-02-22T15:10:20.095833,False,False,ED,discharge,2026-02-22T18:02:39.910520,0.0,180.11
P002157,2026-02-22T15:25:51.268467,2,walk-in,2026-02-22T15:34:53.129905,2026-02-22T15:34:53.129905,True,False,ED,admit,2026-02-22T18:01:25.740917,0.0,155.57
P002158,2026-02-22T15:27:22.642121,4,walk-in,2026-02-22T15:34:04.941262,2026-02-22T15:34:04.941262,False,False,ED,discharge,2026-02-22T17:01:39.638221,0.0,94.28
P002159,2026-02-22T15:28:00.936035,4,walk-in,2026-02-22T15:37:05.186484,2026-02-22T15:37:05.186484,False,False,ED,discharge,2026-02-22T16:48:44.964174,0.0,80.73
P002160,2026-02-22T15:38:30.930086,4,walk-in,2026-02-22T15:47:55.779012,2026-02-22T15:47:55.779012,False,False,ED,discharge,2026-02-22T17:16:27.268415,0.0,97.94
P002161,2026-02-22T15:39:27.898861,3,ambulance,2026-02-22T15:46:44.713540,2026-02-22T15:46:44.713540,False,True,ED,discharge,2026-02-23T00:24:56.939627,0.0,525.48
P002162,2026-02-22T15:39:57.138858,4,ambulance,2026-02-22T15:48:20.605216,2026-02-22T15:48:20.605216,False,False,ED,discharge,2026-02-22T16:33:17.450958,0.0,53.34
P002163,2026-02-22T15:48:16.072783,4,walk-in,2026-02-22T15:55:17.932472,2026-02-22T15:55:17.932472,False,False,ED,discharge,2026-02-22T17:37:28.726524,0.0,109.21
P002164,2026-02-22T15:49:10.293701,3,walk-in,2026-02-22T15:52:15.830358,2026-02-22T15:52:15.830358,False,True,ED,discharge,2026-02-22T22:05:11.800379,0.0,376.03
P002165,2026-02-22T15:50:15.460545,3,walk-in,2026-02-22T15:55:21.105697,2026-02-22T15:55:21.105697,False,False,ED,discharge,2026-02-22T17:55:21.105697,0.0,125.09
P002166,2026-02-22T15:52:56.164968,3,ambulance,2026-02-22T15:58:17.613567,2026-02-22T15:58:17.613567,False,False,ED,discharge,2026-02-22T20:05:28.385713,0.0,252.54
P002167,2026-02-22T15:57:13.853369,3,walk-in,2026-02-22T16:04:32.989696,2026-02-22T16:04:32.989696,True,False,ED,discharge,2026-02-22T22:30:25.840227,0.0,393.2
P002168,2026-02-22T15:58:20.914127,5,walk-in,2026-02-22T16:06:41.250774,2026-02-22T16:06:41.250774,False,False,ED,discharge,2026-02-22T16:55:06.986537,0.0,56.77
P002169,2026-02-22T15:58:45.310268,3,walk-in,2026-02-22T16:02:02.475257,2026-02-22T16:02:02.475257,True,False,ED,discharge,2026-02-22T18:02:02.475257,0.0,123.29
P002170,2026-02-22T16:25:29.691381,4,walk-in,2026-02-22T16:29:17.436472,2026-02-22T16:29:17.436472,False,False,ED,discharge,2026-02-22T18:00:18.828097,0.0,94.82
P002171,2026-02-22T16:33:59.941267,5,walk-in,2026-02-22T16:38:06.707368,2026-02-22T16:38:06.707368,True,False,ED,discharge,2026-02-22T17:31:58.843981,0.0,57.98
P002172,2026-02-22T16:41:36.958243,5,walk-in,2026-02-22T16:50:15.470223,2026-02-22T16:50:15.470223,False,False,ED,discharge,2026-02-22T17:23:27.025166,0.0,41.83
P002173,2026-02-22T16:46:58.116006,3,transfer,2026-02-22T16:52:58.448424,2026-02-22T16:52:58.448424,False,False,ED,discharge,2026-02-22T20:07:37.235546,0.0,200.65
P002174,2026-02-22T16:48:30.017390,3,walk-in,2026-02-22T16:57:59.815942,2026-02-22T16:57:59.815942,True,False,ED,discharge,2026-02-22T18:57:59.815942,0.0,129.5
P002175,2026-02-22T16:49:19.293752,3,walk-in,2026-02-22T16:56:27.243057,2026-02-22T16:56:27.243057,False,False,ED,discharge,2026-02-22T18:56:27.243057,0.0,127.13
P002176,2026-02-22T16:52:56.507367,5,walk-in,2026-02-22T16:59:13.377762,2026-02-22T16:59:13.377762,False,False,ED,discharge,2026-02-22T18:40:27.698286,0.0,107.52
P002177,2026-02-22T16:53:15.590470,3,walk-in,2026-02-22T16:58:26.802363,2026-02-22T16:58:26.802363,False,False,ED,discharge,2026-02-22T19:54:38.187765,0.0,181.38
P002178,2026-02-22T16:57:56.791814,4,walk-in,2026-02-22T17:04:15.769832,2026-02-22T17:04:15.769832,False,False,ED,discharge,2026-02-22T18:37:46.264085,0.0,99.82
P002179,2026-02-22T17:00:02.768982,5,walk-in,2026-02-22T17:07:48.079038,2026-02-22T17:07:48.079038,False,False,ED,discharge,2026-02-22T17:54:03.687794,0.0,54.02
P002180,2026-02-22T17:15:58.393489,5,walk-in,2026-02-22T17:23:22.022190,2026-02-22T17:23:22.022190,False,False,ED,discharge,2026-02-22T17:52:41.311817,0.0,36.72
P002181,2026-02-22T17:16:40.569847,5,walk-in,2026-02-22T17:24:35.941963,2026-02-22T17:24:35.941963,False,False,ED,discharge,2026-02-22T18:04:50.051677,0.0,48.16
P002182,2026-02-22T17:17:36.960061,5,walk-in,2026-02-22T17:24:25.711409,2026-02-22T17:24:25.711409,False,False,ED,discharge,2026-02-22T18:21:41.528241,0.0,64.08
P002183,2026-02-22T17:17:42.846346,4,walk-in,2026-02-22T17:21:10.063171,2026-02-22T17:21:10.063171,False,False,ED,discharge,2026-02-22T18:01:10.063171,0.0,43.45
P002184,2026-02-22T17:18:53.685390,4,walk-in,2026-02-22T17:27:40.930566,2026-02-22T17:27:40.930566,False,False,ED,discharge,2026-02-22T21:28:04.320894,0.0,249.18
P002185,2026-02-22T17:27:07.639063,4,walk-in,2026-02-22T17:36:50.622689,2026-02-22T17:36:50.622689,False,False,ED,discharge,2026-02-22T18:20:16.382551,0.0,53.15
P002186,2026-02-22T17:32:42.234160,5,walk-in,2026-02-22T17:39:55.337601,2026-02-22T17:39:55.337601,False,False,ED,discharge,2026-02-22T18:11:52.342270,0.0,39.17
P002187,2026-02-22T17:36:37.784846,4,walk-in,2026-02-22T17:43:35.955268,2026-02-22T17:43:35.955268,False,False,ED,discharge,2026-02-22T18:34:19.517666,0.0,57.7
P002188,2026-02-22T17:36:51.510113,2,walk-in,2026-02-22T17:44:24.029635,2026-02-22T17:44:24.029635,True,False,ED,discharge,2026-02-22T19:34:00.386089,0.0,117.15
P002189,2026-02-22T17:41:22.940849,5,walk-in,2026-02-22T17:45:12.677962,2026-02-22T17:45:12.677962,False,False,ED,discharge,2026-02-22T18:46:00.381048,0.0,64.62
P002190,2026-02-22T17:46:21.414051,4,walk-in,2026-02-22T17:51:16.872453,2026-02-22T17:51:16.872453,False,False,ED,discharge,2026-02-22T20:06:29.707377,0.0,140.14
P002191,2026-02-22T17:49:58.524882,4,walk-in,2026-02-22T17:53:17.937354,2026-02-22T17:53:17.937354,False,True,ED,discharge,2026-02-22T18:35:02.062134,0.0,45.06
P002192,2026-02-22T17:55:16.098879,4,walk-in,2026-02-22T18:05:14.647241,2026-02-22T18:05:14.647241,False,False,ED,discharge,2026-02-22T19:41:50.760817,0.0,106.58
P002193,2026-02-22T17:55:19.397915,3,walk-in,2026-02-22T18:03:41.093621,2026-02-22T18:03:41.093621,False,False,ED,discharge,2026-02-23T00:35:03.503635,0.0,399.74
P002194,2026-02-22T18:22:53.346688,4,walk-in,2026-02-22T18:28:58.137570,2026-02-22T18:28:58.137570,False,False,ED,discharge,2026-02-22T20:14:55.377984,0.0,112.03
P002195,2026-02-22T18:29:04.390697,4,walk-in,2026-02-22T18:37:14.833990,2026-02-22T18:37:14.833990,False,False,ED,discharge,2026-02-22T20:46:15.753313,0.0,137.19
P002196,2026-02-22T18:41:40.089529,3,transfer,2026-02-22T18:46:50.862122,2026-02-22T18:46:50.862122,False,False,ED,admit,2026-02-22T23:37:37.162886,0.0,295.95
P002197,2026-02-22T18:42:15.177453,2,ambulance,2026-02-22T18:46:50.442579,2026-02-22T18:46:50.442579,False,True,ICU,admit,2026-02-22T20:16:50.442579,0.0,94.59
P002198,2026-02-22T18:48:42.203021,4,walk-in,2026-02-22T18:58:14.648429,2026-02-22T18:58:14.648429,False,False,ED,discharge,2026-02-22T22:16:59.595006,0.0,208.29
P002199,2026-02-22T19:00:20.089380,5,walk-in,2026-02-22T19:06:27.581028,2026-02-22T19:06:27.581028,False,False,ED,discharge,2026-02-22T20:37:36.545292,0.0,97.27
P002200,2026-02-22T19:10:17.365814,3,walk-in,2026-02-22T19:15:07.995741,2026-02-22T19:15:07.995741,False,False,ED,admit,2026-02-22T22:36:35.557002,0.0,206.3
P002201,2026-02-22T19:19:34.496325,5,walk-in,2026-02-22T19:25:32.264868,2026-02-22T19:25:32.264868,False,False,ED,discharge,2026-02-22T20:23:18.260047,0.0,63.73
P002202,2026-02-22T19:30:13.374105,3,walk-in,2026-02-22T19:36:42.789936,2026-02-22T19:36:42.789936,False,False,ED,admit,2026-02-23T00:31:01.791347,0.0,300.81
P002203,2026-02-22T19:38:06.327635,3,walk-in,2026-02-22T19:42:13.597759,2026-02-22T19:42:13.597759,False,False,ED,admit,2026-02-23T00:07:20.001850,0.0,269.23
P002204,2026-02-22T19:52:42.492963,4,walk-in,2026-02-22T19:55:58.346226,2026-02-22T19:55:58.346226,False,False,ED,discharge,2026-02-22T22:23:22.897172,0.0,150.67
P002205,2026-02-22T20:00:53.388123,4,walk-in,2026-02-22T20:10:51.678626,2026-02-22T20:10:51.678626,False,False,ED,discharge,2026-02-22T22:24:57.348286,0.0,144.07
P002206,2026-02-22T20:01:59.758308,3,walk-in,2026-02-22T20:08:45.526856,2026-02-22T20:08:45.526856,False,False,ED,discharge,2026-02-22T22:08:45.526856,0.0,126.76
P002207,2026-02-22T20:12:12.913507,3,walk-in,2026-02-22T20:17:54.319782,2026-02-22T20:17:54.319782,False,False,ED,discharge,2026-02-23T05:06:31.282849,0.0,534.31
P002208,2026-02-22T20:13:40.417027,4,walk-in,2026-02-22T20:23:07.479835,2026-02-22T20:23:07.479835,False,False,ED,discharge,2026-02-22T22:47:34.780296,0.0,153.91
P002209,2026-02-22T20:28:54.151654,3,walk-in,2026-02-22T20:34:15.553099,2026-02-22T20:34:15.553099,False,False,ED,discharge,2026-02-22T23:28:35.678336,0.0,179.69
P002210,2026-02-22T20:38:32.543087,4,walk-in,2026-02-22T20:47:46.864028,2026-02-22T20:47:46.864028,True,False,ED,discharge,2026-02-22T21:40:23.070554,0.0,61.84
P002211,2026-02-22T20:39:14.576205,3,walk-in,2026-02-22T20:42:39.177127,2026-02-22T20:42:39.177127,False,False,ED,discharge,2026-02-22T22:43:11.273047,0.0,123.94
P002212,2026-02-22T21:10:27.771881,5,walk-in,2026-02-22T21:18:29.737416,2026-02-22T21:18:29.737416,False,False,ED,discharge,2026-02-22T22:04:50.329014,0.0,54.38
P002213,2026-02-22T21:17:37.118312,5,walk-in,2026-02-22T21:20:49.160468,2026-02-22T21:20:49.160468,False,False,ED,discharge,2026-02-22T22:46:41.181707,0.0,89.07
P002214,2026-02-22T21:39:29.411198,4,walk-in,2026-02-22T21:48:13.462620,2026-02-22T21:48:13.462620,True,False,ED,discharge,2026-02-22T22:57:39.271404,0.0,78.16
P002215,2026-02-22T21:46:28.958414,2,walk-in,2026-02-22T21:56:24.736439,2026-02-22T21:56:24.736439,True,False,ICU,discharge,2026-02-23T06:23:20.837561,0.0,516.86
P002216,2026-02-22T21:57:24.567898,3,walk-in,2026-02-22T22:06:51.690031,2026-02-22T22:06:51.690031,True,False,ED,discharge,2026-02-23T02:07:15.389457,0.0,249.85
P002217,2026-02-22T22:03:56.123964,5,walk-in,2026-02-22T22:11:03.244865,2026-02-22T22:11:03.244865,True,False,ED,discharge,2026-02-22T22:41:22.779679,0.0,37.44
P002218,2026-02-22T22:04:01.716824,3,walk-in,2026-02-22T22:12:12.671970,2026-02-22T22:12:12.671970,True,False,ED,discharge,2026-02-23T03:29:36.532854,0.0,325.58
P002219,2026-02-22T22:18:08.952819,4,walk-in,2026-02-22T22:23:58.467085,2026-02-22T22:23:58.467085,False,True,ED,discharge,2026-02-22T23:47:49.850932,0.0,89.68
P002220,2026-02-22T22:39:37.848132,3,walk-in,2026-02-22T22:45:09.256663,2026-02-22T22:45:09.256663,False,True,ED,admit,2026-02-23T10:45:09.256663,0.0,725.52
P002221,2026-02-22T23:19:21.550244,2,walk-in,2026-02-22T23:25:47.189072,2026-02-22T23:25:47.189072,True,True,ED,discharge,2026-02-23T03:29:10.323489,0.0,249.81
P002222,2026-02-22T23:25:16.605230,3,walk-in,2026-02-22T23:30:37.244368,2026-02-22T23:30:37.244368,False,False,ED,discharge,2026-02-23T01:45:10.565053,0.0,139.9
P002223,2026-02-22T23:36:05.414599,3,walk-in,2026-02-22T23:44:46.409578,2026-02-22T23:44:46.409578,True,True,ED,admit,2026-02-23T08:10:21.115161,0.0,514.26
P002224,2026-02-23T00:01:59.665335,2,walk-in,2026-02-23T00:05:01.373445,2026-02-23T00:05:01.373445,True,False,ED,discharge,2026-02-23T02:02:47.894807,0.0,120.8
P002225,2026-02-23T00:19:20.030382,3,walk-in,2026-02-23T00:27:27.434888,2026-02-23T00:27:27.434888,False,True,ED,admit,2026-02-23T04:56:05.349069,0.0,276.76
P002226,2026-02-23T00:19:35.187347,3,walk-in,2026-02-23T00:27:57.837116,2026-02-23T00:27:57.837116,False,False,ED,discharge,2026-02-23T02:27:57.837116,0.0,128.38
P002227,2026-02-23T00:47:54.354517,5,walk-in,2026-02-23T00:53:37.566691,2026-02-23T00:53:37.566691,False,False,ED,discharge,2026-02-23T01:18:15.746986,0.0,30.36
P002228,2026-02-23T00:51:49.409445,2,ambulance,2026-02-23T00:55:47.661188,2026-02-23T00:55:47.661188,False,False,ED,admit,2026-02-23T04:51:06.382609,0.0,239.28
P002229,2026-02-23T00:58:59.174148,3,walk-in,2026-02-23T01:06:38.450535,2026-02-23T01:06:38.450535,False,True,ED,discharge,2026-02-23T04:57:31.519009,0.0,238.54
P002230,2026-02-23T01:01:23.237140,3,walk-in,2026-02-23T01:07:36.506266,2026-02-23T01:07:36.506266,False,False,ED,discharge,2026-02-23T03:07:36.506266,0.0,126.22
P002231,2026-02-23T03:40:16.996785,3,walk-in,2026-02-23T03:43:30.798606,2026-02-23T03:43:30.798606,False,True,ED,discharge,2026-02-23T12:05:12.742412,0.0,504.93
P002232,2026-02-23T05:13:43.823854,2,walk-in,2026-02-23T05:21:45.558283,2026-02-23T05:21:45.558283,True,True,ED,admit,2026-02-23T09:06:27.482542,0.0,232.73
P002233,2026-02-23T05:43:19.222996,3,walk-in,2026-02-23T05:49:39.242973,2026-02-23T05:49:39.242973,False,False,ED,discharge,2026-02-23T08:57:00.513145,0.0,193.69
P002234,2026-02-23T05:43:23.111977,4,walk-in,2026-02-23T05:47:05.276142,2026-02-23T05:47:05.276142,True,False,ED,discharge,2026-02-23T07:02:27.908455,0.0,79.08
P002235,2026-02-23T06:05:31.557162,5,walk-in,2026-02-23T06:10:02.491414,2026-02-23T06:10:02.491414,False,False,ED,discharge,2026-02-23T07:35:03.352170,0.0,89.53
P002236,2026-02-23T06:05:46.253425,2,ambulance,2026-02-23T06:13:21.123604,2026-02-23T06:13:21.123604,True,False,ED,discharge,2026-02-23T11:47:56.210174,0.0,342.17
P002237,2026-02-23T06:12:22.069537,3,walk-in,2026-02-23T06:16:25.288832,2026-02-23T06:16:25.288832,False,False,ED,admit,2026-02-23T11:05:06.664532,0.0,292.74
P002238,2026-02-23T06:27:21.987368,3,walk-in,2026-02-23T06:30:35.839128,2026-02-23T06:30:35.839128,False,False,ED,admit,2026-02-23T10:37:16.771127,0.0,249.91
P002239,2026-02-23T06:45:29.392832,4,walk-in,2026-02-23T06:54:45.426686,2026-02-23T06:54:45.426686,False,False,ED,discharge,2026-02-23T08:42:26.143982,0.0,116.95
P002240,2026-02-23T06:56:31.436530,2,walk-in,2026-02-23T07:00:02.805126,2026-02-23T07:00:02.805126,True,False,ED,discharge,2026-02-23T15:05:03.576129,0.0,488.54
P002241,2026-02-23T07:15:38.571713,2,walk-in,2026-02-23T07:21:19.077896,2026-02-23T07:21:19.077896,True,False,ICU,discharge,2026-02-23T13:41:46.718240,0.0,386.14
P002242,2026-02-23T07:28:29.355848,2,walk-in,2026-02-23T07:32:54.732682,2026-02-23T07:32:54.732682,True,False,ED,admit,2026-02-23T10:08:20.257191,0.0,159.85
P002243,2026-02-23T07:39:47.717586,2,walk-in,2026-02-23T07:47:28.700486,2026-02-23T07:47:28.700486,True,False,ED,discharge,2026-02-23T16:53:41.225858,0.0,553.89
P002244,2026-02-23T08:02:14.489716,2,ambulance,2026-02-23T08:06:10.148121,2026-02-23T08:06:10.148121,True,False,ED,discharge,2026-02-23T13:28:38.339739,0.0,326.4
P002245,2026-02-23T08:08:08.460406,4,walk-in,2026-02-23T08:17:55.756588,2026-02-23T08:17:55.756588,False,False,ED,discharge,2026-02-23T10:23:52.812825,0.0,135.74
P002246,2026-02-23T08:18:15.405396,3,walk-in,2026-02-23T08:22:55.719086,2026-02-23T08:22:55.719086,False,True,ED,discharge,2026-02-23T10:22:55.719086,0.0,124.67
P002247,2026-02-23T08:27:27.599670,5,walk-in,2026-02-23T08:34:30.189715,2026-02-23T08:34:30.189715,False,False,ED,discharge,2026-02-23T09:19:18.626303,0.0,51.85
P002248,2026-02-23T08:43:58.574667,5,walk-in,2026-02-23T08:48:38.311476,2026-02-23T08:48:38.311476,False,False,ED,discharge,2026-02-23T09:20:08.597861,0.0,36.17
P002249,2026-02-23T08:47:15.123152,3,walk-in,2026-02-23T08:52:01.496930,2026-02-23T08:52:01.496930,False,False,ED,discharge,2026-02-23T11:36:43.196657,0.0,169.47
P002250,2026-02-23T09:00:02.857043,3,walk-in,2026-02-23T09:03:34.378793,2026-02-23T09:03:34.378793,True,False,ED,discharge,2026-02-23T16:06:24.040740,0.0,426.35
P002251,2026-02-23T09:03:15.227404,4,walk-in,2026-02-23T09:08:11.112643,2026-02-23T09:08:11.112643,False,False,ED,discharge,2026-02-23T09:48:11.112643,0.0,44.93
P002252,2026-02-23T09:06:03.703497,3,transfer,2026-02-23T09:13:14.814899,2026-02-23T09:13:14.814899,False,True,ED,discharge,2026-02-23T20:23:38.428246,0.0,677.58
P002253,2026-02-23T09:10:27.513538,3,walk-in,2026-02-23T09:19:52.659643,2026-02-23T09:19:52.659643,True,False,ED,admit,2026-02-23T13:10:07.989139,0.0,239.67
P002254,2026-02-23T09:15:09.687386,4,walk-in,2026-02-23T09:22:37.711029,2026-02-23T09:22:37.711029,True,False,ED,discharge,2026-02-23T10:46:38.623639,0.0,91.48
P002255,2026-02-23T09:22:43.796772,3,walk-in,2026-02-23T09:29:03.889367,2026-02-23T09:29:03.889367,False,True,ED,discharge,2026-02-23T11:41:25.111807,0.0,138.69
P002256,2026-02-23T09:27:42.856697,3,walk-in,2026-02-23T09:30:44.996026,2026-02-23T09:30:44.996026,False,False,ED,discharge,2026-02-23T12:21:27.003761,0.0,173.74
P002257,2026-02-23T09:41:54.114239,4,walk-in,2026-02-23T09:50:33.485451,2026-02-23T09:50:33.485451,False,True,ED,discharge,2026-02-23T11:25:11.807149,0.0,103.29
P002258,2026-02-23T09:44:24.678835,3,walk-in,2026-02-23T09:52:07.051478,2026-02-23T09:52:07.051478,False,False,ED,discharge,2026-02-23T15:01:52.052533,0.0,317.46
P002259,2026-02-23T09:44:34.965527,3,walk-in,2026-02-23T09:48:21.720211,2026-02-23T09:48:21.720211,False,False,ED,discharge,2026-02-23T15:08:42.089041,0.0,324.12
P002260,2026-02-23T09:54:38.177875,4,walk-in,2026-02-23T10:01:31.725761,2026-02-23T10:01:31.725761,False,False,ED,discharge,2026-02-23T12:03:59.819503,0.0,129.36
P002261,2026-02-23T09:54:38.819437,4,walk-in,2026-02-23T09:57:52.238345,2026-02-23T09:57:52.238345,False,True,ED,discharge,2026-02-23T10:49:33.107130,0.0,54.9
P002262,2026-02-23T09:56:12.448140,4,walk-in,2026-02-23T10:01:49.118940,2026-02-23T10:01:49.118940,False,False,ED,discharge,2026-02-23T11:17:44.393949,0.0,81.53
P002263,2026-02-23T10:15:59.763733,4,walk-in,2026-02-23T10:25:45.980211,2026-02-23T10:25:45.980211,False,False,ED,discharge,2026-02-23T11:55:50.590962,0.0,99.85
P002264,2026-02-23T10:18:24.290241,4,walk-in,2026-02-23T10:21:27.505673,2026-02-23T10:21:27.505673,False,False,ED,discharge,2026-02-23T12:27:12.090042,0.0,128.8
P002265,2026-02-23T10:19:50.406546,5,walk-in,2026-02-23T10:26:05.438276,2026-02-23T10:26:05.438276,False,False,ED,discharge,2026-02-23T11:04:39.177204,0.0,44.81
P002266,2026-02-23T10:29:43.969608,2,walk-in,2026-02-23T10:37:05.234672,2026-02-23T10:37:05.234672,False,False,ED,discharge,2026-02-23T13:35:04.866302,0.0,185.35
P002267,2026-02-23T10:30:43.195781,2,walk-in,2026-02-23T10:39:02.794971,2026-02-23T10:39:02.794971,True,False,ED,discharge,2026-02-23T17:44:44.878813,0.0,434.03
P002268,2026-02-23T10:32:54.703547,4,walk-in,2026-02-23T10:42:05.893647,2026-02-23T10:42:05.893647,True,True,ED,discharge,2026-02-23T11:25:14.574830,0.0,52.33
P002269,2026-02-23T10:48:31.088072,2,ambulance,2026-02-23T10:53:55.716279,2026-02-23T10:53:55.716279,False,False,ED,admit,2026-02-23T14:26:42.588064,0.0,218.19
P002270,2026-02-23T10:49:56.653789,5,walk-in,2026-02-23T10:57:02.430574,2026-02-23T10:57:02.430574,False,False,ED,discharge,2026-02-23T11:28:46.963214,0.0,38.84
P002271,2026-02-23T10:50:56.385664,3,walk-in,2026-02-23T10:55:36.996996,2026-02-23T10:55:36.996996,False,False,ED,admit,2026-02-23T12:55:36.996996,0.0,124.68
P002272,2026-02-23T10:56:24.670186,4,walk-in,2026-02-23T11:05:48.956146,2026-02-23T11:05:48.956146,False,False,ED,discharge,2026-02-23T12:33:17.695297,0.0,96.88
P002273,2026-02-23T11:03:48.699574,4,walk-in,2026-02-23T11:12:39.028116,2026-02-23T11:12:39.028116,False,False,ED,discharge,2026-02-23T11:56:19.680336,0.0,52.52
P002274,2026-02-23T11:10:39.229122,3,walk-in,2026-02-23T11:17:54.478616,2026-02-23T11:17:54.478616,False,True,ED,discharge,2026-02-23T18:24:48.911824,0.0,434.16
P002275,2026-02-23T11:15:21.940398,3,walk-in,2026-02-23T11:20:57.867350,2026-02-23T11:20:57.867350,False,True,ED,discharge,2026-02-23T16:12:26.224071,0.0,297.07
P002276,2026-02-23T11:19:57.056246,2,ambulance,2026-02-23T11:27:35.886748,2026-02-23T11:27:35.886748,True,False,ED,admit,2026-02-23T16:04:45.871944,0.0,284.81
P002277,2026-02-23T11:22:40.693960,3,walk-in,2026-02-23T11:28:28.050633,2026-02-23T11:28:28.050633,False,False,ED,discharge,2026-02-23T17:16:45.383292,0.0,354.08
P002278,2026-02-23T11:28:17.509272,3,walk-in,2026-02-23T11:34:47.046071,2026-02-23T11:34:47.046071,False,False,ED,discharge,2026-02-23T18:29:45.052065,0.0,421.46
P002279,2026-02-23T11:38:49.314924,4,walk-in,2026-02-23T11:43:02.440663,2026-02-23T11:43:02.440663,False,True,ED,discharge,2026-02-23T13:06:25.125966,0.0,87.6
P002280,2026-02-23T11:39:18.054159,4,walk-in,2026-02-23T11:47:20.515599,2026-02-23T11:47:20.515599,False,False,ED,discharge,2026-02-23T13:59:09.120256,0.0,139.85
P002281,2026-02-23T11:57:35.337723,3,transfer,2026-02-23T12:07:05.167672,2026-02-23T12:07:05.167672,False,False,ED,discharge,2026-02-23T18:52:23.786663,0.0,414.81
P002282,2026-02-23T11:58:22.089854,3,walk-in,2026-02-23T12:04:32.004781,2026-02-23T12:04:32.004781,True,False,ED,discharge,2026-02-23T20:23:29.289429,0.0,505.12
P002283,2026-02-23T12:00:17.915498,3,walk-in,2026-02-23T12:04:51.256783,2026-02-23T12:04:51.256783,True,False,ED,discharge,2026-02-23T22:13:37.456009,0.0,613.33
P002284,2026-02-23T12:02:12.005456,3,ambulance,2026-02-23T12:05:20.512893,2026-02-23T12:05:20.512893,False,False,ED,discharge,2026-02-23T21:22:12.967580,0.0,560.02
P002285,2026-02-23T12:03:10.364539,3,walk-in,2026-02-23T12:08:14.470669,2026-02-23T12:08:14.470669,True,True,ED,discharge,2026-02-23T14:27:58.890850,0.0,144.81
P002286,2026-02-23T12:05:41.130893,3,walk-in,2026-02-23T12:14:04.152319,2026-02-23T12:14:04.152319,False,False,ED,discharge,2026-02-23T17:43:26.368258,0.0,337.75
P002287,2026-02-23T12:16:03.441678,3,transfer,2026-02-23T12:19:05.522467,2026-02-23T12:19:05.522467,True,True,ED,discharge,2026-02-23T19:41:58.103215,0.0,445.91
P002288,2026-02-23T12:16:59.909638,3,walk-in,2026-02-23T12:24:06.184800,2026-02-23T12:24:06.184800,False,False,ED,discharge,2026-02-23T16:37:27.091406,0.0,260.45
P002289,2026-02-23T12:27:13.741441,3,walk-in,2026-02-23T12:30:34.215996,2026-02-23T12:30:34.215996,False,False,ED,discharge,2026-02-23T16:18:11.533063,0.0,230.96
P002290,2026-02-23T12:43:10.845045,3,walk-in,2026-02-23T12:50:24.400227,2026-02-23T12:50:24.400227,True,False,ED,discharge,2026-02-23T15:16:14.297509,0.0,153.06
P002291,2026-02-23T12:46:27.829312,2,walk-in,2026-02-23T12:52:05.989941,2026-02-23T12:52:05.989941,False,True,ED,admit,2026-02-23T15:48:57.426842,0.0,182.49
P002292,2026-02-23T12:53:34.211232,3,transfer,2026-02-23T12:58:44.035060,2026-02-23T12:58:44.035060,False,False,ED,discharge,2026-02-23T18:54:39.106158,0.0,361.08
P002293,2026-02-23T13:06:05.421994,4,walk-in,2026-02-23T13:15:55.936725,2026-02-23T13:15:55.936725,True,False,ED,discharge,2026-02-23T14:21:43.305193,0.0,75.63
P002294,2026-02-23T13:13:55.392032,3,walk-in,2026-02-23T13:20:39.871374,2026-02-23T13:20:39.871374,True,False,ED,discharge,2026-02-23T16:56:35.198892,0.0,222.66
P002295,2026-02-23T13:14:28.321206,4,walk-in,2026-02-23T13:19:32.518707,2026-02-23T13:19:32.518707,False,False,ED,discharge,2026-02-23T13:59:32.518707,0.0,45.07
P002296,2026-02-23T13:17:54.243721,5,walk-in,2026-02-23T13:27:43.338395,2026-02-23T13:27:43.338395,False,False,ED,discharge,2026-02-23T14:24:08.777132,0.0,66.24
P002297,2026-02-23T13:24:45.190071,5,walk-in,2026-02-23T13:28:37.699149,2026-02-23T13:28:37.699149,False,False,ED,discharge,2026-02-23T14:17:30.985190,0.0,52.76
P002298,2026-02-23T13:25:44.997246,3,walk-in,2026-02-23T13:31:35.844618,2026-02-23T13:31:35.844618,True,False,ED,discharge,2026-02-23T18:20:32.754292,0.0,294.8
P002299,2026-02-23T13:35:22.723545,3,walk-in,2026-02-23T13:44:52.215127,2026-02-23T13:44:52.215127,True,False,ED,discharge,2026-02-23T18:38:18.376222,0.0,302.93
P002300,2026-02-23T13:38:20.095731,3,walk-in,2026-02-23T13:42:43.433183,2026-02-23T13:42:43.433183,False,False,ED,admit,2026-02-23T19:19:22.583487,0.0,341.04
P002301,2026-02-23T13:57:54.105135,4,walk-in,2026-02-23T14:04:29.409211,2026-02-23T14:04:29.409211,False,False,ED,discharge,2026-02-23T15:36:11.502008,0.0,98.29
P002302,2026-02-23T14:13:28.579972,2,walk-in,2026-02-23T14:16:37.640820,2026-02-23T14:16:37.640820,True,False,ED,discharge,2026-02-23T16:22:19.282194,0.0,128.85
P002303,2026-02-23T14:17:45.726361,4,walk-in,2026-02-23T14:21:48.097476,2026-02-23T14:21:48.097476,False,False,ED,discharge,2026-02-23T17:49:16.681091,0.0,211.52
P002304,2026-02-23T14:21:23.793271,3,walk-in,2026-02-23T14:27:54.719308,2026-02-23T14:27:54.719308,False,False,ED,discharge,2026-02-23T16:27:54.719308,0.0,126.52
P002305,2026-02-23T14:28:52.000104,2,walk-in,2026-02-23T14:33:16.716389,2026-02-23T14:33:16.716389,False,False,ED,discharge,2026-02-23T18:56:13.664621,0.0,267.36
P002306,2026-02-23T14:41:55.471602,3,walk-in,2026-02-23T14:48:35.464620,2026-02-23T14:48:35.464620,True,True,ED,admit,2026-02-24T00:04:47.934703,0.0,562.87
P002307,2026-02-23T14:53:17.615227,3,walk-in,2026-02-23T14:58:20.606815,2026-02-23T14:58:20.606815,False,False,ED,admit,2026-02-23T16:58:20.606815,0.0,125.05
P002308,2026-02-23T15:02:46.885485,3,walk-in,2026-02-23T15:09:11.783222,2026-02-23T15:09:11.783222,False,False,ED,discharge,2026-02-24T03:09:11.783222,0.0,726.41
P002309,2026-02-23T15:02:49.889546,4,walk-in,2026-02-23T15:08:01.776000,2026-02-23T15:08:01.776000,False,False,ED,discharge,2026-02-23T16:10:58.723514,0.0,68.15
P002310,2026-02-23T15:10:38.448991,3,walk-in,2026-02-23T15:16:37.310396,2026-02-23T15:16:37.310396,True,False,ED,discharge,2026-02-23T18:14:36.960254,0.0,183.98
P002311,2026-02-23T15:19:12.300608,3,walk-in,2026-02-23T15:22:14.742307,2026-02-23T15:22:14.742307,False,True,ED,discharge,2026-02-23T17:22:14.742307,0.0,123.04
P002312,2026-02-23T15:20:17.029923,4,walk-in,2026-02-23T15:24:03.169911,2026-02-23T15:24:03.169911,False,False,ED,discharge,2026-02-23T17:23:21.463002,0.0,123.07
P002313,2026-02-23T15:24:59.600460,3,walk-in,2026-02-23T15:29:36.794779,2026-02-23T15:29:36.794779,False,True,ED,discharge,2026-02-23T22:14:59.593828,0.0,410.0
P002314,2026-02-23T15:33:00.527275,3,walk-in,2026-02-23T15:42:04.445828,2026-02-23T15:42:04.445828,True,False,ED,admit,2026-02-23T23:28:24.687447,0.0,475.4
P002315,2026-02-23T15:39:06.112155,3,walk-in,2026-02-23T15:44:09.049268,2026-02-23T15:44:09.049268,False,False,ED,admit,2026-02-23T17:45:52.039257,0.0,126.77
P002316,2026-02-23T15:45:07.382724,4,walk-in,2026-02-23T15:48:10.008721,2026-02-23T15:48:10.008721,False,False,ED,discharge,2026-02-23T16:28:10.008721,0.0,43.04
P002317,2026-02-23T15:56:02.442284,5,walk-in,2026-02-23T16:03:37.726769,2026-02-23T16:03:37.726769,False,False,ED,discharge,2026-02-23T16:57:26.561786,0.0,61.4
P002318,2026-02-23T15:56:43.038842,2,walk-in,2026-02-23T16:04:28.905246,2026-02-23T16:04:28.905246,False,False,ICU,discharge,2026-02-23T19:51:13.154056,0.0,234.5
P002319,2026-02-23T16:01:34.083132,2,ambulance,2026-02-23T16:08:32.385264,2026-02-23T16:08:32.385264,False,True,ED,admit,2026-02-23T22:29:09.902623,0.0,387.6
P002320,2026-02-23T16:09:33.314245,3,walk-in,2026-02-23T16:12:38.249546,2026-02-23T16:12:38.249546,True,False,ED,admit,2026-02-24T00:06:37.153975,0.0,477.06
P002321,2026-02-23T16:17:32.678568,3,ambulance,2026-02-23T16:21:00.971285,2026-02-23T16:21:00.971285,True,False,ED,admit,2026-02-23T18:21:00.971285,0.0,123.47
P002322,2026-02-23T16:24:27.799673,4,walk-in,2026-02-23T16:32:30.217067,2026-02-23T16:32:30.217067,False,False,ED,discharge,2026-02-23T17:33:24.131978,0.0,68.94
P002323,2026-02-23T16:37:30.368560,4,walk-in,2026-02-23T16:45:46.518548,2026-02-23T16:45:46.518548,False,False,ED,discharge,2026-02-23T18:30:07.404562,0.0,112.62
P002324,2026-02-23T17:05:01.291368,4,walk-in,2026-02-23T17:14:51.762957,2026-02-23T17:14:51.762957,False,False,ED,discharge,2026-02-23T18:04:16.906413,0.0,59.26
P002325,2026-02-23T17:05:45.015477,4,walk-in,2026-02-23T17:10:31.357199,2026-02-23T17:10:31.357199,False,False,ED,discharge,2026-02-23T17:55:40.929735,0.0,49.93
P002326,2026-02-23T17:09:14.745500,2,transfer,2026-02-23T17:18:39.980791,2026-02-23T17:18:39.980791,True,False,ICU,discharge,2026-02-23T21:45:55.518462,0.0,276.68
P002327,2026-02-23T17:20:04.281199,4,walk-in,2026-02-23T17:27:01.129873,2026-02-23T17:27:01.129873,False,True,ED,discharge,2026-02-23T18:33:10.703927,0.0,73.11
P002328,2026-02-23T17:23:17.726168,1,ambulance,2026-02-23T17:28:37.083132,2026-02-23T17:28:37.083132,True,True,ED,admit,2026-02-23T18:35:08.201389,0.0,71.84
P002329,2026-02-23T17:23:24.312210,2,walk-in,2026-02-23T17:27:55.341807,2026-02-23T17:27:55.341807,True,False,ED,discharge,2026-02-23T20:39:10.634225,0.0,195.77
P002330,2026-02-23T17:33:59.003281,2,ambulance,2026-02-23T17:37:27.621124,2026-02-23T17:37:27.621124,True,True,ICU,admit,2026-02-23T19:09:29.130435,0.0,95.5
P002331,2026-02-23T17:43:46.857013,4,walk-in,2026-02-23T17:48:07.048529,2026-02-23T17:48:07.048529,False,False,ED,discharge,2026-02-23T20:15:14.557617,0.0,151.46
P002332,2026-02-23T17:47:14.380004,3,walk-in,2026-02-23T17:53:46.768055,2026-02-23T17:53:46.768055,True,False,ED,discharge,2026-02-24T02:02:24.692914,0.0,495.17
P002333,2026-02-23T17:52:50.506018,3,walk-in,2026-02-23T18:01:43.639890,2026-02-23T18:01:43.639890,False,False,ED,admit,2026-02-23T20:51:04.948144,0.0,178.24
P002334,2026-02-23T18:01:38.310589,2,walk-in,2026-02-23T18:10:10.240715,2026-02-23T18:10:10.240715,False,False,ED,admit,2026-02-23T21:02:50.123469,0.0,181.2
P002335,2026-02-23T18:22:10.106088,4,walk-in,2026-02-23T18:25:54.921386,2026-02-23T18:25:54.921386,False,False,ED,discharge,2026-02-23T19:07:20.343475,0.0,45.17
P002336,2026-02-23T18:23:35.866973,3,walk-in,2026-02-23T18:30:35.807198,2026-02-23T18:30:35.807198,False,False,ED,discharge,2026-02-23T22:18:43.539853,0.0,235.13
P002337,2026-02-23T18:27:28.758375,2,ambulance,2026-02-23T18:36:34.068130,2026-02-23T18:36:34.068130,False,False,ED,discharge,2026-02-23T20:37:31.775876,0.0,130.05
P002338,2026-02-23T18:28:26.341690,3,walk-in,2026-02-23T18:33:56.087260,2026-02-23T18:33:56.087260,False,False,ED,discharge,2026-02-23T21:27:21.492334,0.0,178.92
P002339,2026-02-23T18:30:07.374440,3,walk-in,2026-02-23T18:34:51.309789,2026-02-23T18:34:51.309789,False,False,ED,discharge,2026-02-23T23:15:28.075452,0.0,285.35
P002340,2026-02-23T18:36:33.882862,3,walk-in,2026-02-23T18:40:13.473888,2026-02-23T18:40:13.473888,False,False,ED,discharge,2026-02-24T05:10:55.547006,0.0,634.36
P002341,2026-02-23T18:39:23.564520,3,walk-in,2026-02-23T18:46:13.746783,2026-02-23T18:46:13.746783,False,False,ED,discharge,2026-02-24T00:04:55.524544,0.0,325.53
P002342,2026-02-23T19:08:55.740844,1,transfer,2026-02-23T19:14:18.949247,2026-02-23T19:14:18.949247,True,False,ICU,admit,2026-02-23T22:00:56.856994,0.0,172.02
P002343,2026-02-23T19:10:05.518832,4,walk-in,2026-02-23T19:13:34.764428,2026-02-23T19:13:34.764428,False,False,ED,discharge,2026-02-23T20:01:31.350470,0.0,51.43
P002344,2026-02-23T19:14:33.010682,5,walk-in,2026-02-23T19:19:38.936854,2026-02-23T19:19:38.936854,False,False,ED,discharge,2026-02-23T19:54:18.396727,0.0,39.76
P002345,2026-02-23T19:16:03.039864,4,walk-in,2026-02-23T19:22:21.238438,2026-02-23T19:22:21.238438,False,False,ED,discharge,2026-02-23T20:49:25.253500,0.0,93.37
P002346,2026-02-23T19:30:39.229240,3,walk-in,2026-02-23T19:39:33.965909,2026-02-23T19:39:33.965909,False,False,ED,discharge,2026-02-24T07:39:33.965909,0.0,728.91
P002347,2026-02-23T19:40:25.718941,5,walk-in,2026-02-23T19:44:24.606533,2026-02-23T19:44:24.606533,False,False,ED,discharge,2026-02-23T20:12:16.434494,0.0,31.85
P002348,2026-02-23T20:00:29.078023,3,walk-in,2026-02-23T20:03:54.899001,2026-02-23T20:03:54.899001,False,True,ED,discharge,2026-02-24T02:39:58.336690,0.0,399.49
P002349,2026-02-23T20:30:54.968592,3,walk-in,2026-02-23T20:37:20.289716,2026-02-23T20:37:20.289716,False,False,ED,discharge,2026-02-23T22:37:20.289716,0.0,126.42
P002350,2026-02-23T20:46:38.836908,4,walk-in,2026-02-23T20:52:46.591717,2026-02-23T20:52:46.591717,False,False,ED,discharge,2026-02-23T22:34:59.975719,0.0,108.35
P002351,2026-02-23T21:09:02.644366,4,walk-in,2026-02-23T21:15:22.033801,2026-02-23T21:15:22.033801,False,False,ED,discharge,2026-02-23T21:55:22.033801,0.0,46.32
P002352,2026-02-23T21:15:20.944750,3,walk-in,2026-02-23T21:20:25.262915,2026-02-23T21:20:25.262915,False,False,ED,discharge,2026-02-24T02:38:16.266220,0.0,322.92
P002353,2026-02-23T21:54:35.833011,2,walk-in,2026-02-23T22:00:09.824118,2026-02-23T22:00:09.824118,True,False,ED,admit,2026-02-24T00:50:48.304286,0.0,176.21
P002354,2026-02-23T22:25:54.253968,4,walk-in,2026-02-23T22:31:27.356267,2026-02-23T22:31:27.356267,False,False,ED,discharge,2026-02-24T00:32:10.989888,0.0,126.28
P002355,2026-02-23T22:44:41.807988,4,walk-in,2026-02-23T22:52:03.790110,2026-02-23T22:52:03.790110,True,True,ED,discharge,2026-02-24T02:06:13.049495,0.0,201.52
P002356,2026-02-23T22:46:46.155189,3,walk-in,2026-02-23T22:50:34.042606,2026-02-23T22:50:34.042606,False,False,ED,discharge,2026-02-24T05:28:19.071729,0.0,401.55
P002357,2026-02-23T22:47:47.785457,2,ambulance,2026-02-23T22:55:45.497914,2026-02-23T22:55:45.497914,False,False,ICU,admit,2026-02-24T01:49:11.244790,0.0,181.39
P002358,2026-02-23T22:55:25.694206,3,walk-in,2026-02-23T23:03:27.156685,2026-02-23T23:03:27.156685,False,False,ED,admit,2026-02-24T01:03:27.156685,0.0,128.02
P002359,2026-02-23T23:07:49.770138,2,walk-in,2026-02-23T23:14:22.962178,2026-02-23T23:14:22.962178,False,True,ED,discharge,2026-02-24T01:18:52.891592,0.0,131.05
P002360,2026-02-23T23:13:55.585862,2,walk-in,2026-02-23T23:20:13.823202,2026-02-23T23:20:13.823202,True,True,ED,admit,2026-02-24T05:15:02.847608,0.0,361.12
P002361,2026-02-24T00:08:28.665211,4,ambulance,2026-02-24T00:12:25.827843,2026-02-24T00:12:25.827843,False,False,ED,discharge,2026-02-24T01:28:36.056068,0.0,80.12
P002362,2026-02-24T00:20:50.937355,3,walk-in,2026-02-24T00:27:08.158240,2026-02-24T00:27:08.158240,False,False,ED,discharge,2026-02-24T03:20:29.814753,0.0,179.65
P002363,2026-02-24T00:41:57.253152,3,walk-in,2026-02-24T00:49:47.212564,2026-02-24T00:49:47.212564,False,False,ED,discharge,2026-02-24T12:49:47.212564,0.0,727.83
P002364,2026-02-24T00:48:39.038416,3,walk-in,2026-02-24T00:55:07.374294,2026-02-24T00:55:07.374294,True,False,ED,discharge,2026-02-24T03:16:11.493414,0.0,147.54
P002365,2026-02-24T00:54:25.468215,3,walk-in,2026-02-24T01:04:00.160813,2026-02-24T01:04:00.160813,True,False,ED,discharge,2026-02-24T03:31:48.175697,0.0,157.38
P002366,2026-02-24T00:56:25.844689,3,walk-in,2026-02-24T01:01:54.497737,2026-02-24T01:01:54.497737,False,False,ED,discharge,2026-02-24T07:32:51.255028,0.0,396.42
P002367,2026-02-24T00:57:08.012131,2,ambulance,2026-02-24T01:05:19.404056,2026-02-24T01:05:19.404056,True,False,ED,admit,2026-02-24T03:18:45.818475,0.0,141.63
P002368,2026-02-24T01:43:42.503796,3,walk-in,2026-02-24T01:49:44.857962,2026-02-24T01:49:44.857962,False,False,ED,discharge,2026-02-24T05:10:00.378576,0.0,206.3
P002369,2026-02-24T02:16:30.853371,4,walk-in,2026-02-24T02:22:49.413523,2026-02-24T02:22:49.413523,False,True,ED,discharge,2026-02-24T03:23:47.977305,0.0,67.29
P002370,2026-02-24T02:20:55.865506,4,walk-in,2026-02-24T02:28:12.100796,2026-02-24T02:28:12.100796,False,False,ED,discharge,2026-02-24T03:32:30.626350,0.0,71.58
P002371,2026-02-24T02:52:22.934864,5,walk-in,2026-02-24T02:59:33.701316,2026-02-24T02:59:33.701316,False,False,ED,discharge,2026-02-24T03:46:57.075746,0.0,54.57
P002372,2026-02-24T03:13:58.492378,2,transfer,2026-02-24T03:17:11.882436,2026-02-24T03:17:11.882436,True,True,ED,discharge,2026-02-24T04:48:56.837517,0.0,94.97
P002373,2026-02-24T03:31:36.218392,1,ambulance,2026-02-24T03:36:33.971304,2026-02-24T03:36:33.971304,False,False,ED,admit,2026-02-24T04:46:57.853244,0.0,75.36
P002374,2026-02-24T04:02:15.778559,4,walk-in,2026-02-24T04:06:15.367526,2026-02-24T04:06:15.367526,False,False,ED,discharge,2026-02-24T05:05:37.021264,0.0,63.35
P002375,2026-02-24T04:49:14.719428,4,walk-in,2026-02-24T04:52:16.730043,2026-02-24T04:52:16.730043,False,True,ED,discharge,2026-02-24T05:32:16.730043,0.0,43.03
P002376,2026-02-24T06:06:50.942714,2,ambulance,2026-02-24T06:14:43.767523,2026-02-24T06:14:43.767523,True,False,ICU,admit,2026-02-24T16:14:43.767523,0.0,607.88
P002377,2026-02-24T06:23:42.624671,4,walk-in,2026-02-24T06:29:06.860098,2026-02-24T06:29:06.860098,False,False,ED,discharge,2026-02-24T07:45:00.951941,0.0,81.31
P002378,2026-02-24T06:39:17.065346,3,walk-in,2026-02-24T06:45:43.483093,2026-02-24T06:45:43.483093,False,False,ED,discharge,2026-02-24T17:39:02.537557,0.0,659.76
P002379,2026-02-24T07:19:24.451844,4,walk-in,2026-02-24T07:23:24.191063,2026-02-24T07:23:24.191063,False,False,ED,discharge,2026-02-24T09:18:18.524443,0.0,118.9
P002380,2026-02-24T07:31:58.356615,3,walk-in,2026-02-24T07:38:49.928093,2026-02-24T07:38:49.928093,False,False,ED,discharge,2026-02-24T10:09:49.269805,0.0,157.85
P002381,2026-02-24T07:33:38.856481,2,ambulance,2026-02-24T07:39:11.516979,2026-02-24T07:39:11.516979,True,True,ED,discharge,2026-02-24T10:32:32.188753,0.0,178.89
P002382,2026-02-24T07:56:50.008320,3,walk-in,2026-02-24T08:06:40.263958,2026-02-24T08:06:40.263958,False,False,ED,discharge,2026-02-24T14:25:35.164975,0.0,388.75
P002383,2026-02-24T07:59:41.692366,3,walk-in,2026-02-24T08:07:21.228495,2026-02-24T08:07:21.228495,False,False,ED,discharge,2026-02-24T12:16:09.800328,0.0,256.47
P002384,2026-02-24T08:08:13.579397,2,walk-in,2026-02-24T08:12:10.578628,2026-02-24T08:12:10.578628,True,False,ED,admit,2026-02-24T10:47:51.758929,0.0,159.64
P002385,2026-02-24T08:19:21.777859,3,walk-in,2026-02-24T08:29:20.806607,2026-02-24T08:29:20.806607,True,True,ED,discharge,2026-02-24T10:29:20.806607,0.0,129.98
P002386,2026-02-24T08:25:19.886656,4,walk-in,2026-02-24T08:33:39.527886,2026-02-24T08:33:39.527886,False,False,ED,discharge,2026-02-24T10:12:45.379721,0.0,107.42
P002387,2026-02-24T08:31:06.411633,3,walk-in,2026-02-24T08:40:56.208507,2026-02-24T08:40:56.208507,False,False,ED,discharge,2026-02-24T12:08:35.271910,0.0,217.48
P002388,2026-02-24T08:33:27.718382,2,walk-in,2026-02-24T08:38:08.727936,2026-02-24T08:38:08.727936,False,True,ED,admit,2026-02-24T11:54:22.313787,0.0,200.91
P002389,2026-02-24T08:51:03.535457,2,walk-in,2026-02-24T09:00:38.765921,2026-02-24T09:00:38.765921,True,True,ED,admit,2026-02-24T11:15:00.682198,0.0,143.95
P002390,2026-02-24T08:52:35.747014,4,walk-in,2026-02-24T09:00:31.384516,2026-02-24T09:00:31.384516,False,False,ED,discharge,2026-02-24T09:52:48.253426,0.0,60.21
P002391,2026-02-24T08:52:38.681885,5,walk-in,2026-02-24T09:01:06.972626,2026-02-24T09:01:06.972626,False,False,ED,discharge,2026-02-24T10:03:22.569525,0.0,70.73
P002392,2026-02-24T08:55:27.546315,5,walk-in,2026-02-24T09:03:00.635730,2026-02-24T09:03:00.635730,False,False,ED,discharge,2026-02-24T09:43:49.037320,0.0,48.36
P002393,2026-02-24T09:07:24.568288,3,walk-in,2026-02-24T09:11:25.364438,2026-02-24T09:11:25.364438,True,False,ED,discharge,2026-02-24T13:10:09.049658,0.0,242.74
P002394,2026-02-24T09:09:32.095098,3,walk-in,2026-02-24T09:16:46.774081,2026-02-24T09:16:46.774081,True,False,ED,discharge,2026-02-24T17:46:19.859416,0.0,516.8
P002395,2026-02-24T09:33:25.357308,3,walk-in,2026-02-24T09:42:41.383359,2026-02-24T09:42:41.383359,False,False,ED,discharge,2026-02-24T13:50:01.271430,0.0,256.6
P002396,2026-02-24T09:38:36.892909,5,walk-in,2026-02-24T09:41:52.909505,2026-02-24T09:41:52.909505,False,False,ED,discharge,2026-02-24T11:24:14.331507,0.0,105.62
P002397,2026-02-24T09:55:24.464748,2,walk-in,2026-02-24T10:00:39.155912,2026-02-24T10:00:39.155912,True,False,ICU,admit,2026-02-24T12:51:14.722079,0.0,175.84
P002398,2026-02-24T09:55:36.613009,5,walk-in,2026-02-24T10:04:16.350107,2026-02-24T10:04:16.350107,False,False,ED,discharge,2026-02-24T10:34:18.096806,0.0,38.69
P002399,2026-02-24T09:56:52.418947,3,walk-in,2026-02-24T10:00:27.439062,2026-02-24T10:00:27.439062,True,False,ED,discharge,2026-02-24T13:05:34.378355,0.0,188.7
P002400,2026-02-24T09:59:55.313521,3,walk-in,2026-02-24T10:03:27.030247,2026-02-24T10:03:27.030247,False,False,ED,discharge,2026-02-24T13:12:38.031389,0.0,192.71
P002401,2026-02-24T10:27:28.794701,2,ambulance,2026-02-24T10:31:26.296483,2026-02-24T10:31:26.296483,True,False,ICU,discharge,2026-02-24T13:17:45.958762,0.0,170.29
P002402,2026-02-24T10:32:56.560642,4,walk-in,2026-02-24T10:38:33.287887,2026-02-24T10:38:33.287887,False,False,ED,discharge,2026-02-24T11:35:17.666529,0.0,62.35
P002403,2026-02-24T10:35:01.435346,5,ambulance,2026-02-24T10:43:27.403113,2026-02-24T10:43:27.403113,False,False,ED,discharge,2026-02-24T11:09:13.646526,0.0,34.2
P002404,2026-02-24T10:42:14.421622,4,walk-in,2026-02-24T10:47:39.834069,2026-02-24T10:47:39.834069,True,False,ED,discharge,2026-02-24T12:11:07.474546,0.0,88.88
P002405,2026-02-24T10:44:46.618684,3,walk-in,2026-02-24T10:53:13.845475,2026-02-24T10:53:13.845475,True,False,ED,discharge,2026-02-24T15:47:00.802919,0.0,302.24
P002406,2026-02-24T10:46:23.544090,4,walk-in,2026-02-24T10:49:52.443200,2026-02-24T10:49:52.443200,False,False,ED,discharge,2026-02-24T13:03:08.490066,0.0,136.75
P002407,2026-02-24T10:53:20.297497,2,ambulance,2026-02-24T10:58:02.604006,2026-02-24T10:58:02.604006,True,True,ED,admit,2026-02-24T19:08:09.462372,0.0,494.82
P002408,2026-02-24T10:53:54.961584,3,walk-in,2026-02-24T10:57:37.192603,2026-02-24T10:57:37.192603,False,True,ED,discharge,2026-02-24T16:36:10.634829,0.0,342.26
P002409,2026-02-24T11:02:36.912795,4,walk-in,2026-02-24T11:07:16.052075,2026-02-24T11:07:16.052075,True,False,ED,discharge,2026-02-24T12:19:23.245436,0.0,76.77
P002410,2026-02-24T11:12:30.497366,4,walk-in,2026-02-24T11:19:58.110824,2026-02-24T11:19:58.110824,False,False,ED,discharge,2026-02-24T11:59:58.110824,0.0,47.46
P002411,2026-02-24T11:27:46.999930,4,walk-in,2026-02-24T11:37:21.132783,2026-02-24T11:37:21.132783,False,False,ED,discharge,2026-02-24T14:43:55.724041,0.0,196.15
P002412,2026-02-24T11:32:19.413777,3,walk-in,2026-02-24T11:38:41.913725,2026-02-24T11:38:41.913725,True,True,ED,discharge,2026-02-24T16:05:16.942578,0.0,272.96
P002413,2026-02-24T11:42:45.966093,4,walk-in,2026-02-24T11:52:31.906004,2026-02-24T11:52:31.906004,False,False,ED,discharge,2026-02-24T13:09:29.329538,0.0,86.72
P002414,2026-02-24T11:52:50.812197,4,walk-in,2026-02-24T12:01:42.751142,2026-02-24T12:01:42.751142,False,False,ED,discharge,2026-02-24T14:12:27.655071,0.0,139.61
P002415,2026-02-24T11:53:11.167833,2,ambulance,2026-02-24T12:01:39.221732,2026-02-24T12:01:39.221732,False,False,ED,admit,2026-02-24T15:16:17.612644,0.0,203.11
P002416,2026-02-24T11:55:27.399643,4,walk-in,2026-02-24T12:01:13.479355,2026-02-24T12:01:13.479355,False,False,ED,discharge,2026-02-24T13:58:37.355232,0.0,123.17
P002417,2026-02-24T11:59:02.911484,3,walk-in,2026-02-24T12:05:10.293321,2026-02-24T12:05:10.293321,False,True,ED,discharge,2026-02-24T14:09:57.728045,0.0,130.91
P002418,2026-02-24T11:59:43.668919,3,walk-in,2026-02-24T12:05:32.001560,2026-02-24T12:05:32.001560,True,False,ED,admit,2026-02-24T16:09:09.935236,0.0,249.44
P002419,2026-02-24T12:02:58.666183,3,walk-in,2026-02-24T12:06:09.275134,2026-02-24T12:06:09.275134,False,False,ED,discharge,2026-02-24T14:06:09.275134,0.0,123.18
P002420,2026-02-24T12:05:18.673662,3,transfer,2026-02-24T12:09:28.340433,2026-02-24T12:09:28.340433,True,False,ED,discharge,2026-02-24T15:01:49.380168,0.0,176.51
P002421,2026-02-24T12:06:50.249011,3,walk-in,2026-02-24T12:10:19.164978,2026-02-24T12:10:19.164978,True,False,ED,discharge,2026-02-24T14:47:56.948967,0.0,161.11
P002422,2026-02-24T12:12:38.954210,3,walk-in,2026-02-24T12:16:09.033928,2026-02-24T12:16:09.033928,False,False,ED,discharge,2026-02-24T16:24:46.218878,0.0,252.12
P002423,2026-02-24T12:26:05.932831,4,walk-in,2026-02-24T12:31:10.051899,2026-02-24T12:31:10.051899,False,False,ED,discharge,2026-02-24T13:50:24.349949,0.0,84.31
P002424,2026-02-24T12:28:58.245398,3,ambulance,2026-02-24T12:33:43.351208,2026-02-24T12:33:43.351208,False,False,ED,discharge,2026-02-24T15:11:04.596727,0.0,162.11
P002425,2026-02-24T12:29:08.958352,5,walk-in,2026-02-24T12:33:39.867609,2026-02-24T12:33:39.867609,False,False,ED,discharge,2026-02-24T13:46:44.451176,0.0,77.59
P002426,2026-02-24T12:31:33.472594,4,walk-in,2026-02-24T12:37:22.129709,2026-02-24T12:37:22.129709,False,False,ED,discharge,2026-02-24T14:08:19.834421,0.0,96.77
P002427,2026-02-24T12:38:35.260710,3,transfer,2026-02-24T12:47:02.635740,2026-02-24T12:47:02.635740,False,False,ED,discharge,2026-02-24T15:21:16.320079,0.0,162.68
P002428,2026-02-24T12:39:06.128660,3,walk-in,2026-02-24T12:42:33.182510,2026-02-24T12:42:33.182510,False,True,ED,discharge,2026-02-24T14:58:42.157426,0.0,139.6
P002429,2026-02-24T12:41:50.667264,4,walk-in,2026-02-24T12:48:00.365563,2026-02-24T12:48:00.365563,True,False,ED,discharge,2026-02-24T14:01:38.466066,0.0,79.8
P002430,2026-02-24T13:07:42.728484,3,walk-in,2026-02-24T13:17:38.067084,2026-02-24T13:17:38.067084,False,True,ED,discharge,2026-02-24T17:18:35.343988,0.0,250.88
P002431,2026-02-24T13:08:19.352641,3,walk-in,2026-02-24T13:16:51.177277,2026-02-24T13:16:51.177277,False,False,ED,discharge,2026-02-24T15:41:20.922651,0.0,153.03
P002432,2026-02-24T13:28:43.378445,4,walk-in,2026-02-24T13:32:51.095013,2026-02-24T13:32:51.095013,False,False,ED,discharge,2026-02-24T14:59:14.119714,0.0,90.51
P002433,2026-02-24T13:38:33.709948,4,walk-in,2026-02-24T13:48:28.604744,2026-02-24T13:48:28.604744,False,False,ED,discharge,2026-02-24T14:53:25.148844,0.0,74.86
P002434,2026-02-24T13:41:28.067495,5,walk-in,2026-02-24T13:47:54.924220,2026-02-24T13:47:54.924220,False,False,ED,discharge,2026-02-24T14:30:51.958776,0.0,49.4
P002435,2026-02-24T13:48:37.768924,3,walk-in,2026-02-24T13:58:34.893363,2026-02-24T13:58:34.893363,True,True,ED,discharge,2026-02-24T21:31:57.277502,0.0,463.33
P002436,2026-02-24T13:48:38.788194,4,walk-in,2026-02-24T13:56:55.171872,2026-02-24T13:56:55.171872,True,False,ED,discharge,2026-02-24T15:13:52.868985,0.0,85.23
P002437,2026-02-24T13:50:08.207398,5,walk-in,2026-02-24T13:53:45.452981,2026-02-24T13:53:45.452981,False,False,ED,discharge,2026-02-24T14:32:32.598746,0.0,42.41
P002438,2026-02-24T13:52:00.386189,2,walk-in,2026-02-24T14:01:38.445196,2026-02-24T14:01:38.445196,False,True,ED,discharge,2026-02-24T15:51:30.739521,0.0,119.51
P002439,2026-02-24T14:03:57.479395,3,walk-in,2026-02-24T14:10:24.855078,2026-02-24T14:10:24.855078,True,False,ED,discharge,2026-02-24T16:10:24.855078,0.0,126.46
P002440,2026-02-24T14:10:46.957977,3,walk-in,2026-02-24T14:19:38.740975,2026-02-24T14:19:38.740975,True,False,ED,discharge,2026-02-24T22:58:34.764699,0.0,527.8
P002441,2026-02-24T14:12:43.527400,2,walk-in,2026-02-24T14:17:53.925763,2026-02-24T14:17:53.925763,False,True,ED,admit,2026-02-24T19:00:21.040417,0.0,287.63
P002442,2026-02-24T14:29:45.620071,4,walk-in,2026-02-24T14:34:20.081201,2026-02-24T14:34:20.081201,False,False,ED,discharge,2026-02-24T16:36:06.255863,0.0,126.34
P002443,2026-02-24T14:33:34.122027,4,walk-in,2026-02-24T14:41:52.693880,2026-02-24T14:41:52.693880,True,False,ED,discharge,2026-02-24T15:57:28.525902,0.0,83.91
P002444,2026-02-24T14:34:17.965799,5,walk-in,2026-02-24T14:43:32.595776,2026-02-24T14:43:32.595776,False,False,ED,discharge,2026-02-24T15:09:34.017814,0.0,35.27
P002445,2026-02-24T14:38:26.965844,4,walk-in,2026-02-24T14:47:36.811381,2026-02-24T14:47:36.811381,True,False,ED,discharge,2026-02-24T16:44:43.282855,0.0,126.27
P002446,2026-02-24T14:53:20.377021,3,walk-in,2026-02-24T15:02:53.101515,2026-02-24T15:02:53.101515,False,False,ED,discharge,2026-02-24T18:31:52.552517,0.0,218.54
P002447,2026-02-24T14:58:08.541020,2,walk-in,2026-02-24T15:03:54.510307,2026-02-24T15:03:54.510307,True,True,ED,discharge,2026-02-24T20:22:13.723926,0.0,324.09
P002448,2026-02-24T15:01:14.848023,3,walk-in,2026-02-24T15:06:58.484978,2026-02-24T15:06:58.484978,False,False,ED,discharge,2026-02-24T17:06:58.484978,0.0,125.73
P002449,2026-02-24T15:03:49.708287,3,walk-in,2026-02-24T15:11:27.528848,2026-02-24T15:11:27.528848,False,False,ED,discharge,2026-02-24T17:11:27.528848,0.0,127.63
P002450,2026-02-24T15:17:24.777300,5,walk-in,2026-02-24T15:23:39.999140,2026-02-24T15:23:39.999140,False,False,ED,discharge,2026-02-24T15:56:05.165522,0.0,38.67
P002451,2026-02-24T15:21:27.126151,4,walk-in,2026-02-24T15:29:22.225797,2026-02-24T15:29:22.225797,False,False,ED,discharge,2026-02-24T16:15:19.722112,0.0,53.88
P002452,2026-02-24T15:25:23.817427,3,walk-in,2026-02-24T15:28:51.765301,2026-02-24T15:28:51.765301,True,False,ED,admit,2026-02-25T03:28:51.765301,0.0,723.47
P002453,2026-02-24T15:28:48.980107,3,walk-in,2026-02-24T15:32:46.135990,2026-02-24T15:32:46.135990,False,False,ED,discharge,2026-02-25T03:32:46.135990,0.0,723.95
P002454,2026-02-24T15:31:11.686115,4,walk-in,2026-02-24T15:39:20.375735,2026-02-24T15:39:20.375735,False,False,ED,discharge,2026-02-24T17:07:29.321864,0.0,96.29
P002455,2026-02-24T15:51:11.029578,4,walk-in,2026-02-24T15:59:50.968375,2026-02-24T15:59:50.968375,False,False,ED,discharge,2026-02-24T17:24:45.562023,0.0,93.58
P002456,2026-02-24T16:04:25.140518,2,walk-in,2026-02-24T16:11:57.642194,2026-02-24T16:11:57.642194,True,True,ED,discharge,2026-02-24T21:52:39.132432,0.0,348.23
P002457,2026-02-24T16:11:01.088408,5,walk-in,2026-02-24T16:18:42.237274,2026-02-24T16:18:42.237274,False,False,ED,discharge,2026-02-24T17:15:34.358826,0.0,64.55
P002458,2026-02-24T16:11:53.330885,4,walk-in,2026-02-24T16:17:20.766544,2026-02-24T16:17:20.766544,False,False,ED,discharge,2026-02-24T16:57:20.766544,0.0,45.46
P002459,2026-02-24T16:14:24.234535,4,transfer,2026-02-24T16:20:19.176477,2026-02-24T16:20:19.176477,False,False,ED,discharge,2026-02-24T18:30:08.512750,0.0,135.74
P002460,2026-02-24T16:16:43.244557,4,walk-in,2026-02-24T16:26:00.091603,2026-02-24T16:26:00.091603,False,False,ED,discharge,2026-02-24T18:21:52.744248,0.0,125.16
P002461,2026-02-24T16:37:17.895130,4,transfer,2026-02-24T16:45:05.333553,2026-02-24T16:45:05.333553,False,False,ED,discharge,2026-02-24T17:55:13.063543,0.0,77.92
P002462,2026-02-24T16:38:00.086002,4,walk-in,2026-02-24T16:42:23.932283,2026-02-24T16:42:23.932283,False,False,ED,discharge,2026-02-24T18:15:15.252028,0.0,97.25
P002463,2026-02-24T16:42:50.852482,5,walk-in,2026-02-24T16:52:32.712779,2026-02-24T16:52:32.712779,False,False,ED,discharge,2026-02-24T17:12:32.712779,0.0,29.7
P002464,2026-02-24T16:44:04.694799,3,walk-in,2026-02-24T16:49:30.423924,2026-02-24T16:49:30.423924,True,False,ED,discharge,2026-02-24T18:49:30.423924,0.0,125.43
P002465,2026-02-24T17:08:59.731756,2,walk-in,2026-02-24T17:17:28.354687,2026-02-24T17:17:28.354687,True,False,ED,admit,2026-02-24T21:57:10.029965,0.0,288.17
P002466,2026-02-24T17:14:40.224797,3,walk-in,2026-02-24T17:18:42.719237,2026-02-24T17:18:42.719237,True,False,ED,discharge,2026-02-24T19:18:42.719237,0.0,124.04
P002467,2026-02-24T17:18:11.159394,3,walk-in,2026-02-24T17:26:49.659832,2026-02-24T17:26:49.659832,False,False,ED,discharge,2026-02-24T21:39:45.837725,0.0,261.58
P002468,2026-02-24T17:21:21.521719,5,walk-in,2026-02-24T17:27:01.646274,2026-02-24T17:27:01.646274,False,False,ED,discharge,2026-02-24T18:25:45.328800,0.0,64.4
P002469,2026-02-24T17:23:38.069185,4,walk-in,2026-02-24T17:27:51.874890,2026-02-24T17:27:51.874890,False,False,ED,discharge,2026-02-24T18:34:53.488614,0.0,71.26
P002470,2026-02-24T17:52:44.789691,2,ambulance,2026-02-24T17:58:07.600535,2026-02-24T17:58:07.600535,False,False,ED,discharge,2026-02-24T21:02:24.423115,0.0,189.66
P002471,2026-02-24T18:10:08.429079,4,walk-in,2026-02-24T18:19:41.526727,2026-02-24T18:19:41.526727,False,False,ED,discharge,2026-02-24T21:24:08.498443,0.0,194.0
P002472,2026-02-24T18:19:10.666355,5,walk-in,2026-02-24T18:25:09.972756,2026-02-24T18:25:09.972756,False,False,ED,discharge,2026-02-24T18:49:11.692039,0.0,30.02
P002473,2026-02-24T18:33:56.162081,3,walk-in,2026-02-24T18:42:58.154657,2026-02-24T18:42:58.154657,False,True,ED,discharge,2026-02-24T23:59:12.769884,0.0,325.28
P002474,2026-02-24T18:59:52.315366,4,walk-in,2026-02-24T19:05:15.209008,2026-02-24T19:05:15.209008,True,False,ED,discharge,2026-02-24T19:51:03.754034,0.0,51.19
P002475,2026-02-24T19:07:30.955018,5,walk-in,2026-02-24T19:14:47.373676,2026-02-24T19:14:47.373676,False,False,ED,discharge,2026-02-24T19:42:23.269484,0.0,34.87
P002476,2026-02-24T19:12:02.780732,3,ambulance,2026-02-24T19:19:57.115143,2026-02-24T19:19:57.115143,False,False,ED,admit,2026-02-25T01:14:24.117571,0.0,362.36
P002477,2026-02-24T19:21:03.307942,5,walk-in,2026-02-24T19:24:24.933849,2026-02-24T19:24:24.933849,False,False,ED,discharge,2026-02-24T21:14:15.044037,0.0,113.2
P002478,2026-02-24T19:25:57.541408,4,walk-in,2026-02-24T19:35:36.999755,2026-02-24T19:35:36.999755,False,False,ED,discharge,2026-02-24T22:07:48.038924,0.0,161.84
P002479,2026-02-24T19:31:54.100205,3,walk-in,2026-02-24T19:37:10.933001,2026-02-24T19:37:10.933001,False,True,ED,discharge,2026-02-24T23:15:11.895386,0.0,223.3
P002480,2026-02-24T19:54:34.474460,3,walk-in,2026-02-24T20:01:30.924012,2026-02-24T20:01:30.924012,False,False,ED,discharge,2026-02-25T00:21:39.505326,0.0,267.08
P002481,2026-02-24T20:46:56.340484,5,walk-in,2026-02-24T20:54:24.998207,2026-02-24T20:54:24.998207,False,False,ED,discharge,2026-02-24T22:44:45.621933,0.0,117.82
P002482,2026-02-24T20:59:18.604602,5,walk-in,2026-02-24T21:07:46.851334,2026-02-24T21:07:46.851334,False,False,ED,discharge,2026-02-24T21:46:50.334314,0.0,47.53
P002483,2026-02-24T21:36:16.777020,3,ambulance,2026-02-24T21:45:03.203104,2026-02-24T21:45:03.203104,False,False,ED,admit,2026-02-25T00:58:50.619516,0.0,202.56
P002484,2026-02-24T21:56:28.285382,4,walk-in,2026-02-24T22:01:47.361282,2026-02-24T22:01:47.361282,False,False,ED,discharge,2026-02-24T23:17:33.437763,0.0,81.09
P002485,2026-02-24T22:00:02.432722,2,walk-in,2026-02-24T22:09:03.324063,2026-02-24T22:09:03.324063,True,False,ED,admit,2026-02-25T00:56:58.303656,0.0,176.93
P002486,2026-02-24T22:08:20.670431,4,walk-in,2026-02-24T22:16:52.296348,2026-02-24T22:16:52.296348,False,False,ED,discharge,2026-02-24T23:50:04.347720,0.0,101.73
P002487,2026-02-24T22:31:55.923921,3,walk-in,2026-02-24T22:37:46.949558,2026-02-24T22:37:46.949558,False,True,ED,discharge,2026-02-25T01:44:59.546992,0.0,193.06
P002488,2026-02-24T22:51:46.700036,4,walk-in,2026-02-24T22:55:20.075915,2026-02-24T22:55:20.075915,False,False,ED,discharge,2026-02-25T00:58:52.920073,0.0,127.1
P002489,2026-02-24T23:13:50.307475,2,walk-in,2026-02-24T23:21:22.686777,2026-02-24T23:21:22.686777,True,True,ED,discharge,2026-02-25T03:46:19.600014,0.0,272.49
P002490,2026-02-24T23:31:32.095643,4,walk-in,2026-02-24T23:38:12.251605,2026-02-24T23:38:12.251605,False,True,ED,discharge,2026-02-25T00:43:42.119701,0.0,72.17
P002491,2026-02-24T23:44:49.185744,2,walk-in,2026-02-24T23:53:03.076072,2026-02-24T23:53:03.076072,True,True,ED,admit,2026-02-25T02:42:39.517314,0.0,177.84
P002492,2026-02-25T00:10:49.730361,5,walk-in,2026-02-25T00:20:13.916078,2026-02-25T00:20:13.916078,False,False,ED,discharge,2026-02-25T00:41:24.597689,0.0,30.58
P002493,2026-02-25T00:22:22.310206,4,walk-in,2026-02-25T00:30:31.222528,2026-02-25T00:30:31.222528,True,False,ED,discharge,2026-02-25T02:11:55.765088,0.0,109.56
P002494,2026-02-25T00:38:30.853921,2,ambulance,2026-02-25T00:42:07.459453,2026-02-25T00:42:07.459453,False,True,ED,admit,2026-02-25T03:17:31.191834,0.0,159.01
P002495,2026-02-25T00:53:49.889133,4,walk-in,2026-02-25T00:59:04.594798,2026-02-25T00:59:04.594798,True,False,ED,discharge,2026-02-25T03:30:48.599864,0.0,156.98
P002496,2026-02-25T00:57:28.720462,3,walk-in,2026-02-25T01:05:27.848678,2026-02-25T01:05:27.848678,False,False,ED,discharge,2026-02-25T03:05:27.848678,0.0,127.99
P002497,2026-02-25T04:34:38.410869,4,walk-in,2026-02-25T04:40:29.257306,2026-02-25T04:40:29.257306,False,False,ED,discharge,2026-02-25T06:39:32.426502,0.0,124.9
P002498,2026-02-25T05:03:17.262535,5,walk-in,2026-02-25T05:11:46.158426,2026-02-25T05:11:46.158426,False,False,ED,discharge,2026-02-25T06:32:55.481732,0.0,89.64
P002499,2026-02-25T05:43:05.984637,3,walk-in,2026-02-25T05:46:29.116722,2026-02-25T05:46:29.116722,False,True,ED,discharge,2026-02-25T17:46:29.116722,0.0,723.39
P002500,2026-02-25T05:52:32.414151,2,walk-in,2026-02-25T05:56:16.363601,2026-02-25T05:56:16.363601,False,True,ED,admit,2026-02-25T09:20:21.888373,0.0,207.82
P002501,2026-02-25T06:06:06.488341,4,walk-in,2026-02-25T06:14:01.462766,2026-02-25T06:14:01.462766,False,False,ED,discharge,2026-02-25T07:20:19.711617,0.0,74.22
P002502,2026-02-25T06:43:48.598451,4,walk-in,2026-02-25T06:47:47.984500,2026-02-25T06:47:47.984500,False,False,ED,discharge,2026-02-25T09:47:02.594955,0.0,183.23
P002503,2026-02-25T06:44:08.204217,4,walk-in,2026-02-25T06:52:36.713070,2026-02-25T06:52:36.713070,False,False,ED,discharge,2026-02-25T09:01:22.173362,0.0,137.23
P002504,2026-02-25T07:19:01.524198,4,walk-in,2026-02-25T07:25:30.083324,2026-02-25T07:25:30.083324,False,False,ED,discharge,2026-02-25T10:01:02.091168,0.0,162.01
P002505,2026-02-25T07:38:34.210334,4,walk-in,2026-02-25T07:48:07.743008,2026-02-25T07:48:07.743008,False,False,ED,discharge,2026-02-25T09:13:21.162902,0.0,94.78
P002506,2026-02-25T08:07:08.138561,3,walk-in,2026-02-25T08:11:14.456833,2026-02-25T08:11:14.456833,True,False,ED,discharge,2026-02-25T14:30:19.473052,0.0,383.19
P002507,2026-02-25T08:11:16.719358,3,walk-in,2026-02-25T08:19:54.845175,2026-02-25T08:19:54.845175,False,False,ED,discharge,2026-02-25T11:27:17.619877,0.0,196.02
P002508,2026-02-25T08:13:20.461141,3,walk-in,2026-02-25T08:21:21.692871,2026-02-25T08:21:21.692871,True,False,ED,discharge,2026-02-25T17:43:40.097498,0.0,570.33
P002509,2026-02-25T08:24:14.817841,2,walk-in,2026-02-25T08:30:51.541386,2026-02-25T08:30:51.541386,True,True,ED,admit,2026-02-25T11:11:03.716844,0.0,166.81
P002510,2026-02-25T08:24:41.824201,4,walk-in,2026-02-25T08:29:31.926111,2026-02-25T08:29:31.926111,False,False,ED,discharge,2026-02-25T09:16:54.048155,0.0,52.2
P002511,2026-02-25T09:07:26.514761,4,walk-in,2026-02-25T09:12:49.762223,2026-02-25T09:12:49.762223,False,True,ED,discharge,2026-02-25T10:40:55.974487,0.0,93.49
P002512,2026-02-25T09:31:56.976520,5,walk-in,2026-02-25T09:37:15.778967,2026-02-25T09:37:15.778967,False,False,ED,discharge,2026-02-25T10:39:26.725020,0.0,67.5
P002513,2026-02-25T09:32:16.932972,3,walk-in,2026-02-25T09:36:49.567156,2026-02-25T09:36:49.567156,False,False,ED,discharge,2026-02-25T15:27:01.034409,0.0,354.74
P002514,2026-02-25T09:58:09.748260,5,walk-in,2026-02-25T10:06:02.596183,2026-02-25T10:06:02.596183,False,False,ED,discharge,2026-02-25T11:09:47.839511,0.0,71.63
P002515,2026-02-25T09:59:52.652801,3,walk-in,2026-02-25T10:09:22.193687,2026-02-25T10:09:22.193687,False,True,ED,discharge,2026-02-25T15:36:17.496834,0.0,336.41
P002516,2026-02-25T10:01:44.051360,4,walk-in,2026-02-25T10:07:24.571396,2026-02-25T10:07:24.571396,False,False,ED,discharge,2026-02-25T11:09:13.199124,0.0,67.49
P002517,2026-02-25T10:14:21.937226,4,walk-in,2026-02-25T10:18:51.951229,2026-02-25T10:18:51.951229,True,False,ED,discharge,2026-02-25T11:09:48.456480,0.0,55.44
P002518,2026-02-25T10:14:38.998183,4,walk-in,2026-02-25T10:23:14.006531,2026-02-25T10:23:14.006531,False,False,ED,discharge,2026-02-25T12:54:23.622763,0.0,159.74
P002519,2026-02-25T10:17:25.817052,4,walk-in,2026-02-25T10:22:14.855555,2026-02-25T10:22:14.855555,False,False,ED,discharge,2026-02-25T11:29:05.072008,0.0,71.65
P002520,2026-02-25T10:18:08.804041,3,walk-in,2026-02-25T10:25:15.984103,2026-02-25T10:25:15.984103,False,False,ED,discharge,2026-02-25T14:42:02.437210,0.0,263.89
P002521,2026-02-25T10:23:06.646142,4,walk-in,2026-02-25T10:31:13.310704,2026-02-25T10:31:13.310704,False,False,ED,discharge,2026-02-25T12:07:23.537172,0.0,104.28
P002522,2026-02-25T10:30:08.767463,4,walk-in,2026-02-25T10:36:50.830087,2026-02-25T10:36:50.830087,False,False,ED,discharge,2026-02-25T11:50:03.298922,0.0,79.91
P002523,2026-02-25T10:42:12.878734,3,walk-in,2026-02-25T10:49:51.098398,2026-02-25T10:49:51.098398,False,False,ED,admit,2026-02-25T13:43:34.310327,0.0,181.36
P002524,2026-02-25T10:53:10.293744,4,walk-in,2026-02-25T11:01:29.551098,2026-02-25T11:01:29.551098,True,False,ED,discharge,2026-02-25T12:34:39.166919,0.0,101.48
P002525,2026-02-25T10:56:40.835010,3,walk-in,2026-02-25T11:01:46.005952,2026-02-25T11:01:46.005952,False,False,ED,discharge,2026-02-25T19:01:59.621364,0.0,485.31
P002526,2026-02-25T10:57:13.791961,3,walk-in,2026-02-25T11:03:01.465900,2026-02-25T11:03:01.465900,False,False,ED,discharge,2026-02-25T14:52:57.768509,0.0,235.73
P002527,2026-02-25T11:02:28.104541,4,walk-in,2026-02-25T11:06:01.431295,2026-02-25T11:06:01.431295,False,False,ED,discharge,2026-02-25T13:07:54.499299,0.0,125.44
P002528,2026-02-25T11:04:55.512205,3,walk-in,2026-02-25T11:10:14.008478,2026-02-25T11:10:14.008478,False,False,ED,discharge,2026-02-25T13:10:14.008478,0.0,125.31
P002529,2026-02-25T11:15:40.140558,3,transfer,2026-02-25T11:19:07.175963,2026-02-25T11:19:07.175963,False,False,ED,admit,2026-02-25T15:38:26.101105,0.0,262.77
P002530,2026-02-25T11:16:21.413994,5,walk-in,2026-02-25T11:21:37.170821,2026-02-25T11:21:37.170821,False,False,ED,discharge,2026-02-25T11:53:15.464652,0.0,36.9
P002531,2026-02-25T11:18:27.101980,3,walk-in,2026-02-25T11:23:56.450919,2026-02-25T11:23:56.450919,False,False,ED,discharge,2026-02-25T13:51:06.166696,0.0,152.65
P002532,2026-02-25T11:18:29.251372,5,walk-in,2026-02-25T11:24:34.303252,2026-02-25T11:24:34.303252,False,False,ED,discharge,2026-02-25T12:14:26.623210,0.0,55.96
P002533,2026-02-25T11:22:25.996969,3,walk-in,2026-02-25T11:26:43.144865,2026-02-25T11:26:43.144865,False,False,ED,discharge,2026-02-25T15:06:28.983109,0.0,224.05
P002534,2026-02-25T11:27:41.582938,4,walk-in,2026-02-25T11:34:01.250931,2026-02-25T11:34:01.250931,False,False,ED,discharge,2026-02-25T13:22:18.380264,0.0,114.61
P002535,2026-02-25T11:30:22.466294,4,walk-in,2026-02-25T11:38:00.850069,2026-02-25T11:38:00.850069,False,False,ED,discharge,2026-02-25T13:26:47.403070,0.0,116.42
P002536,2026-02-25T11:35:14.759383,4,walk-in,2026-02-25T11:42:49.820251,2026-02-25T11:42:49.820251,True,False,ED,discharge,2026-02-25T12:54:18.550021,0.0,79.06
P002537,2026-02-25T11:50:17.433254,3,walk-in,2026-02-25T11:57:09.923740,2026-02-25T11:57:09.923740,True,False,ED,discharge,2026-02-25T16:00:15.376966,0.0,249.97
P002538,2026-02-25T11:52:01.430688,3,walk-in,2026-02-25T11:58:42.763784,2026-02-25T11:58:42.763784,False,False,ED,discharge,2026-02-25T15:02:24.607888,0.0,190.39
P002539,2026-02-25T12:04:43.191909,2,ambulance,2026-02-25T12:08:47.973155,2026-02-25T12:08:47.973155,True,False,ED,discharge,2026-02-25T17:13:51.790596,0.0,309.14
P002540,2026-02-25T12:11:58.996497,5,walk-in,2026-02-25T12:17:48.214744,2026-02-25T12:17:48.214744,False,False,ED,discharge,2026-02-25T12:56:51.417770,0.0,44.87
P002541,2026-02-25T12:15:13.499689,4,walk-in,2026-02-25T12:22:14.321633,2026-02-25T12:22:14.321633,True,False,ED,discharge,2026-02-25T14:11:37.548655,0.0,116.4
P002542,2026-02-25T12:16:47.785558,3,walk-in,2026-02-25T12:24:10.931255,2026-02-25T12:24:10.931255,False,False,ED,admit,2026-02-26T00:24:10.931255,0.0,727.39
P002543,2026-02-25T12:19:05.806956,5,walk-in,2026-02-25T12:27:09.321999,2026-02-25T12:27:09.321999,False,False,ED,discharge,2026-02-25T13:27:22.136121,0.0,68.27
P002544,2026-02-25T12:25:11.609653,5,walk-in,2026-02-25T12:31:22.284924,2026-02-25T12:31:22.284924,False,False,ED,discharge,2026-02-25T13:22:40.453530,0.0,57.48
P002545,2026-02-25T12:25:18.044152,5,walk-in,2026-02-25T12:31:38.675007,2026-02-25T12:31:38.675007,False,False,ED,discharge,2026-02-25T13:26:58.181528,0.0,61.67
P002546,2026-02-25T12:35:00.781347,4,walk-in,2026-02-25T12:43:49.880944,2026-02-25T12:43:49.880944,False,False,ED,discharge,2026-02-25T13:28:32.924190,0.0,53.54
P002547,2026-02-25T12:39:03.234628,3,walk-in,2026-02-25T12:44:40.585233,2026-02-25T12:44:40.585233,True,False,ED,discharge,2026-02-25T15:41:46.103892,0.0,182.71
P002548,2026-02-25T12:40:30.727362,4,walk-in,2026-02-25T12:44:40.116133,2026-02-25T12:44:40.116133,False,False,ED,discharge,2026-02-25T13:49:29.966988,0.0,68.99
P002549,2026-02-25T12:44:26.338317,4,walk-in,2026-02-25T12:51:56.857287,2026-02-25T12:51:56.857287,False,False,ED,discharge,2026-02-25T13:57:42.113289,0.0,73.26
P002550,2026-02-25T12:45:28.434222,3,walk-in,2026-02-25T12:54:45.548211,2026-02-25T12:54:45.548211,False,False,ED,discharge,2026-02-25T14:54:45.548211,0.0,129.29
P002551,2026-02-25T12:54:52.652781,4,walk-in,2026-02-25T13:04:45.928796,2026-02-25T13:04:45.928796,False,False,ED,discharge,2026-02-25T13:55:38.671031,0.0,60.77
P002552,2026-02-25T13:01:30.079878,3,walk-in,2026-02-25T13:11:09.394641,2026-02-25T13:11:09.394641,False,False,ED,discharge,2026-02-25T15:11:09.394641,0.0,129.66
P002553,2026-02-25T13:12:27.709742,5,walk-in,2026-02-25T13:17:33.062171,2026-02-25T13:17:33.062171,False,False,ED,discharge,2026-02-25T13:43:13.445112,0.0,30.76
P002554,2026-02-25T13:13:32.377162,5,walk-in,2026-02-25T13:17:18.488892,2026-02-25T13:17:18.488892,False,False,ED,discharge,2026-02-25T14:26:05.372008,0.0,72.55
P002555,2026-02-25T13:18:08.806811,3,walk-in,2026-02-25T13:26:52.638634,2026-02-25T13:26:52.638634,False,False,ED,discharge,2026-02-25T15:26:52.638634,0.0,128.73
P002556,2026-02-25T13:22:33.947166,5,walk-in,2026-02-25T13:29:04.149404,2026-02-25T13:29:04.149404,False,False,ED,discharge,2026-02-25T13:59:25.197443,0.0,36.85
P002557,2026-02-25T13:25:30.180795,2,walk-in,2026-02-25T13:34:37.906006,2026-02-25T13:34:37.906006,True,True,ED,admit,2026-02-25T15:30:11.793875,0.0,124.69
P002558,2026-02-25T13:46:24.179705,5,walk-in,2026-02-25T13:56:10.209745,2026-02-25T13:56:10.209745,False,True,ED,discharge,2026-02-25T14:40:50.822233,0.0,54.44
P002559,2026-02-25T13:50:31.963860,3,walk-in,2026-02-25T13:59:21.766895,2026-02-25T13:59:21.766895,False,False,ED,discharge,2026-02-25T15:59:21.766895,0.0,128.83
P002560,2026-02-25T14:05:25.039242,2,walk-in,2026-02-25T14:12:08.018522,2026-02-25T14:12:08.018522,False,False,ICU,admit,2026-02-25T18:18:09.520444,0.0,252.74
P002561,2026-02-25T14:19:40.326069,4,walk-in,2026-02-25T14:27:08.321197,2026-02-25T14:27:08.321197,False,False,ED,discharge,2026-02-25T16:15:20.162210,0.0,115.66
P002562,2026-02-25T14:40:27.354847,4,transfer,2026-02-25T14:46:34.081946,2026-02-25T14:46:34.081946,False,False,ED,discharge,2026-02-25T15:48:04.084335,0.0,67.61
P002563,2026-02-25T14:44:08.153796,4,walk-in,2026-02-25T14:49:10.309197,2026-02-25T14:49:10.309197,False,False,ED,discharge,2026-02-25T15:38:14.241531,0.0,54.1
P002564,2026-02-25T14:44:49.950346,4,walk-in,2026-02-25T14:54:24.258979,2026-02-25T14:54:24.258979,False,False,ED,discharge,2026-02-25T15:53:47.136793,0.0,68.95
P002565,2026-02-25T14:47:19.558876,2,ambulance,2026-02-25T14:52:45.691411,2026-02-25T14:52:45.691411,False,False,ICU,admit,2026-02-25T18:52:07.975608,0.0,244.81
P002566,2026-02-25T15:02:47.440668,4,walk-in,2026-02-25T15:09:00.645674,2026-02-25T15:09:00.645674,False,False,ED,discharge,2026-02-25T15:49:00.645674,0.0,46.22
P002567,2026-02-25T15:16:55.293550,4,walk-in,2026-02-25T15:20:36.397602,2026-02-25T15:20:36.397602,False,False,ED,discharge,2026-02-25T16:26:48.579181,0.0,69.89
P002568,2026-02-25T15:25:21.599160,4,walk-in,2026-02-25T15:32:12.463605,2026-02-25T15:32:12.463605,False,False,ED,discharge,2026-02-25T16:38:25.961175,0.0,73.07
P002569,2026-02-25T15:30:40.038232,3,transfer,2026-02-25T15:36:14.604290,2026-02-25T15:36:14.604290,False,False,ED,discharge,2026-02-25T17:58:19.742752,0.0,147.66
P002570,2026-02-25T15:54:34.163145,3,walk-in,2026-02-25T15:58:29.955699,2026-02-25T15:58:29.955699,False,False,ED,admit,2026-02-25T21:17:17.120345,0.0,322.72
P002571,2026-02-25T16:00:31.185646,4,walk-in,2026-02-25T16:04:02.438122,2026-02-25T16:04:02.438122,False,False,ED,discharge,2026-02-25T19:19:24.588031,0.0,198.89
P002572,2026-02-25T16:13:57.464943,3,walk-in,2026-02-25T16:21:15.549274,2026-02-25T16:21:15.549274,False,False,ED,discharge,2026-02-25T19:05:22.236812,0.0,171.41
P002573,2026-02-25T16:16:50.390891,3,walk-in,2026-02-25T16:26:01.855243,2026-02-25T16:26:01.855243,False,False,ED,discharge,2026-02-26T02:55:35.617621,0.0,638.75
P002574,2026-02-25T16:29:46.966541,4,transfer,2026-02-25T16:37:27.341980,2026-02-25T16:37:27.341980,False,False,ED,discharge,2026-02-25T18:04:20.513014,0.0,94.56
P002575,2026-02-25T16:35:52.274747,4,walk-in,2026-02-25T16:39:56.689156,2026-02-25T16:39:56.689156,False,False,ED,discharge,2026-02-25T18:50:27.303880,0.0,134.58
P002576,2026-02-25T16:37:23.310236,5,walk-in,2026-02-25T16:42:02.969762,2026-02-25T16:42:02.969762,False,False,ED,discharge,2026-02-25T17:19:02.792631,0.0,41.66
P002577,2026-02-25T16:41:29.959544,3,walk-in,2026-02-25T16:47:13.902436,2026-02-25T16:47:13.902436,False,True,ED,discharge,2026-02-25T18:47:13.902436,0.0,125.73
P002578,2026-02-25T16:46:59.127779,5,walk-in,2026-02-25T16:51:08.951517,2026-02-25T16:51:08.951517,False,False,ED,discharge,2026-02-25T17:46:19.917059,0.0,59.35
P002579,2026-02-25T17:03:33.821911,4,walk-in,2026-02-25T17:10:23.374686,2026-02-25T17:10:23.374686,False,False,ED,discharge,2026-02-25T19:13:04.226248,0.0,129.51
P002580,2026-02-25T17:14:24.094085,3,transfer,2026-02-25T17:22:42.781302,2026-02-25T17:22:42.781302,False,False,ED,discharge,2026-02-25T19:58:38.504090,0.0,164.24
P002581,2026-02-25T17:21:42.023215,3,walk-in,2026-02-25T17:26:39.692110,2026-02-25T17:26:39.692110,False,True,ED,discharge,2026-02-25T23:45:14.554213,0.0,383.54
P002582,2026-02-25T17:21:52.847667,4,walk-in,2026-02-25T17:31:12.983443,2026-02-25T17:31:12.983443,False,False,ED,discharge,2026-02-25T19:45:12.593457,0.0,143.33
P002583,2026-02-25T17:24:22.634122,2,ambulance,2026-02-25T17:33:09.356502,2026-02-25T17:33:09.356502,False,True,ED,admit,2026-02-26T03:33:09.356502,0.0,608.78
P002584,2026-02-25T17:26:52.159238,5,walk-in,2026-02-25T17:31:58.540697,2026-02-25T17:31:58.540697,False,False,ED,discharge,2026-02-25T18:09:55.840160,0.0,43.06
P002585,2026-02-25T17:59:33.909112,2,ambulance,2026-02-25T18:03:05.199452,2026-02-25T18:03:05.199452,False,True,ED,admit,2026-02-25T21:45:26.810622,0.0,225.88
P002586,2026-02-25T18:01:38.986923,2,ambulance,2026-02-25T18:05:56.512242,2026-02-25T18:05:56.512242,True,True,ED,discharge,2026-02-25T22:36:16.782850,0.0,274.63
P002587,2026-02-25T18:04:33.514426,3,walk-in,2026-02-25T18:13:54.848236,2026-02-25T18:13:54.848236,True,False,ED,discharge,2026-02-26T02:41:26.230989,0.0,516.88
P002588,2026-02-25T18:15:53.878009,3,walk-in,2026-02-25T18:22:42.132504,2026-02-25T18:22:42.132504,False,False,ED,discharge,2026-02-25T20:47:53.120793,0.0,151.99
P002589,2026-02-25T18:20:57.342425,4,walk-in,2026-02-25T18:26:52.077537,2026-02-25T18:26:52.077537,False,False,ED,discharge,2026-02-25T20:29:42.234066,0.0,128.75
P002590,2026-02-25T18:22:21.362359,4,walk-in,2026-02-25T18:25:42.079169,2026-02-25T18:25:42.079169,False,False,ED,discharge,2026-02-25T19:52:20.937663,0.0,89.99
P002591,2026-02-25T18:23:00.239668,3,walk-in,2026-02-25T18:30:35.063026,2026-02-25T18:30:35.063026,False,False,ED,discharge,2026-02-26T00:57:36.642240,0.0,394.61
P002592,2026-02-25T18:35:05.691522,4,walk-in,2026-02-25T18:38:21.233610,2026-02-25T18:38:21.233610,False,False,ED,discharge,2026-02-25T19:44:39.647522,0.0,69.57
P002593,2026-02-25T18:50:22.211567,4,walk-in,2026-02-25T19:00:07.619135,2026-02-25T19:00:07.619135,False,False,ED,discharge,2026-02-25T19:52:04.428216,0.0,61.7
P002594,2026-02-25T19:01:21.098600,2,walk-in,2026-02-25T19:11:20.279186,2026-02-25T19:11:20.279186,False,False,ED,discharge,2026-02-25T23:24:47.767127,0.0,263.44
P002595,2026-02-25T19:12:47.570504,4,walk-in,2026-02-25T19:18:34.355042,2026-02-25T19:18:34.355042,False,False,ED,discharge,2026-02-25T20:51:33.680982,0.0,98.77
P002596,2026-02-25T19:25:16.501544,3,walk-in,2026-02-25T19:30:35.989360,2026-02-25T19:30:35.989360,True,False,ED,admit,2026-02-25T22:34:42.068104,0.0,189.43
P002597,2026-02-25T19:26:46.050452,5,walk-in,2026-02-25T19:29:47.498307,2026-02-25T19:29:47.498307,False,False,ED,discharge,2026-02-25T20:20:43.889893,0.0,53.96
P002598,2026-02-25T19:44:18.509392,4,walk-in,2026-02-25T19:49:52.581521,2026-02-25T19:49:52.581521,False,True,ED,discharge,2026-02-25T21:42:48.113415,0.0,118.49
P002599,2026-02-25T19:59:37.026372,3,walk-in,2026-02-25T20:06:08.490313,2026-02-25T20:06:08.490313,True,False,ED,discharge,2026-02-25T23:25:13.888924,0.0,205.61
P002600,2026-02-25T20:09:59.340434,3,walk-in,2026-02-25T20:19:11.204026,2026-02-25T20:19:11.204026,False,True,ED,discharge,2026-02-26T03:23:47.364345,0.0,433.8
P002601,2026-02-25T20:23:17.247038,4,walk-in,2026-02-25T20:26:28.166324,2026-02-25T20:26:28.166324,False,False,ED,discharge,2026-02-25T21:30:35.949844,0.0,67.31
P002602,2026-02-25T20:26:54.575535,2,walk-in,2026-02-25T20:31:37.283796,2026-02-25T20:31:37.283796,True,True,ED,discharge,2026-02-25T22:43:26.526432,0.0,136.53
P002603,2026-02-25T20:30:08.576718,2,ambulance,2026-02-25T20:38:47.947694,2026-02-25T20:38:47.947694,False,False,ED,admit,2026-02-25T22:41:56.955752,0.0,131.81
P002604,2026-02-25T20:42:29.411254,4,walk-in,2026-02-25T20:46:50.154398,2026-02-25T20:46:50.154398,False,False,ED,discharge,2026-02-25T22:40:29.079333,0.0,117.99
P002605,2026-02-25T20:45:55.545733,5,walk-in,2026-02-25T20:48:57.567072,2026-02-25T20:48:57.567072,False,False,ED,discharge,2026-02-25T21:25:08.483246,0.0,39.22
P002606,2026-02-25T20:48:24.232182,4,walk-in,2026-02-25T20:53:38.951453,2026-02-25T20:53:38.951453,False,False,ED,discharge,2026-02-25T22:16:49.240870,0.0,88.42
P002607,2026-02-25T20:51:19.315451,3,walk-in,2026-02-25T20:57:22.260393,2026-02-25T20:57:22.260393,True,False,ED,discharge,2026-02-25T22:57:22.260393,0.0,126.05
P002608,2026-02-25T21:04:34.877514,5,walk-in,2026-02-25T21:14:05.989829,2026-02-25T21:14:05.989829,False,False,ED,discharge,2026-02-25T22:22:10.217030,0.0,77.59
P002609,2026-02-25T21:05:49.563170,3,walk-in,2026-02-25T21:10:25.174748,2026-02-25T21:10:25.174748,True,False,ED,admit,2026-02-25T23:10:25.174748,0.0,124.59
P002610,2026-02-25T21:24:06.454876,4,walk-in,2026-02-25T21:32:23.525503,2026-02-25T21:32:23.525503,False,False,ED,discharge,2026-02-25T22:23:26.585042,0.0,59.34
P002611,2026-02-25T21:26:40.186279,3,walk-in,2026-02-25T21:29:58.325738,2026-02-25T21:29:58.325738,False,False,ED,admit,2026-02-26T08:04:42.381152,0.0,638.04
P002612,2026-02-25T21:36:19.632662,4,walk-in,2026-02-25T21:46:15.780073,2026-02-25T21:46:15.780073,False,False,ED,discharge,2026-02-25T23:14:57.395965,0.0,98.63
P002613,2026-02-25T21:40:15.984770,4,walk-in,2026-02-25T21:45:47.133797,2026-02-25T21:45:47.133797,False,False,ED,discharge,2026-02-25T23:19:19.725552,0.0,99.06
P002614,2026-02-25T21:40:55.050955,2,ambulance,2026-02-25T21:47:18.380014,2026-02-25T21:47:18.380014,False,False,ED,discharge,2026-02-26T00:16:44.245697,0.0,155.82
P002615,2026-02-25T21:51:53.709086,3,walk-in,2026-02-25T21:58:28.638235,2026-02-25T21:58:28.638235,False,False,ED,discharge,2026-02-26T02:47:48.670529,0.0,295.92
P002616,2026-02-25T22:03:54.110359,3,walk-in,2026-02-25T22:13:30.285157,2026-02-25T22:13:30.285157,False,False,ED,discharge,2026-02-26T00:59:19.979991,0.0,175.43
P002617,2026-02-25T22:05:30.119487,3,walk-in,2026-02-25T22:11:25.201676,2026-02-25T22:11:25.201676,False,False,ED,discharge,2026-02-26T01:09:36.472398,0.0,184.11
P002618,2026-02-25T22:06:38.167501,5,walk-in,2026-02-25T22:14:39.655566,2026-02-25T22:14:39.655566,False,False,ED,discharge,2026-02-25T22:43:52.873039,0.0,37.25
P002619,2026-02-25T22:56:08.393975,4,walk-in,2026-02-25T23:02:13.491027,2026-02-25T23:02:13.491027,False,False,ED,discharge,2026-02-26T00:56:28.167512,0.0,120.33
P002620,2026-02-25T23:19:49.051483,2,walk-in,2026-02-25T23:28:35.725572,2026-02-25T23:28:35.725572,True,True,ED,discharge,2026-02-26T04:37:57.032546,0.0,318.13
P002621,2026-02-25T23:35:10.200835,3,walk-in,2026-02-25T23:38:46.068407,2026-02-25T23:38:46.068407,False,False,ED,discharge,2026-02-26T10:32:56.562264,0.0,657.77
P002622,2026-02-25T23:37:52.672168,3,walk-in,2026-02-25T23:42:11.393334,2026-02-25T23:42:11.393334,False,False,ED,discharge,2026-02-26T02:57:31.400528,0.0,199.65
P002623,2026-02-25T23:44:12.705040,3,walk-in,2026-02-25T23:52:38.757680,2026-02-25T23:52:38.757680,True,True,ED,admit,2026-02-26T02:49:43.625810,0.0,185.52
P002624,2026-02-25T23:48:01.764731,3,walk-in,2026-02-25T23:56:32.513932,2026-02-25T23:56:32.513932,False,False,ED,admit,2026-02-26T07:24:27.089797,0.0,456.42
P002625,2026-02-26T00:10:00.186924,3,walk-in,2026-02-26T00:19:47.169231,2026-02-26T00:19:47.169231,False,True,ED,discharge,2026-02-26T04:49:04.492469,0.0,279.07
P002626,2026-02-26T00:16:07.149011,3,walk-in,2026-02-26T00:24:26.548365,2026-02-26T00:24:26.548365,False,False,ED,admit,2026-02-26T05:05:31.731668,0.0,289.41
P002627,2026-02-26T00:43:23.370601,4,walk-in,2026-02-26T00:47:25.660163,2026-02-26T00:47:25.660163,False,False,ED,discharge,2026-02-26T01:27:25.660163,0.0,44.04
P002628,2026-02-26T00:47:15.209042,4,walk-in,2026-02-26T00:56:58.409718,2026-02-26T00:56:58.409718,False,False,ED,discharge,2026-02-26T02:39:26.042850,0.0,112.18
P002629,2026-02-26T01:40:51.980214,4,walk-in,2026-02-26T01:44:44.847177,2026-02-26T01:44:44.847177,False,False,ED,discharge,2026-02-26T02:24:44.847177,0.0,43.88
P002630,2026-02-26T04:32:04.393637,4,walk-in,2026-02-26T04:39:05.981234,2026-02-26T04:39:05.981234,False,False,ED,discharge,2026-02-26T05:19:05.981234,0.0,47.03
P002631,2026-02-26T05:41:56.406182,3,walk-in,2026-02-26T05:47:50.890353,2026-02-26T05:47:50.890353,False,False,ED,admit,2026-02-26T12:42:17.820811,0.0,420.36
P002632,2026-02-26T05:52:06.397470,1,ambulance,2026-02-26T05:58:07.533477,2026-02-26T05:58:07.533477,False,False,ICU,admit,2026-02-26T09:34:31.450406,0.0,222.42
P002633,2026-02-26T06:02:28.778813,3,ambulance,2026-02-26T06:10:31.054035,2026-02-26T06:10:31.054035,True,False,ED,discharge,2026-02-26T09:17:40.470570,0.0,195.19
P002634,2026-02-26T06:28:49.928927,4,walk-in,2026-02-26T06:37:53.088343,2026-02-26T06:37:53.088343,False,False,ED,discharge,2026-02-26T07:19:07.864742,0.0,50.3
P002635,2026-02-26T06:48:05.179581,4,walk-in,2026-02-26T06:53:18.781115,2026-02-26T06:53:18.781115,False,False,ED,discharge,2026-02-26T08:29:48.072234,0.0,101.71
P002636,2026-02-26T07:02:39.425320,3,walk-in,2026-02-26T07:10:35.663694,2026-02-26T07:10:35.663694,True,False,ED,admit,2026-02-26T13:30:15.930105,0.0,387.61
P002637,2026-02-26T07:25:56.227688,3,walk-in,2026-02-26T07:33:17.456267,2026-02-26T07:33:17.456267,False,False,ED,admit,2026-02-26T10:09:50.945857,0.0,163.91
P002638,2026-02-26T08:14:56.783170,4,walk-in,2026-02-26T08:24:00.136268,2026-02-26T08:24:00.136268,False,False,ED,discharge,2026-02-26T09:29:59.703911,0.0,75.05
P002639,2026-02-26T08:28:15.241112,4,walk-in,2026-02-26T08:32:38.454879,2026-02-26T08:32:38.454879,False,False,ED,discharge,2026-02-26T09:55:33.656635,0.0,87.31
P002640,2026-02-26T08:29:07.535618,3,walk-in,2026-02-26T08:38:24.757027,2026-02-26T08:38:24.757027,False,True,ED,discharge,2026-02-26T13:16:23.456130,0.0,287.27
P002641,2026-02-26T08:36:04.644467,2,ambulance,2026-02-26T08:41:07.754978,2026-02-26T08:41:07.754978,True,True,ED,discharge,2026-02-26T11:22:34.444004,0.0,166.5
P002642,2026-02-26T08:48:07.780488,2,ambulance,2026-02-26T08:53:33.453602,2026-02-26T08:53:33.453602,True,True,ICU,admit,2026-02-26T12:18:15.879850,0.0,210.13
P002643,2026-02-26T08:51:53.598097,2,ambulance,2026-02-26T08:55:05.499771,2026-02-26T08:55:05.499771,False,True,ED,discharge,2026-02-26T10:59:48.503358,0.0,127.92
P002644,2026-02-26T08:52:44.332067,5,walk-in,2026-02-26T09:02:43.352172,2026-02-26T09:02:43.352172,False,False,ED,discharge,2026-02-26T09:43:08.779074,0.0,50.41
P002645,2026-02-26T08:54:34.168283,4,walk-in,2026-02-26T09:00:19.341794,2026-02-26T09:00:19.341794,True,False,ED,discharge,2026-02-26T10:59:22.195573,0.0,124.8
P002646,2026-02-26T09:00:48.228574,3,walk-in,2026-02-26T09:04:03.177770,2026-02-26T09:04:03.177770,False,False,ED,admit,2026-02-26T11:04:03.177770,0.0,123.25
P002647,2026-02-26T09:18:20.579780,4,walk-in,2026-02-26T09:27:32.668714,2026-02-26T09:27:32.668714,False,False,ED,discharge,2026-02-26T10:44:33.246591,0.0,86.21
P002648,2026-02-26T09:43:16.718119,5,walk-in,2026-02-26T09:50:35.635685,2026-02-26T09:50:35.635685,False,False,ED,discharge,2026-02-26T10:22:21.418768,0.0,39.08
P002649,2026-02-26T09:47:51.291760,3,walk-in,2026-02-26T09:51:42.227883,2026-02-26T09:51:42.227883,False,False,ED,discharge,2026-02-26T19:46:29.913547,0.0,598.64
P002650,2026-02-26T09:55:41.144823,3,walk-in,2026-02-26T10:04:33.900955,2026-02-26T10:04:33.900955,False,False,ED,admit,2026-02-26T13:17:57.744593,0.0,202.28
P002651,2026-02-26T10:09:53.545254,4,walk-in,2026-02-26T10:17:29.541168,2026-02-26T10:17:29.541168,False,False,ED,discharge,2026-02-26T12:59:53.032400,0.0,169.99
P002652,2026-02-26T10:13:35.636820,3,walk-in,2026-02-26T10:16:53.081748,2026-02-26T10:16:53.081748,True,False,ED,discharge,2026-02-26T21:03:59.274674,0.0,650.39
P002653,2026-02-26T10:24:54.188721,4,walk-in,2026-02-26T10:30:50.600023,2026-02-26T10:30:50.600023,False,False,ED,discharge,2026-02-26T11:31:06.168496,0.0,66.2
P002654,2026-02-26T10:25:37.597051,5,walk-in,2026-02-26T10:33:50.565473,2026-02-26T10:33:50.565473,False,False,ED,discharge,2026-02-26T10:59:14.585386,0.0,33.62
P002655,2026-02-26T10:29:53.841182,4,walk-in,2026-02-26T10:38:50.664415,2026-02-26T10:38:50.664415,False,False,ED,discharge,2026-02-26T11:24:06.976860,0.0,54.22
P002656,2026-02-26T10:31:51.825046,4,walk-in,2026-02-26T10:40:27.509495,2026-02-26T10:40:27.509495,False,False,ED,discharge,2026-02-26T11:57:57.470969,0.0,86.09
P002657,2026-02-26T10:39:49.175173,4,walk-in,2026-02-26T10:46:22.642765,2026-02-26T10:46:22.642765,False,False,ED,discharge,2026-02-26T12:25:01.469153,0.0,105.2
P002658,2026-02-26T10:42:18.115091,4,transfer,2026-02-26T10:49:41.753504,2026-02-26T10:49:41.753504,False,False,ED,discharge,2026-02-26T11:42:54.660028,0.0,60.61
P002659,2026-02-26T10:45:36.870160,4,walk-in,2026-02-26T10:51:57.895999,2026-02-26T10:51:57.895999,False,True,ED,discharge,2026-02-26T12:08:19.743988,0.0,82.71
P002660,2026-02-26T10:49:30.851935,4,walk-in,2026-02-26T10:57:13.608352,2026-02-26T10:57:13.608352,False,False,ED,discharge,2026-02-26T11:58:30.230299,0.0,68.99
P002661,2026-02-26T10:51:33.161017,3,walk-in,2026-02-26T10:54:40.612915,2026-02-26T10:54:40.612915,False,False,ED,discharge,2026-02-26T19:53:35.792166,0.0,542.04
P002662,2026-02-26T10:53:48.248632,3,walk-in,2026-02-26T11:02:59.657967,2026-02-26T11:02:59.657967,False,False,ED,discharge,2026-02-26T15:45:40.968285,0.0,291.88
P002663,2026-02-26T11:06:23.881727,4,walk-in,2026-02-26T11:11:23.185086,2026-02-26T11:11:23.185086,False,False,ED,discharge,2026-02-26T12:29:54.092466,0.0,83.5
P002664,2026-02-26T11:07:29.614622,5,walk-in,2026-02-26T11:14:05.957530,2026-02-26T11:14:05.957530,False,False,ED,discharge,2026-02-26T12:24:42.021780,0.0,77.21
P002665,2026-02-26T11:07:49.853073,3,walk-in,2026-02-26T11:13:48.347434,2026-02-26T11:13:48.347434,False,True,ED,discharge,2026-02-26T16:57:51.509117,0.0,350.03
P002666,2026-02-26T11:18:39.665540,3,walk-in,2026-02-26T11:22:17.215567,2026-02-26T11:22:17.215567,True,False,ED,discharge,2026-02-26T13:22:17.215567,0.0,123.63
P002667,2026-02-26T11:24:20.713613,2,walk-in,2026-02-26T11:28:17.288753,2026-02-26T11:28:17.288753,True,False,ED,discharge,2026-02-26T15:13:47.676661,0.0,229.45
P002668,2026-02-26T11:32:15.668650,4,walk-in,2026-02-26T11:36:57.289414,2026-02-26T11:36:57.289414,False,False,ED,discharge,2026-02-26T12:34:33.438043,0.0,62.3
P002669,2026-02-26T11:42:13.301329,2,walk-in,2026-02-26T11:51:05.954020,2026-02-26T11:51:05.954020,True,True,ED,admit,2026-02-26T18:17:11.363181,0.0,394.97
P002670,2026-02-26T11:53:39.577669,4,walk-in,2026-02-26T11:59:17.056046,2026-02-26T11:59:17.056046,False,False,ED,discharge,2026-02-26T15:01:17.157319,0.0,187.63
P002671,2026-02-26T11:56:10.752547,3,walk-in,2026-02-26T11:59:23.919843,2026-02-26T11:59:23.919843,False,False,ED,discharge,2026-02-26T14:00:21.465118,0.0,124.18
P002672,2026-02-26T11:57:52.799454,4,walk-in,2026-02-26T12:04:05.263466,2026-02-26T12:04:05.263466,False,False,ED,discharge,2026-02-26T13:02:53.402875,0.0,65.01
P002673,2026-02-26T11:58:27.935521,3,walk-in,2026-02-26T12:07:01.228360,2026-02-26T12:07:01.228360,True,False,ED,discharge,2026-02-26T16:51:04.069398,0.0,292.6
P002674,2026-02-26T12:12:39.645361,3,walk-in,2026-02-26T12:17:48.674989,2026-02-26T12:17:48.674989,False,False,ED,admit,2026-02-26T16:37:13.772514,0.0,264.57
P002675,2026-02-26T12:23:48.794692,3,walk-in,2026-02-26T12:30:47.413015,2026-02-26T12:30:47.413015,False,False,ED,discharge,2026-02-26T14:51:54.034497,0.0,148.09
P002676,2026-02-26T12:42:39.614303,3,walk-in,2026-02-26T12:46:21.520262,2026-02-26T12:46:21.520262,False,False,ED,discharge,2026-02-26T18:27:53.995906,0.0,345.24
P002677,2026-02-26T12:46:42.700821,4,walk-in,2026-02-26T12:50:06.089275,2026-02-26T12:50:06.089275,False,False,ED,discharge,2026-02-26T14:43:06.987293,0.0,116.4
P002678,2026-02-26T12:47:44.235469,4,walk-in,2026-02-26T12:56:40.398362,2026-02-26T12:56:40.398362,False,False,ED,discharge,2026-02-26T14:00:11.430383,0.0,72.45
P002679,2026-02-26T12:59:36.088383,4,walk-in,2026-02-26T13:04:26.294081,2026-02-26T13:04:26.294081,False,False,ED,discharge,2026-02-26T15:43:35.722793,0.0,163.99
P002680,2026-02-26T13:01:09.790095,2,walk-in,2026-02-26T13:04:28.036793,2026-02-26T13:04:28.036793,True,True,ED,discharge,2026-02-26T14:45:04.477043,0.0,103.91
P002681,2026-02-26T13:07:56.044063,3,walk-in,2026-02-26T13:16:20.000191,2026-02-26T13:16:20.000191,False,False,ED,discharge,2026-02-26T16:15:06.424208,0.0,187.17
P002682,2026-02-26T13:09:53.247305,2,walk-in,2026-02-26T13:15:08.890118,2026-02-26T13:15:08.890118,True,False,ED,admit,2026-02-26T17:51:38.021800,0.0,281.75
P002683,2026-02-26T13:14:32.784362,2,ambulance,2026-02-26T13:23:08.467149,2026-02-26T13:23:08.467149,True,False,ED,discharge,2026-02-26T15:40:05.643535,0.0,145.55
P002684,2026-02-26T13:17:51.206806,3,walk-in,2026-02-26T13:24:05.256719,2026-02-26T13:24:05.256719,False,True,ED,admit,2026-02-26T16:48:51.477235,0.0,211.0
P002685,2026-02-26T13:18:43.990050,5,walk-in,2026-02-26T13:21:57.247842,2026-02-26T13:21:57.247842,False,False,ED,discharge,2026-02-26T14:24:54.498480,0.0,66.18
P002686,2026-02-26T13:20:15.210411,4,walk-in,2026-02-26T13:27:16.186744,2026-02-26T13:27:16.186744,True,False,ED,discharge,2026-02-26T14:07:16.186744,0.0,47.02
P002687,2026-02-26T13:20:25.677051,4,walk-in,2026-02-26T13:27:24.178632,2026-02-26T13:27:24.178632,False,False,ED,discharge,2026-02-26T15:10:01.770151,0.0,109.6
P002688,2026-02-26T13:28:40.376115,4,walk-in,2026-02-26T13:36:16.642672,2026-02-26T13:36:16.642672,False,False,ED,discharge,2026-02-26T14:18:43.637535,0.0,50.05
P002689,2026-02-26T13:29:02.530136,4,walk-in,2026-02-26T13:34:04.105869,2026-02-26T13:34:04.105869,False,False,ED,discharge,2026-02-26T16:17:59.490230,0.0,168.95
P002690,2026-02-26T13:32:43.488961,2,walk-in,2026-02-26T13:41:42.545024,2026-02-26T13:41:42.545024,False,True,ED,admit,2026-02-26T19:33:51.698813,0.0,361.14
P002691,2026-02-26T13:38:39.350875,2,walk-in,2026-02-26T13:42:45.111272,2026-02-26T13:42:45.111272,False,False,ED,admit,2026-02-26T19:23:52.044209,0.0,345.21
P002692,2026-02-26T13:46:47.540567,3,ambulance,2026-02-26T13:55:00.373432,2026-02-26T13:55:00.373432,False,False,ED,discharge,2026-02-26T18:01:37.753760,0.0,254.84
P002693,2026-02-26T13:54:07.512708,3,walk-in,2026-02-26T14:00:20.196654,2026-02-26T14:00:20.196654,True,True,ED,admit,2026-02-26T19:05:35.801945,0.0,311.47
P002694,2026-02-26T14:00:34.141560,3,walk-in,2026-02-26T14:10:11.615253,2026-02-26T14:10:11.615253,True,False,ED,discharge,2026-02-26T16:29:10.984299,0.0,148.61
P002695,2026-02-26T14:02:46.392610,4,walk-in,2026-02-26T14:07:38.838812,2026-02-26T14:07:38.838812,False,False,ED,discharge,2026-02-26T15:23:46.549011,0.0,81.0
P002696,2026-02-26T14:05:25.238258,5,walk-in,2026-02-26T14:08:26.796442,2026-02-26T14:08:26.796442,False,False,ED,discharge,2026-02-26T15:26:06.999923,0.0,80.7
P002697,2026-02-26T14:09:30.424758,4,transfer,2026-02-26T14:14:31.775586,2026-02-26T14:14:31.775586,False,False,ED,discharge,2026-02-26T17:25:57.828906,0.0,196.46
P002698,2026-02-26T14:26:37.074287,3,walk-in,2026-02-26T14:32:46.460804,2026-02-26T14:32:46.460804,True,True,ED,discharge,2026-02-26T21:28:20.930152,0.0,421.73
P002699,2026-02-26T14:28:19.111218,3,walk-in,2026-02-26T14:33:00.514290,2026-02-26T14:33:00.514290,False,True,ED,discharge,2026-02-26T16:40:55.975509,0.0,132.61
P002700,2026-02-26T14:30:23.610279,3,walk-in,2026-02-26T14:35:38.900328,2026-02-26T14:35:38.900328,False,False,ED,discharge,2026-02-26T18:08:23.539879,0.0,218.0
P002701,2026-02-26T14:38:15.149892,3,transfer,2026-02-26T14:44:03.152290,2026-02-26T14:44:03.152290,False,False,ED,discharge,2026-02-26T17:02:51.935540,0.0,144.61
P002702,2026-02-26T14:45:46.437133,3,walk-in,2026-02-26T14:49:15.558413,2026-02-26T14:49:15.558413,True,False,ED,discharge,2026-02-26T16:57:17.525074,0.0,131.52
P002703,2026-02-26T14:56:19.864395,5,walk-in,2026-02-26T15:02:31.382254,2026-02-26T15:02:31.382254,False,False,ED,discharge,2026-02-26T16:27:54.720216,0.0,91.58
P002704,2026-02-26T14:57:52.049039,3,walk-in,2026-02-26T15:03:02.224812,2026-02-26T15:03:02.224812,True,False,ED,discharge,2026-02-26T17:56:30.003713,0.0,178.63
P002705,2026-02-26T15:11:51.734938,4,walk-in,2026-02-26T15:21:03.421141,2026-02-26T15:21:03.421141,False,False,ED,discharge,2026-02-26T18:17:41.379283,0.0,185.83
P002706,2026-02-26T15:20:33.388277,2,walk-in,2026-02-26T15:25:25.969078,2026-02-26T15:25:25.969078,True,False,ED,admit,2026-02-26T16:55:25.969078,0.0,94.88
P002707,2026-02-26T15:21:01.431207,4,walk-in,2026-02-26T15:25:36.960047,2026-02-26T15:25:36.960047,False,False,ED,discharge,2026-02-26T16:16:32.335179,0.0,55.52
P002708,2026-02-26T15:22:19.034484,3,walk-in,2026-02-26T15:26:55.135436,2026-02-26T15:26:55.135436,False,False,ED,admit,2026-02-26T18:35:05.833524,0.0,192.78
P002709,2026-02-26T15:23:32.286615,4,walk-in,2026-02-26T15:32:53.172647,2026-02-26T15:32:53.172647,False,False,ED,discharge,2026-02-26T16:37:52.115598,0.0,74.33
P002710,2026-02-26T15:27:37.092226,4,transfer,2026-02-26T15:32:07.158009,2026-02-26T15:32:07.158009,False,False,ED,discharge,2026-02-26T16:15:45.326418,0.0,48.14
P002711,2026-02-26T15:38:26.546687,4,walk-in,2026-02-26T15:48:24.215524,2026-02-26T15:48:24.215524,False,False,ED,discharge,2026-02-26T16:28:24.215524,0.0,49.96
P002712,2026-02-26T15:43:15.581953,3,walk-in,2026-02-26T15:52:45.801624,2026-02-26T15:52:45.801624,True,False,ED,discharge,2026-02-26T23:32:51.164715,0.0,469.59
P002713,2026-02-26T15:50:49.283936,4,walk-in,2026-02-26T16:00:36.578476,2026-02-26T16:00:36.578476,False,False,ED,discharge,2026-02-26T17:02:52.800214,0.0,72.06
P002714,2026-02-26T15:57:08.890809,2,walk-in,2026-02-26T16:07:05.124651,2026-02-26T16:07:05.124651,False,True,ED,admit,2026-02-26T18:33:04.655144,0.0,155.93
P002715,2026-02-26T16:02:31.355639,4,walk-in,2026-02-26T16:08:15.372748,2026-02-26T16:08:15.372748,False,False,ED,discharge,2026-02-26T17:13:56.020745,0.0,71.41
P002716,2026-02-26T16:02:54.816541,4,walk-in,2026-02-26T16:06:47.440607,2026-02-26T16:06:47.440607,False,False,ED,discharge,2026-02-26T17:21:40.769015,0.0,78.77
P002717,2026-02-26T16:09:00.226774,4,walk-in,2026-02-26T16:16:17.416104,2026-02-26T16:16:17.416104,False,False,ED,discharge,2026-02-26T17:29:14.072051,0.0,80.23
P002718,2026-02-26T16:10:40.142047,4,walk-in,2026-02-26T16:14:22.824263,2026-02-26T16:14:22.824263,False,False,ED,discharge,2026-02-26T18:06:58.320905,0.0,116.3
P002719,2026-02-26T16:12:58.202589,1,transfer,2026-02-26T16:20:09.908496,2026-02-26T16:20:09.908496,True,False,ICU,admit,2026-02-26T19:30:06.672363,0.0,197.14
P002720,2026-02-26T16:21:10.193851,3,transfer,2026-02-26T16:28:15.134162,2026-02-26T16:28:15.134162,True,False,ED,admit,2026-02-26T19:38:40.594912,0.0,197.51
P002721,2026-02-26T16:26:50.339344,2,ambulance,2026-02-26T16:36:18.384295,2026-02-26T16:36:18.384295,True,True,ICU,discharge,2026-02-27T02:36:18.384295,0.0,609.47
P002722,2026-02-26T16:57:03.439330,4,walk-in,2026-02-26T17:00:38.368290,2026-02-26T17:00:38.368290,False,False,ED,discharge,2026-02-26T19:30:22.760962,0.0,153.32
P002723,2026-02-26T17:14:08.283973,3,walk-in,2026-02-26T17:18:54.282934,2026-02-26T17:18:54.282934,False,False,ED,discharge,2026-02-26T22:11:24.246751,0.0,297.27
P002724,2026-02-26T17:17:32.476736,2,walk-in,2026-02-26T17:24:07.514127,2026-02-26T17:24:07.514127,False,True,ED,discharge,2026-02-26T21:45:07.119385,0.0,267.58
P002725,2026-02-26T17:31:13.015732,3,walk-in,2026-02-26T17:34:34.534005,2026-02-26T17:34:34.534005,False,False,ED,discharge,2026-02-27T00:34:55.137419,0.0,423.7
P002726,2026-02-26T17:39:21.900868,3,walk-in,2026-02-26T17:42:52.802943,2026-02-26T17:42:52.802943,True,False,ED,discharge,2026-02-26T19:42:52.802943,0.0,123.52
P002727,2026-02-26T17:39:42.599298,5,walk-in,2026-02-26T17:47:06.400053,2026-02-26T17:47:06.400053,False,False,ED,discharge,2026-02-26T18:22:43.047801,0.0,43.01
P002728,2026-02-26T17:46:47.708183,4,walk-in,2026-02-26T17:50:17.873295,2026-02-26T17:50:17.873295,False,False,ED,discharge,2026-02-26T19:43:45.625216,0.0,116.97
P002729,2026-02-26T18:10:25.252119,3,walk-in,2026-02-26T18:18:30.690833,2026-02-26T18:18:30.690833,False,False,ED,admit,2026-02-27T03:48:11.427626,0.0,577.77
P002730,2026-02-26T18:20:10.794299,3,ambulance,2026-02-26T18:24:30.419284,2026-02-26T18:24:30.419284,True,True,ED,discharge,2026-02-27T00:13:07.344141,0.0,352.94
P002731,2026-02-26T18:28:26.002036,3,walk-in,2026-02-26T18:37:49.487596,2026-02-26T18:37:49.487596,False,True,ED,discharge,2026-02-26T22:18:28.601712,0.0,230.04
P002732,2026-02-26T18:28:46.816586,3,walk-in,2026-02-26T18:32:15.258905,2026-02-26T18:32:15.258905,False,False,ED,discharge,2026-02-26T22:48:14.103229,0.0,259.45
P002733,2026-02-26T18:28:48.059243,4,walk-in,2026-02-26T18:37:59.973942,2026-02-26T18:37:59.973942,False,False,ED,discharge,2026-02-26T20:38:38.205924,0.0,129.84
P002734,2026-02-26T18:34:02.582212,3,walk-in,2026-02-26T18:42:57.782286,2026-02-26T18:42:57.782286,False,False,ED,discharge,2026-02-27T00:40:33.107290,0.0,366.51
P002735,2026-02-26T18:49:36.213059,3,walk-in,2026-02-26T18:57:56.089395,2026-02-26T18:57:56.089395,True,False,ED,discharge,2026-02-27T06:57:56.089395,0.0,728.33
P002736,2026-02-26T18:51:41.349179,3,walk-in,2026-02-26T18:58:29.043180,2026-02-26T18:58:29.043180,False,False,ED,discharge,2026-02-26T22:03:20.065658,0.0,191.65
P002737,2026-02-26T19:09:17.054674,4,walk-in,2026-02-26T19:12:36.514188,2026-02-26T19:12:36.514188,False,False,ED,discharge,2026-02-26T20:15:54.456111,0.0,66.62
P002738,2026-02-26T19:20:08.062741,3,walk-in,2026-02-26T19:27:17.472252,2026-02-26T19:27:17.472252,False,False,ED,admit,2026-02-27T03:35:43.012391,0.0,495.58
P002739,2026-02-26T19:36:48.180014,4,walk-in,2026-02-26T19:43:10.402340,2026-02-26T19:43:10.402340,False,False,ED,discharge,2026-02-26T20:53:56.207776,0.0,77.13
P002740,2026-02-26T19:38:51.322004,4,walk-in,2026-02-26T19:44:35.194872,2026-02-26T19:44:35.194872,False,False,ED,discharge,2026-02-26T21:21:55.754803,0.0,103.07
P002741,2026-02-26T19:57:04.307677,5,walk-in,2026-02-26T20:00:13.752355,2026-02-26T20:00:13.752355,False,False,ED,discharge,2026-02-26T20:42:57.041848,0.0,45.88
P002742,2026-02-26T19:57:39.631528,3,walk-in,2026-02-26T20:04:38.096569,2026-02-26T20:04:38.096569,False,False,ED,admit,2026-02-27T00:05:18.710945,0.0,247.65
P002743,2026-02-26T20:05:34.908118,4,walk-in,2026-02-26T20:14:23.751020,2026-02-26T20:14:23.751020,False,False,ED,discharge,2026-02-26T21:10:51.301652,0.0,65.27
P002744,2026-02-26T20:15:28.378718,2,walk-in,2026-02-26T20:20:21.540304,2026-02-26T20:20:21.540304,True,True,ED,discharge,2026-02-27T02:36:35.499916,0.0,381.12
P002745,2026-02-26T20:19:10.336700,5,walk-in,2026-02-26T20:23:42.072257,2026-02-26T20:23:42.072257,False,False,ED,discharge,2026-02-26T21:32:27.188939,0.0,73.28
P002746,2026-02-26T21:17:56.496208,2,walk-in,2026-02-26T21:24:49.852822,2026-02-26T21:24:49.852822,False,True,ED,discharge,2026-02-27T00:36:09.946523,0.0,198.22
P002747,2026-02-26T21:23:55.775934,4,walk-in,2026-02-26T21:33:37.397019,2026-02-26T21:33:37.397019,True,False,ED,discharge,2026-02-26T22:36:03.459256,0.0,72.13
P002748,2026-02-26T21:26:03.275762,4,walk-in,2026-02-26T21:32:19.137573,2026-02-26T21:32:19.137573,False,False,ED,discharge,2026-02-26T22:42:59.553320,0.0,76.94
P002749,2026-02-26T21:31:09.820516,5,walk-in,2026-02-26T21:37:48.935539,2026-02-26T21:37:48.935539,False,False,ED,discharge,2026-02-26T22:13:03.298446,0.0,41.89
P002750,2026-02-26T21:57:05.113873,3,walk-in,2026-02-26T22:01:22.348515,2026-02-26T22:01:22.348515,False,True,ED,admit,2026-02-27T00:01:22.348515,0.0,124.29
P002751,2026-02-26T22:04:00.563663,3,walk-in,2026-02-26T22:10:17.946984,2026-02-26T22:10:17.946984,False,True,ED,discharge,2026-02-27T04:45:24.706760,0.0,401.4
P002752,2026-02-26T22:21:54.588681,4,walk-in,2026-02-26T22:27:11.612480,2026-02-26T22:27:11.612480,False,False,ED,discharge,2026-02-27T00:52:58.853302,0.0,151.07
P002753,2026-02-26T22:22:35.010296,4,ambulance,2026-02-26T22:32:16.948220,2026-02-26T22:32:16.948220,False,True,ED,discharge,2026-02-26T23:38:37.501698,0.0,76.04
P002754,2026-02-26T22:26:59.867800,2,walk-in,2026-02-26T22:31:12.493451,2026-02-26T22:31:12.493451,False,True,ED,discharge,2026-02-27T05:09:08.872455,0.0,402.15
P002755,2026-02-26T22:30:27.679001,2,ambulance,2026-02-26T22:33:43.759259,2026-02-26T22:33:43.759259,False,False,ICU,discharge,2026-02-27T05:22:49.909196,0.0,412.37
P002756,2026-02-26T22:37:54.304240,4,walk-in,2026-02-26T22:42:17.250622,2026-02-26T22:42:17.250622,False,False,ED,discharge,2026-02-26T23:35:46.474293,0.0,57.87
P002757,2026-02-26T22:54:12.841133,4,walk-in,2026-02-26T23:03:54.655969,2026-02-26T23:03:54.655969,True,False,ED,discharge,2026-02-27T00:18:25.295258,0.0,84.21
P002758,2026-02-26T22:54:53.761454,4,walk-in,2026-02-26T23:00:35.674382,2026-02-26T23:00:35.674382,False,False,ED,discharge,2026-02-26T23:58:26.930928,0.0,63.55
P002759,2026-02-26T23:09:12.704981,4,walk-in,2026-02-26T23:14:09.653213,2026-02-26T23:14:09.653213,False,False,ED,discharge,2026-02-27T00:10:58.960663,0.0,61.77
P002760,2026-02-26T23:57:47.419946,2,walk-in,2026-02-27T00:02:49.282890,2026-02-27T00:02:49.282890,False,False,ICU,discharge,2026-02-27T04:20:56.484556,0.0,263.15
P002761,2026-02-27T00:07:46.538133,2,ambulance,2026-02-27T00:17:37.476439,2026-02-27T00:17:37.476439,False,False,ED,admit,2026-02-27T05:12:44.453290,0.0,304.97
P002762,2026-02-27T00:14:13.962926,3,walk-in,2026-02-27T00:22:05.852291,2026-02-27T00:22:05.852291,True,True,ED,discharge,2026-02-27T02:22:05.852291,0.0,127.86
P002763,2026-02-27T00:14:16.655422,3,walk-in,2026-02-27T00:20:07.969191,2026-02-27T00:20:07.969191,False,False,ED,discharge,2026-02-27T10:02:17.619558,0.0,588.02
P002764,2026-02-27T00:30:28.299841,3,walk-in,2026-02-27T00:35:39.177486,2026-02-27T00:35:39.177486,False,False,ED,discharge,2026-02-27T02:35:39.177486,0.0,125.18
P002765,2026-02-27T00:30:50.464373,3,walk-in,2026-02-27T00:39:36.326213,2026-02-27T00:39:36.326213,True,False,ED,admit,2026-02-27T11:57:56.288231,0.0,687.1
P002766,2026-02-27T00:54:15.083939,3,walk-in,2026-02-27T01:01:52.573508,2026-02-27T01:01:52.573508,False,True,ED,discharge,2026-02-27T08:47:35.134527,0.0,473.33
P002767,2026-02-27T01:14:34.892343,4,walk-in,2026-02-27T01:21:31.870529,2026-02-27T01:21:31.870529,False,False,ED,discharge,2026-02-27T02:15:33.121461,0.0,60.97
P002768,2026-02-27T02:04:56.841707,4,walk-in,2026-02-27T02:12:27.034002,2026-02-27T02:12:27.034002,False,True,ED,discharge,2026-02-27T05:00:33.443731,0.0,175.61
P002769,2026-02-27T02:24:39.863766,2,walk-in,2026-02-27T02:29:07.553513,2026-02-27T02:29:07.553513,True,True,ED,admit,2026-02-27T05:29:33.168589,0.0,184.89
P002770,2026-02-27T02:58:55.046423,2,ambulance,2026-02-27T03:03:11.621463,2026-02-27T03:03:11.621463,True,False,ED,discharge,2026-02-27T06:50:59.513414,0.0,232.07
P002771,2026-02-27T03:30:11.571609,4,walk-in,2026-02-27T03:38:22.637306,2026-02-27T03:38:22.637306,False,False,ED,discharge,2026-02-27T04:18:22.637306,0.0,48.18
P002772,2026-02-27T03:46:59.324743,2,walk-in,2026-02-27T03:51:33.543897,2026-02-27T03:51:33.543897,True,True,ED,discharge,2026-02-27T08:12:14.675871,0.0,265.26
P002773,2026-02-27T04:08:22.754759,4,walk-in,2026-02-27T04:15:56.749221,2026-02-27T04:15:56.749221,False,False,ED,discharge,2026-02-27T05:41:04.976474,0.0,92.7
P002774,2026-02-27T04:48:44.549861,3,walk-in,2026-02-27T04:55:10.767994,2026-02-27T04:55:10.767994,False,False,ED,discharge,2026-02-27T16:55:10.767994,0.0,726.44
P002775,2026-02-27T07:21:31.193238,3,walk-in,2026-02-27T07:29:08.491434,2026-02-27T07:29:08.491434,False,False,ED,discharge,2026-02-27T09:29:08.491434,0.0,127.62
P002776,2026-02-27T07:37:23.048182,5,walk-in,2026-02-27T07:44:25.355198,2026-02-27T07:44:25.355198,False,False,ED,discharge,2026-02-27T08:13:59.374112,0.0,36.61
P002777,2026-02-27T07:38:05.523502,4,walk-in,2026-02-27T07:43:57.031290,2026-02-27T07:43:57.031290,False,False,ED,discharge,2026-02-27T09:32:34.657327,0.0,114.49
P002778,2026-02-27T07:41:12.149880,3,walk-in,2026-02-27T07:46:03.563029,2026-02-27T07:46:03.563029,True,False,ED,discharge,2026-02-27T13:53:08.043044,0.0,371.93
P002779,2026-02-27T07:46:22.685175,3,walk-in,2026-02-27T07:51:07.940714,2026-02-27T07:51:07.940714,False,False,ED,discharge,2026-02-27T11:55:24.180076,0.0,249.02
P002780,2026-02-27T07:54:22.906809,4,walk-in,2026-02-27T07:59:17.392346,2026-02-27T07:59:17.392346,False,False,ED,discharge,2026-02-27T10:14:09.430829,0.0,139.78
P002781,2026-02-27T07:55:16.341126,4,walk-in,2026-02-27T08:01:26.920441,2026-02-27T08:01:26.920441,False,False,ED,discharge,2026-02-27T09:38:22.347476,0.0,103.1
P002782,2026-02-27T08:11:50.536526,4,walk-in,2026-02-27T08:20:25.129069,2026-02-27T08:20:25.129069,True,False,ED,discharge,2026-02-27T09:25:39.808646,0.0,73.82
P002783,2026-02-27T08:16:04.217944,3,ambulance,2026-02-27T08:20:26.485502,2026-02-27T08:20:26.485502,False,False,ED,discharge,2026-02-27T10:20:26.485502,0.0,124.37
P002784,2026-02-27T08:33:03.644349,3,walk-in,2026-02-27T08:39:51.598822,2026-02-27T08:39:51.598822,True,False,ED,discharge,2026-02-27T16:24:35.537360,0.0,471.53
P002785,2026-02-27T08:35:39.247907,3,walk-in,2026-02-27T08:44:31.255663,2026-02-27T08:44:31.255663,False,True,ED,discharge,2026-02-27T12:15:21.460677,0.0,219.7
P002786,2026-02-27T08:56:43.335028,2,ambulance,2026-02-27T09:05:03.270875,2026-02-27T09:05:03.270875,True,False,ED,admit,2026-02-27T16:50:17.962025,0.0,473.58
P002787,2026-02-27T09:21:50.876657,4,walk-in,2026-02-27T09:25:26.467802,2026-02-27T09:25:26.467802,False,False,ED,discharge,2026-02-27T10:40:39.111376,0.0,78.8
P002788,2026-02-27T09:35:01.925571,2,walk-in,2026-02-27T09:44:32.929612,2026-02-27T09:44:32.929612,True,True,ED,discharge,2026-02-27T13:08:25.792150,0.0,213.4
P002789,2026-02-27T09:36:40.406050,2,ambulance,2026-02-27T09:43:01.812187,2026-02-27T09:43:01.812187,False,False,ICU,discharge,2026-02-27T11:57:27.797621,0.0,140.79
P002790,2026-02-27T09:40:18.951930,2,ambulance,2026-02-27T09:46:17.304435,2026-02-27T09:46:17.304435,True,True,ED,discharge,2026-02-27T11:52:24.279007,0.0,132.09
P002791,2026-02-27T09:41:12.692817,3,walk-in,2026-02-27T09:44:35.250417,2026-02-27T09:44:35.250417,False,True,ED,discharge,2026-02-27T17:53:56.002150,0.0,492.72
P002792,2026-02-27T09:42:31.108306,1,ambulance,2026-02-27T09:45:52.526744,2026-02-27T09:45:52.526744,True,True,ICU,admit,2026-02-27T12:27:40.852999,0.0,165.16
P002793,2026-02-27T09:42:33.551670,3,walk-in,2026-02-27T09:48:52.444920,2026-02-27T09:48:52.444920,False,False,ED,discharge,2026-02-27T13:30:28.127406,0.0,227.91
P002794,2026-02-27T09:46:35.715519,3,walk-in,2026-02-27T09:56:31.413562,2026-02-27T09:56:31.413562,True,False,ED,discharge,2026-02-27T20:28:14.005015,0.0,641.64
P002795,2026-02-27T09:57:26.202020,4,walk-in,2026-02-27T10:05:00.862198,2026-02-27T10:05:00.862198,False,False,ED,discharge,2026-02-27T10:54:26.822366,0.0,57.01
P002796,2026-02-27T09:59:29.955340,3,walk-in,2026-02-27T10:09:24.816259,2026-02-27T10:09:24.816259,False,False,ED,discharge,2026-02-27T12:59:21.527912,0.0,179.86
P002797,2026-02-27T10:13:56.134492,4,walk-in,2026-02-27T10:21:37.093096,2026-02-27T10:21:37.093096,False,False,ED,discharge,2026-02-27T12:23:37.570757,0.0,129.69
P002798,2026-02-27T10:14:05.467444,4,walk-in,2026-02-27T10:19:07.990149,2026-02-27T10:19:07.990149,False,False,ED,discharge,2026-02-27T13:37:46.984995,0.0,203.69
P002799,2026-02-27T10:16:36.094867,3,walk-in,2026-02-27T10:23:53.391006,2026-02-27T10:23:53.391006,True,False,ED,discharge,2026-02-27T19:10:04.904850,0.0,533.48
P002800,2026-02-27T10:25:57.442654,4,walk-in,2026-02-27T10:33:45.868009,2026-02-27T10:33:45.868009,False,False,ED,discharge,2026-02-27T13:16:30.468211,0.0,170.55
P002801,2026-02-27T10:39:45.619048,4,walk-in,2026-02-27T10:48:07.684192,2026-02-27T10:48:07.684192,False,False,ED,discharge,2026-02-27T11:37:33.266802,0.0,57.79
P002802,2026-02-27T10:42:42.351364,3,walk-in,2026-02-27T10:50:46.258049,2026-02-27T10:50:46.258049,False,True,ED,discharge,2026-02-27T13:05:37.959670,0.0,142.93
P002803,2026-02-27T10:43:51.014640,4,walk-in,2026-02-27T10:49:39.337096,2026-02-27T10:49:39.337096,False,True,ED,discharge,2026-02-27T11:44:47.231876,0.0,60.94
P002804,2026-02-27T10:46:01.395466,3,walk-in,2026-02-27T10:53:03.970167,2026-02-27T10:53:03.970167,False,False,ED,discharge,2026-02-27T15:01:25.961747,0.0,255.41
P002805,2026-02-27T10:55:16.441940,4,walk-in,2026-02-27T10:59:05.397139,2026-02-27T10:59:05.397139,False,False,ED,discharge,2026-02-27T12:46:51.651517,0.0,111.59
P002806,2026-02-27T10:57:49.827390,4,walk-in,2026-02-27T11:04:34.204883,2026-02-27T11:04:34.204883,False,False,ED,discharge,2026-02-27T11:44:34.204883,0.0,46.74
P002807,2026-02-27T11:01:05.370333,3,walk-in,2026-02-27T11:05:47.330737,2026-02-27T11:05:47.330737,False,False,ED,discharge,2026-02-27T13:06:09.340151,0.0,125.07
P002808,2026-02-27T11:06:37.149589,4,walk-in,2026-02-27T11:14:28.817190,2026-02-27T11:14:28.817190,False,False,ED,discharge,2026-02-27T14:23:40.576093,0.0,197.06
P002809,2026-02-27T11:22:05.320012,2,walk-in,2026-02-27T11:26:56.492847,2026-02-27T11:26:56.492847,True,False,ED,discharge,2026-02-27T15:18:19.362669,0.0,236.23
P002810,2026-02-27T11:23:38.210210,1,transfer,2026-02-27T11:28:42.743027,2026-02-27T11:28:42.743027,False,False,ICU,admit,2026-02-27T16:03:32.130756,0.0,279.9
P002811,2026-02-27T11:26:15.358068,5,walk-in,2026-02-27T11:30:14.538722,2026-02-27T11:30:14.538722,False,False,ED,discharge,2026-02-27T12:03:10.018363,0.0,36.91
P002812,2026-02-27T11:30:26.579317,3,walk-in,2026-02-27T11:35:24.196477,2026-02-27T11:35:24.196477,False,True,ED,discharge,2026-02-27T15:42:24.799593,0.0,251.97
P002813,2026-02-27T11:37:36.028765,4,walk-in,2026-02-27T11:45:22.549794,2026-02-27T11:45:22.549794,False,False,ED,discharge,2026-02-27T14:06:44.935176,0.0,149.15
P002814,2026-02-27T11:38:33.750367,3,walk-in,2026-02-27T11:45:18.591213,2026-02-27T11:45:18.591213,False,False,ED,discharge,2026-02-27T16:45:00.040981,0.0,306.44
P002815,2026-02-27T11:39:57.575354,5,walk-in,2026-02-27T11:49:23.758165,2026-02-27T11:49:23.758165,False,False,ED,discharge,2026-02-27T12:25:16.662331,0.0,45.32
P002816,2026-02-27T11:41:31.691273,3,walk-in,2026-02-27T11:46:34.832777,2026-02-27T11:46:34.832777,False,False,ED,discharge,2026-02-27T15:35:03.221803,0.0,233.53
P002817,2026-02-27T11:41:53.271213,2,walk-in,2026-02-27T11:51:51.219672,2026-02-27T11:51:51.219672,False,False,ED,admit,2026-02-27T16:17:26.769853,0.0,275.56
P002818,2026-02-27T11:45:56.979133,5,walk-in,2026-02-27T11:53:47.306576,2026-02-27T11:53:47.306576,False,False,ED,discharge,2026-02-27T12:18:02.980063,0.0,32.1
P002819,2026-02-27T11:47:36.425876,4,walk-in,2026-02-27T11:56:52.667179,2026-02-27T11:56:52.667179,False,True,ED,discharge,2026-02-27T16:56:52.667179,0.0,309.27
P002820,2026-02-27T11:52:13.317805,5,walk-in,2026-02-27T11:57:17.052311,2026-02-27T11:57:17.052311,False,False,ED,discharge,2026-02-27T12:37:01.261762,0.0,44.8
P002821,2026-02-27T11:54:03.929220,5,walk-in,2026-02-27T12:02:41.322541,2026-02-27T12:02:41.322541,False,False,ED,discharge,2026-02-27T12:55:18.736921,0.0,61.25
P002822,2026-02-27T11:57:14.167105,2,walk-in,2026-02-27T12:03:29.607372,2026-02-27T12:03:29.607372,False,True,ED,admit,2026-02-27T17:43:09.978974,0.0,345.93
P002823,2026-02-27T12:11:44.042776,3,walk-in,2026-02-27T12:15:38.868034,2026-02-27T12:15:38.868034,False,False,ED,discharge,2026-02-27T16:47:59.451589,0.0,276.26
P002824,2026-02-27T12:18:33.005222,3,walk-in,2026-02-27T12:27:12.544257,2026-02-27T12:27:12.544257,False,False,ED,discharge,2026-02-27T19:58:40.383635,0.0,460.12
P002825,2026-02-27T12:18:48.823105,3,walk-in,2026-02-27T12:27:56.044966,2026-02-27T12:27:56.044966,False,False,ED,discharge,2026-02-27T17:50:26.293213,0.0,331.62
P002826,2026-02-27T12:30:22.613620,4,walk-in,2026-02-27T12:38:15.995593,2026-02-27T12:38:15.995593,False,False,ED,discharge,2026-02-27T13:18:15.995593,0.0,47.89
P002827,2026-02-27T12:31:53.487176,3,walk-in,2026-02-27T12:39:46.208055,2026-02-27T12:39:46.208055,True,False,ED,discharge,2026-02-27T17:05:01.016907,0.0,273.13
P002828,2026-02-27T12:32:58.172186,3,walk-in,2026-02-27T12:38:15.135640,2026-02-27T12:38:15.135640,False,True,ED,discharge,2026-02-27T20:26:01.168924,0.0,473.05
P002829,2026-02-27T12:35:16.326953,3,walk-in,2026-02-27T12:44:50.346438,2026-02-27T12:44:50.346438,False,False,ED,discharge,2026-02-28T00:44:50.346438,0.0,729.57
P002830,2026-02-27T12:35:58.503725,2,walk-in,2026-02-27T12:44:48.859790,2026-02-27T12:44:48.859790,False,True,ED,admit,2026-02-27T14:38:32.071839,0.0,122.56
P002831,2026-02-27T12:42:14.847608,3,walk-in,2026-02-27T12:50:05.772811,2026-02-27T12:50:05.772811,False,False,ED,discharge,2026-02-27T14:54:17.464781,0.0,132.04
P002832,2026-02-27T12:43:50.908407,2,ambulance,2026-02-27T12:48:23.400509,2026-02-27T12:48:23.400509,False,False,ED,discharge,2026-02-27T18:09:44.711880,0.0,325.9
P002833,2026-02-27T12:54:02.358210,4,walk-in,2026-02-27T13:02:15.590914,2026-02-27T13:02:15.590914,False,False,ED,discharge,2026-02-27T13:56:13.153563,0.0,62.18
P002834,2026-02-27T12:54:22.056233,3,walk-in,2026-02-27T13:02:52.868407,2026-02-27T13:02:52.868407,False,False,ED,discharge,2026-02-28T00:25:20.367555,0.0,690.97
P002835,2026-02-27T12:56:12.057933,4,walk-in,2026-02-27T13:00:12.548493,2026-02-27T13:00:12.548493,False,False,ED,discharge,2026-02-27T16:22:15.148725,0.0,206.05
P002836,2026-02-27T13:04:25.114453,1,transfer,2026-02-27T13:10:48.023644,2026-02-27T13:10:48.023644,True,False,ICU,admit,2026-02-27T19:41:13.027072,0.0,396.8
P002837,2026-02-27T13:17:31.269090,4,walk-in,2026-02-27T13:22:04.452068,2026-02-27T13:22:04.452068,False,False,ED,discharge,2026-02-27T15:23:15.113728,0.0,125.73
P002838,2026-02-27T13:18:33.948119,5,walk-in,2026-02-27T13:24:55.690355,2026-02-27T13:24:55.690355,False,False,ED,discharge,2026-02-27T13:53:02.601650,0.0,34.48
P002839,2026-02-27T13:30:45.106297,3,walk-in,2026-02-27T13:39:07.289745,2026-02-27T13:39:07.289745,True,False,ED,discharge,2026-02-27T15:39:07.289745,0.0,128.37
P002840,2026-02-27T13:34:39.961571,4,walk-in,2026-02-27T13:44:15.399257,2026-02-27T13:44:15.399257,False,False,ED,discharge,2026-02-27T15:17:48.537845,0.0,103.14
P002841,2026-02-27T13:37:02.739522,5,walk-in,2026-02-27T13:46:25.611422,2026-02-27T13:46:25.611422,False,False,ED,discharge,2026-02-27T14:22:22.807400,0.0,45.33
P002842,2026-02-27T13:43:56.708578,5,walk-in,2026-02-27T13:49:18.564062,2026-02-27T13:49:18.564062,False,False,ED,discharge,2026-02-27T14:30:16.705263,0.0,46.33
P002843,2026-02-27T13:53:01.884702,3,walk-in,2026-02-27T13:59:14.309115,2026-02-27T13:59:14.309115,True,True,ED,admit,2026-02-27T16:36:55.543610,0.0,163.89
P002844,2026-02-27T13:57:26.285589,4,walk-in,2026-02-27T14:02:57.353337,2026-02-27T14:02:57.353337,False,False,ED,discharge,2026-02-27T14:48:29.807510,0.0,51.06
P002845,2026-02-27T14:10:37.805845,3,walk-in,2026-02-27T14:19:44.782333,2026-02-27T14:19:44.782333,False,True,ED,discharge,2026-02-27T21:24:19.058786,0.0,433.69
P002846,2026-02-27T14:10:51.768021,4,walk-in,2026-02-27T14:19:05.141739,2026-02-27T14:19:05.141739,False,False,ED,discharge,2026-02-27T15:28:01.850906,0.0,77.17
P002847,2026-02-27T14:22:33.459622,4,walk-in,2026-02-27T14:29:46.420439,2026-02-27T14:29:46.420439,False,False,ED,discharge,2026-02-27T15:11:05.263397,0.0,48.53
P002848,2026-02-27T14:23:45.332595,4,walk-in,2026-02-27T14:27:53.238567,2026-02-27T14:27:53.238567,False,False,ED,discharge,2026-02-27T16:29:55.045213,0.0,126.16
P002849,2026-02-27T14:26:34.636809,2,ambulance,2026-02-27T14:32:59.676483,2026-02-27T14:32:59.676483,True,False,ED,admit,2026-02-27T16:30:24.249289,0.0,123.83
P002850,2026-02-27T14:36:55.715510,2,walk-in,2026-02-27T14:41:30.378860,2026-02-27T14:41:30.378860,False,False,ICU,admit,2026-02-27T21:21:37.669899,0.0,404.7
P002851,2026-02-27T14:45:18.364888,2,walk-in,2026-02-27T14:49:18.752803,2026-02-27T14:49:18.752803,True,True,ED,admit,2026-02-27T21:08:13.416801,0.0,382.92
P002852,2026-02-27T14:47:57.554444,5,walk-in,2026-02-27T14:57:56.803310,2026-02-27T14:57:56.803310,True,False,ED,discharge,2026-02-27T15:35:01.393712,0.0,47.06
P002853,2026-02-27T14:49:42.020228,4,walk-in,2026-02-27T14:55:31.574305,2026-02-27T14:55:31.574305,True,False,ED,discharge,2026-02-27T16:41:21.841214,0.0,111.66
P002854,2026-02-27T14:55:10.571476,4,walk-in,2026-02-27T15:00:24.454932,2026-02-27T15:00:24.454932,False,False,ED,discharge,2026-02-27T15:48:44.061582,0.0,53.56
P002855,2026-02-27T14:59:02.781923,5,walk-in,2026-02-27T15:05:30.529638,2026-02-27T15:05:30.529638,False,False,ED,discharge,2026-02-27T16:16:00.221059,0.0,76.96
P002856,2026-02-27T15:11:35.898655,5,walk-in,2026-02-27T15:19:08.284735,2026-02-27T15:19:08.284735,False,False,ED,discharge,2026-02-27T15:52:28.750086,0.0,40.88
P002857,2026-02-27T15:38:09.459675,3,walk-in,2026-02-27T15:47:02.192906,2026-02-27T15:47:02.192906,False,False,ED,admit,2026-02-27T18:12:53.961668,0.0,154.74
P002858,2026-02-27T15:38:30.907056,4,walk-in,2026-02-27T15:47:29.268008,2026-02-27T15:47:29.268008,False,False,ED,discharge,2026-02-27T19:26:56.832781,0.0,228.43
P002859,2026-02-27T15:48:21.793136,4,walk-in,2026-02-27T15:56:47.226792,2026-02-27T15:56:47.226792,True,False,ED,discharge,2026-02-27T16:52:45.330735,0.0,64.39
P002860,2026-02-27T15:52:10.373896,4,walk-in,2026-02-27T15:57:16.109051,2026-02-27T15:57:16.109051,False,False,ED,discharge,2026-02-27T17:12:51.911940,0.0,80.69
P002861,2026-02-27T15:55:34.506861,4,walk-in,2026-02-27T16:01:53.412260,2026-02-27T16:01:53.412260,False,False,ED,discharge,2026-02-27T17:37:24.775440,0.0,101.84
P002862,2026-02-27T15:57:51.338247,4,walk-in,2026-02-27T16:01:50.766797,2026-02-27T16:01:50.766797,False,False,ED,discharge,2026-02-27T17:11:50.116318,0.0,73.98
P002863,2026-02-27T15:58:41.609590,2,ambulance,2026-02-27T16:08:38.256493,2026-02-27T16:08:38.256493,False,True,ED,admit,2026-02-27T18:46:14.840684,0.0,167.55
P002864,2026-02-27T16:05:15.947324,3,walk-in,2026-02-27T16:09:54.038990,2026-02-27T16:09:54.038990,False,False,ED,discharge,2026-02-27T20:14:16.370584,0.0,249.01
P002865,2026-02-27T16:07:59.372835,4,walk-in,2026-02-27T16:13:31.285748,2026-02-27T16:13:31.285748,False,False,ED,discharge,2026-02-27T18:04:42.014707,0.0,116.71
P002866,2026-02-27T16:19:17.568623,4,walk-in,2026-02-27T16:24:16.140135,2026-02-27T16:24:16.140135,False,False,ED,discharge,2026-02-27T19:11:40.270621,0.0,172.38
P002867,2026-02-27T16:19:51.652406,2,walk-in,2026-02-27T16:22:55.080058,2026-02-27T16:22:55.080058,True,False,ED,discharge,2026-02-28T00:51:00.700859,0.0,511.15
P002868,2026-02-27T16:29:19.700556,3,walk-in,2026-02-27T16:39:04.258262,2026-02-27T16:39:04.258262,False,False,ED,discharge,2026-02-27T20:06:41.353115,0.0,217.36
P002869,2026-02-27T16:34:03.690403,4,walk-in,2026-02-27T16:41:54.290309,2026-02-27T16:41:54.290309,False,False,ED,discharge,2026-02-27T18:15:35.560562,0.0,101.53
P002870,2026-02-27T16:34:20.286041,3,walk-in,2026-02-27T16:38:08.995346,2026-02-27T16:38:08.995346,True,True,ED,discharge,2026-02-28T02:15:46.344972,0.0,581.43
P002871,2026-02-27T16:44:53.405804,2,ambulance,2026-02-27T16:48:32.157916,2026-02-27T16:48:32.157916,True,True,ICU,discharge,2026-02-27T22:18:13.138915,0.0,333.33
P002872,2026-02-27T16:47:06.916188,5,walk-in,2026-02-27T16:53:55.831192,2026-02-27T16:53:55.831192,False,False,ED,discharge,2026-02-27T17:17:58.127298,0.0,30.85
P002873,2026-02-27T16:50:05.366363,2,walk-in,2026-02-27T16:57:49.328525,2026-02-27T16:57:49.328525,False,True,ED,discharge,2026-02-27T22:54:42.457042,0.0,364.62
P002874,2026-02-27T16:59:12.100360,3,walk-in,2026-02-27T17:06:07.967271,2026-02-27T17:06:07.967271,False,False,ED,admit,2026-02-28T00:48:43.086397,0.0,469.52
P002875,2026-02-27T17:05:12.982628,4,walk-in,2026-02-27T17:15:09.497136,2026-02-27T17:15:09.497136,False,False,ED,discharge,2026-02-27T19:57:20.657584,0.0,172.13
P002876,2026-02-27T17:07:19.808553,3,ambulance,2026-02-27T17:14:54.990299,2026-02-27T17:14:54.990299,False,False,ED,discharge,2026-02-28T00:31:22.975420,0.0,444.05
P002877,2026-02-27T17:07:47.656946,3,walk-in,2026-02-27T17:16:51.716211,2026-02-27T17:16:51.716211,True,False,ED,discharge,2026-02-28T00:04:49.646958,0.0,417.03
P002878,2026-02-27T17:08:07.575801,5,walk-in,2026-02-27T17:17:47.703666,2026-02-27T17:17:47.703666,False,False,ED,discharge,2026-02-27T17:50:39.983789,0.0,42.54
P002879,2026-02-27T17:13:27.149946,4,walk-in,2026-02-27T17:22:14.228008,2026-02-27T17:22:14.228008,False,False,ED,discharge,2026-02-27T18:45:03.513282,0.0,91.61
P002880,2026-02-27T17:14:58.148346,4,walk-in,2026-02-27T17:19:33.107679,2026-02-27T17:19:33.107679,False,False,ED,discharge,2026-02-27T17:59:33.107679,0.0,44.58
P002881,2026-02-27T17:28:03.849203,5,walk-in,2026-02-27T17:31:36.117518,2026-02-27T17:31:36.117518,False,False,ED,discharge,2026-02-27T18:42:58.624616,0.0,74.91
P002882,2026-02-27T17:28:15.196253,3,walk-in,2026-02-27T17:36:32.314368,2026-02-27T17:36:32.314368,False,False,ED,discharge,2026-02-27T21:54:11.770399,0.0,265.94
P002883,2026-02-27T17:43:49.881446,4,walk-in,2026-02-27T17:49:37.435146,2026-02-27T17:49:37.435146,False,True,ED,discharge,2026-02-27T18:32:05.181371,0.0,48.25
P002884,2026-02-27T17:49:49.240552,5,walk-in,2026-02-27T17:59:35.736739,2026-02-27T17:59:35.736739,False,False,ED,discharge,2026-02-27T19:09:19.172049,0.0,79.5
P002885,2026-02-27T17:52:41.500329,3,ambulance,2026-02-27T17:56:26.900208,2026-02-27T17:56:26.900208,False,False,ED,discharge,2026-02-28T03:23:02.384589,0.0,570.35
P002886,2026-02-27T17:57:16.729155,3,walk-in,2026-02-27T18:02:11.955426,2026-02-27T18:02:11.955426,True,False,ED,discharge,2026-02-27T22:31:23.811161,0.0,274.12
P002887,2026-02-27T17:57:43.219065,4,walk-in,2026-02-27T18:04:27.716100,2026-02-27T18:04:27.716100,False,False,ED,discharge,2026-02-27T19:58:57.392858,0.0,121.24
P002888,2026-02-27T18:00:25.175045,4,walk-in,2026-02-27T18:07:58.633107,2026-02-27T18:07:58.633107,False,False,ED,discharge,2026-02-27T19:59:31.582668,0.0,119.11
P002889,2026-02-27T18:04:19.356104,4,walk-in,2026-02-27T18:11:06.886600,2026-02-27T18:11:06.886600,False,False,ED,discharge,2026-02-27T19:00:59.228050,0.0,56.66
P002890,2026-02-27T18:06:40.165462,3,walk-in,2026-02-27T18:15:45.677507,2026-02-27T18:15:45.677507,True,False,ED,admit,2026-02-28T06:15:45.677507,0.0,729.09
P002891,2026-02-27T18:19:09.628674,5,walk-in,2026-02-27T18:23:18.967804,2026-02-27T18:23:18.967804,False,False,ED,discharge,2026-02-27T19:00:04.810269,0.0,40.92
P002892,2026-02-27T18:19:47.061217,4,walk-in,2026-02-27T18:25:33.540507,2026-02-27T18:25:33.540507,False,False,ED,discharge,2026-02-27T19:47:27.597218,0.0,87.68
P002893,2026-02-27T18:32:01.128342,3,walk-in,2026-02-27T18:37:34.047077,2026-02-27T18:37:34.047077,False,False,ED,discharge,2026-02-27T23:13:29.615820,0.0,281.47
P002894,2026-02-27T18:33:09.628125,4,walk-in,2026-02-27T18:38:01.242683,2026-02-27T18:38:01.242683,False,False,ED,discharge,2026-02-27T20:33:30.519249,0.0,120.35
P002895,2026-02-27T18:50:33.859985,3,walk-in,2026-02-27T18:56:39.611273,2026-02-27T18:56:39.611273,False,True,ED,discharge,2026-02-27T23:30:25.548864,0.0,279.86
P002896,2026-02-27T18:50:58.364363,4,walk-in,2026-02-27T18:59:24.390555,2026-02-27T18:59:24.390555,False,False,ED,discharge,2026-02-27T19:39:24.390555,0.0,48.43
P002897,2026-02-27T18:59:27.537125,4,walk-in,2026-02-27T19:02:58.067622,2026-02-27T19:02:58.067622,False,False,ED,discharge,2026-02-27T20:08:43.613879,0.0,69.27
P002898,2026-02-27T19:07:35.924959,4,walk-in,2026-02-27T19:11:07.898722,2026-02-27T19:11:07.898722,False,False,ED,discharge,2026-02-27T21:18:17.985107,0.0,130.7
P002899,2026-02-27T19:10:11.843031,4,walk-in,2026-02-27T19:15:39.109377,2026-02-27T19:15:39.109377,False,False,ED,discharge,2026-02-27T20:42:20.642697,0.0,92.15
P002900,2026-02-27T19:12:40.477214,3,walk-in,2026-02-27T19:21:37.180506,2026-02-27T19:21:37.180506,False,False,ED,admit,2026-02-27T21:21:37.180506,0.0,128.95
P002901,2026-02-27T19:18:21.825030,3,walk-in,2026-02-27T19:26:06.021618,2026-02-27T19:26:06.021618,False,False,ED,admit,2026-02-28T02:41:46.209584,0.0,443.41
P002902,2026-02-27T19:25:54.359143,3,walk-in,2026-02-27T19:31:52.435511,2026-02-27T19:31:52.435511,True,False,ED,discharge,2026-02-28T07:31:52.435511,0.0,725.97
P002903,2026-02-27T19:42:30.053823,2,walk-in,2026-02-27T19:46:32.984866,2026-02-27T19:46:32.984866,True,False,ED,admit,2026-02-28T03:06:05.966925,0.0,443.6
P002904,2026-02-27T20:00:30.790489,3,walk-in,2026-02-27T20:04:12.364048,2026-02-27T20:04:12.364048,False,False,ED,discharge,2026-02-28T01:37:13.618104,0.0,336.71
P002905,2026-02-27T20:02:20.313188,3,walk-in,2026-02-27T20:10:50.476683,2026-02-27T20:10:50.476683,True,False,ED,discharge,2026-02-27T23:08:43.215605,0.0,186.38
P002906,2026-02-27T20:08:43.921694,2,walk-in,2026-02-27T20:13:05.266745,2026-02-27T20:13:05.266745,True,False,ED,admit,2026-02-27T21:43:05.266745,0.0,94.36
P002907,2026-02-27T20:40:35.854054,4,walk-in,2026-02-27T20:46:28.836623,2026-02-27T20:46:28.836623,False,False,ED,discharge,2026-02-27T23:18:07.760668,0.0,157.53
P002908,2026-02-27T20:44:25.704876,2,ambulance,2026-02-27T20:51:07.334744,2026-02-27T20:51:07.334744,True,True,ED,admit,2026-02-28T05:49:27.055971,0.0,545.02
P002909,2026-02-27T21:16:50.747777,4,walk-in,2026-02-27T21:23:15.293733,2026-02-27T21:23:15.293733,False,False,ED,discharge,2026-02-27T22:28:33.535047,0.0,71.71
P002910,2026-02-27T21:39:12.503805,2,walk-in,2026-02-27T21:46:21.949275,2026-02-27T21:46:21.949275,True,True,ED,admit,2026-02-28T00:14:32.215929,0.0,155.33
P002911,2026-02-27T21:41:00.156087,2,walk-in,2026-02-27T21:48:52.769775,2026-02-27T21:48:52.769775,False,False,ED,admit,2026-02-28T02:18:13.355352,0.0,277.22
P002912,2026-02-27T21:46:34.656582,3,walk-in,2026-02-27T21:49:37.912595,2026-02-27T21:49:37.912595,True,False,ED,discharge,2026-02-28T09:23:32.539135,0.0,696.96
P002913,2026-02-27T21:47:34.680885,2,transfer,2026-02-27T21:52:00.652226,2026-02-27T21:52:00.652226,True,False,ED,discharge,2026-02-27T23:45:05.528190,0.0,117.51
P002914,2026-02-27T21:51:38.809011,3,walk-in,2026-02-27T21:56:50.287705,2026-02-27T21:56:50.287705,True,False,ED,discharge,2026-02-28T02:14:57.373157,0.0,263.31
P002915,2026-02-27T22:12:37.857274,4,walk-in,2026-02-27T22:20:39.598671,2026-02-27T22:20:39.598671,False,False,ED,discharge,2026-02-28T00:10:01.723348,0.0,117.4
P002916,2026-02-27T22:26:31.746905,1,ambulance,2026-02-27T22:36:09.043002,2026-02-27T22:36:09.043002,True,False,ICU,transfer,2026-02-28T00:30:06.864944,0.0,123.59
P002917,2026-02-27T22:27:06.838126,4,walk-in,2026-02-27T22:36:06.540787,2026-02-27T22:36:06.540787,False,False,ED,discharge,2026-02-27T23:27:52.470954,0.0,60.76
P002918,2026-02-27T22:34:13.584502,3,walk-in,2026-02-27T22:43:11.923182,2026-02-27T22:43:11.923182,True,False,ED,discharge,2026-02-28T04:39:09.034451,0.0,364.92
P002919,2026-02-27T23:05:17.747921,4,walk-in,2026-02-27T23:14:30.287311,2026-02-27T23:14:30.287311,False,False,ED,discharge,2026-02-28T00:18:34.999809,0.0,73.29
P002920,2026-02-27T23:06:32.850620,3,walk-in,2026-02-27T23:12:03.714639,2026-02-27T23:12:03.714639,False,False,ED,admit,2026-02-28T04:47:12.936645,0.0,340.67
P002921,2026-02-27T23:10:27.684463,3,walk-in,2026-02-27T23:15:22.730383,2026-02-27T23:15:22.730383,False,False,ED,discharge,2026-02-28T04:50:07.716162,0.0,339.67
P002922,2026-02-27T23:39:07.757068,3,walk-in,2026-02-27T23:47:13.836209,2026-02-27T23:47:13.836209,False,False,ED,discharge,2026-02-28T11:47:13.836209,0.0,728.1
P002923,2026-02-27T23:47:50.931509,3,walk-in,2026-02-27T23:51:21.584924,2026-02-27T23:51:21.584924,False,True,ED,discharge,2026-02-28T02:33:59.966124,0.0,166.15
P002924,2026-02-27T23:50:55.925659,5,walk-in,2026-02-27T23:56:02.218301,2026-02-27T23:56:02.218301,False,False,ED,discharge,2026-02-28T00:48:37.568413,0.0,57.69
P002925,2026-02-27T23:50:58.751592,3,walk-in,2026-02-27T23:58:00.907785,2026-02-27T23:58:00.907785,False,False,ED,discharge,2026-02-28T04:42:00.160445,0.0,291.02
P002926,2026-02-28T00:31:39.853742,2,walk-in,2026-02-28T00:34:52.451407,2026-02-28T00:34:52.451407,True,False,ED,admit,2026-02-28T03:41:41.431634,0.0,190.03
P002927,2026-02-28T00:58:38.076530,2,walk-in,2026-02-28T01:07:53.526710,2026-02-28T01:07:53.526710,False,False,ED,admit,2026-02-28T07:31:44.143392,0.0,393.1
P002928,2026-02-28T01:00:37.355482,3,walk-in,2026-02-28T01:05:28.245133,2026-02-28T01:05:28.245133,True,False,ED,discharge,2026-02-28T03:52:53.156349,0.0,172.26
P002929,2026-02-28T01:02:47.915345,3,walk-in,2026-02-28T01:11:01.616053,2026-02-28T01:11:01.616053,True,False,ED,discharge,2026-02-28T03:11:01.616053,0.0,128.23
P002930,2026-02-28T01:08:58.621279,3,walk-in,2026-02-28T01:18:38.588065,2026-02-28T01:18:38.588065,True,False,ED,admit,2026-02-28T04:07:02.858199,0.0,178.07
P002931,2026-02-28T01:11:52.179078,3,walk-in,2026-02-28T01:19:02.022223,2026-02-28T01:19:02.022223,True,True,ED,admit,2026-02-28T04:29:09.078519,0.0,197.28
P002932,2026-02-28T01:58:08.083948,3,walk-in,2026-02-28T02:04:46.951410,2026-02-28T02:04:46.951410,True,False,ED,discharge,2026-02-28T04:19:55.527361,0.0,141.79
P002933,2026-02-28T04:29:26.161096,3,ambulance,2026-02-28T04:34:32.016172,2026-02-28T04:34:32.016172,False,False,ED,discharge,2026-02-28T06:39:25.169005,0.0,129.98
P002934,2026-02-28T04:46:15.574452,3,walk-in,2026-02-28T04:55:25.737583,2026-02-28T04:55:25.737583,False,False,ED,discharge,2026-02-28T10:12:46.355630,0.0,326.51
P002935,2026-02-28T05:18:26.779899,5,walk-in,2026-02-28T05:25:28.092117,2026-02-28T05:25:28.092117,False,False,ED,discharge,2026-02-28T05:55:45.790715,0.0,37.32
P002936,2026-02-28T05:37:53.449146,5,walk-in,2026-02-28T05:44:49.921316,2026-02-28T05:44:49.921316,False,False,ED,discharge,2026-02-28T06:24:05.544639,0.0,46.2
P002937,2026-02-28T05:47:54.792463,3,walk-in,2026-02-28T05:52:25.795970,2026-02-28T05:52:25.795970,True,False,ED,admit,2026-02-28T09:52:55.619328,0.0,245.01
P002938,2026-02-28T07:21:08.890792,4,walk-in,2026-02-28T07:24:09.026751,2026-02-28T07:24:09.026751,False,False,ED,discharge,2026-02-28T08:43:52.580296,0.0,82.73
P002939,2026-02-28T07:24:53.401121,3,walk-in,2026-02-28T07:28:37.890889,2026-02-28T07:28:37.890889,False,True,ED,discharge,2026-02-28T10:55:42.407764,0.0,210.82
P002940,2026-02-28T07:31:25.553262,5,walk-in,2026-02-28T07:37:02.961896,2026-02-28T07:37:02.961896,False,False,ED,discharge,2026-02-28T08:41:05.041642,0.0,69.66
P002941,2026-02-28T07:56:58.119203,3,walk-in,2026-02-28T08:04:01.046528,2026-02-28T08:04:01.046528,True,False,ED,discharge,2026-02-28T10:04:01.046528,0.0,127.05
P002942,2026-02-28T07:59:52.568366,4,walk-in,2026-02-28T08:08:03.240271,2026-02-28T08:08:03.240271,False,False,ED,discharge,2026-02-28T10:57:03.439399,0.0,177.18
P002943,2026-02-28T08:00:42.059998,2,walk-in,2026-02-28T08:08:19.371002,2026-02-28T08:08:19.371002,True,True,ICU,discharge,2026-02-28T10:28:40.099577,0.0,147.97
P002944,2026-02-28T08:06:30.302470,3,walk-in,2026-02-28T08:15:21.245009,2026-02-28T08:15:21.245009,False,False,ED,discharge,2026-02-28T20:15:21.245009,0.0,728.85
P002945,2026-02-28T08:11:09.249409,5,walk-in,2026-02-28T08:17:35.215604,2026-02-28T08:17:35.215604,False,False,ED,discharge,2026-02-28T09:18:11.052084,0.0,67.03
P002946,2026-02-28T08:12:27.418711,2,walk-in,2026-02-28T08:17:24.787096,2026-02-28T08:17:24.787096,True,False,ICU,discharge,2026-02-28T14:41:07.312632,0.0,388.66
P002947,2026-02-28T08:17:21.716365,4,walk-in,2026-02-28T08:20:39.082766,2026-02-28T08:20:39.082766,True,False,ED,discharge,2026-02-28T09:53:56.797896,0.0,96.58
P002948,2026-02-28T08:22:03.536722,3,walk-in,2026-02-28T08:27:30.014478,2026-02-28T08:27:30.014478,True,False,ED,discharge,2026-02-28T11:51:34.800690,0.0,209.52
P002949,2026-02-28T08:27:53.943509,2,walk-in,2026-02-28T08:37:10.387961,2026-02-28T08:37:10.387961,False,False,ED,discharge,2026-02-28T12:08:26.586453,0.0,220.54
P002950,2026-02-28T08:31:58.044768,5,transfer,2026-02-28T08:39:06.646547,2026-02-28T08:39:06.646547,False,False,ED,discharge,2026-02-28T09:02:43.900170,0.0,30.76
P002951,2026-02-28T08:35:37.906449,2,ambulance,2026-02-28T08:42:30.740718,2026-02-28T08:42:30.740718,True,False,ED,admit,2026-02-28T15:25:05.958274,0.0,409.47
P002952,2026-02-28T08:41:42.879784,4,walk-in,2026-02-28T08:46:19.489167,2026-02-28T08:46:19.489167,False,False,ED,discharge,2026-02-28T09:38:50.342318,0.0,57.12
P002953,2026-02-28T08:42:29.124739,3,walk-in,2026-02-28T08:51:36.547728,2026-02-28T08:51:36.547728,False,False,ED,discharge,2026-02-28T15:16:32.294670,0.0,394.05
P002954,2026-02-28T08:45:03.471627,2,ambulance,2026-02-28T08:52:41.826609,2026-02-28T08:52:41.826609,False,False,ED,discharge,2026-02-28T14:22:32.352514,0.0,337.48
P002955,2026-02-28T08:48:23.994413,5,walk-in,2026-02-28T08:57:19.238166,2026-02-28T08:57:19.238166,False,False,ED,discharge,2026-02-28T09:28:15.988454,0.0,39.87
P002956,2026-02-28T09:00:36.392765,5,walk-in,2026-02-28T09:06:00.780333,2026-02-28T09:06:00.780333,False,False,ED,discharge,2026-02-28T09:43:32.053400,0.0,42.93
P002957,2026-02-28T09:02:07.242178,3,walk-in,2026-02-28T09:07:57.320426,2026-02-28T09:07:57.320426,True,True,ED,discharge,2026-02-28T12:49:24.696138,0.0,227.29
P002958,2026-02-28T09:02:11.704040,4,walk-in,2026-02-28T09:05:29.554520,2026-02-28T09:05:29.554520,False,False,ED,discharge,2026-02-28T10:24:38.746163,0.0,82.45
P002959,2026-02-28T09:05:11.548942,3,walk-in,2026-02-28T09:12:03.309500,2026-02-28T09:12:03.309500,True,False,ED,discharge,2026-02-28T12:22:08.434770,0.0,196.95
P002960,2026-02-28T09:08:23.326255,3,walk-in,2026-02-28T09:17:04.179369,2026-02-28T09:17:04.179369,False,False,ED,discharge,2026-02-28T21:17:04.179369,0.0,728.68
P002961,2026-02-28T09:08:47.890944,4,walk-in,2026-02-28T09:14:59.719025,2026-02-28T09:14:59.719025,False,False,ED,discharge,2026-02-28T10:16:11.161218,0.0,67.39
P002962,2026-02-28T09:12:40.416799,3,walk-in,2026-02-28T09:19:05.003659,2026-02-28T09:19:05.003659,True,False,ED,discharge,2026-02-28T11:19:05.003659,0.0,126.41
P002963,2026-02-28T09:13:59.597642,4,ambulance,2026-02-28T09:21:20.122815,2026-02-28T09:21:20.122815,False,False,ED,discharge,2026-02-28T11:07:16.076421,0.0,113.27
P002964,2026-02-28T09:28:08.502865,4,walk-in,2026-02-28T09:33:09.317868,2026-02-28T09:33:09.317868,False,False,ED,discharge,2026-02-28T10:41:43.479363,0.0,73.58
P002965,2026-02-28T09:29:33.240980,3,ambulance,2026-02-28T09:35:17.354349,2026-02-28T09:35:17.354349,False,False,ED,discharge,2026-02-28T17:25:23.115135,0.0,475.83
P002966,2026-02-28T09:36:13.382760,3,walk-in,2026-02-28T09:45:27.240302,2026-02-28T09:45:27.240302,False,False,ED,discharge,2026-02-28T13:31:09.465701,0.0,234.93
P002967,2026-02-28T09:37:14.606606,4,walk-in,2026-02-28T09:45:53.394600,2026-02-28T09:45:53.394600,False,False,ED,discharge,2026-02-28T10:28:28.032202,0.0,51.22
P002968,2026-02-28T09:40:27.009867,3,walk-in,2026-02-28T09:45:36.555304,2026-02-28T09:45:36.555304,False,False,ED,admit,2026-02-28T18:10:59.669056,0.0,510.54
P002969,2026-02-28T09:45:03.294734,4,walk-in,2026-02-28T09:53:33.456943,2026-02-28T09:53:33.456943,False,False,ED,discharge,2026-02-28T11:00:15.628073,0.0,75.21
P002970,2026-02-28T09:45:36.202784,3,walk-in,2026-02-28T09:48:55.020974,2026-02-28T09:48:55.020974,True,False,ED,admit,2026-02-28T15:12:01.824423,0.0,326.43
P002971,2026-02-28T09:50:42.564004,3,walk-in,2026-02-28T09:54:44.521419,2026-02-28T09:54:44.521419,True,False,ED,discharge,2026-02-28T18:11:30.003926,0.0,500.79
P002972,2026-02-28T09:55:53.117308,2,walk-in,2026-02-28T10:04:06.069743,2026-02-28T10:04:06.069743,True,False,ED,discharge,2026-02-28T17:59:10.147648,0.0,483.28
P002973,2026-02-28T09:58:46.878692,3,walk-in,2026-02-28T10:08:28.310469,2026-02-28T10:08:28.310469,True,False,ED,discharge,2026-02-28T12:13:22.815396,0.0,134.6
P002974,2026-02-28T09:59:34.473880,3,walk-in,2026-02-28T10:07:36.450534,2026-02-28T10:07:36.450534,False,False,ED,discharge,2026-02-28T19:19:18.889331,0.0,559.74
P002975,2026-02-28T09:59:34.887007,5,walk-in,2026-02-28T10:04:35.912105,2026-02-28T10:04:35.912105,False,False,ED,discharge,2026-02-28T10:48:48.213609,0.0,49.22
P002976,2026-02-28T10:10:18.589790,2,walk-in,2026-02-28T10:15:12.354120,2026-02-28T10:15:12.354120,True,False,ED,discharge,2026-02-28T13:44:33.848783,0.0,214.25
P002977,2026-02-28T10:12:03.825392,3,walk-in,2026-02-28T10:20:39.314326,2026-02-28T10:20:39.314326,True,True,ED,discharge,2026-02-28T18:18:58.975356,0.0,486.92
P002978,2026-02-28T10:13:08.833874,4,walk-in,2026-02-28T10:17:31.504356,2026-02-28T10:17:31.504356,False,False,ED,discharge,2026-02-28T11:20:28.404271,0.0,67.33
P002979,2026-02-28T10:16:16.751668,4,walk-in,2026-02-28T10:21:24.321161,2026-02-28T10:21:24.321161,False,False,ED,discharge,2026-02-28T12:06:35.901193,0.0,110.32
P002980,2026-02-28T10:23:55.045221,3,walk-in,2026-02-28T10:32:58.552649,2026-02-28T10:32:58.552649,False,False,ED,discharge,2026-02-28T14:02:31.366349,0.0,218.61
P002981,2026-02-28T10:28:35.864537,5,walk-in,2026-02-28T10:35:33.946610,2026-02-28T10:35:33.946610,False,False,ED,discharge,2026-02-28T11:10:26.929386,0.0,41.85
P002982,2026-02-28T10:31:12.673643,4,walk-in,2026-02-28T10:35:43.832286,2026-02-28T10:35:43.832286,False,False,ED,discharge,2026-02-28T12:45:13.264024,0.0,134.01
P002983,2026-02-28T10:45:04.417719,5,walk-in,2026-02-28T10:48:57.966289,2026-02-28T10:48:57.966289,False,False,ED,discharge,2026-02-28T11:44:13.595303,0.0,59.15
P002984,2026-02-28T10:49:55.195547,5,walk-in,2026-02-28T10:53:57.814928,2026-02-28T10:53:57.814928,False,False,ED,discharge,2026-02-28T11:35:42.600099,0.0,45.79
P002985,2026-02-28T11:04:28.151096,3,walk-in,2026-02-28T11:10:43.846355,2026-02-28T11:10:43.846355,False,False,ED,discharge,2026-02-28T16:08:44.205764,0.0,304.27
P002986,2026-02-28T11:07:56.556813,3,walk-in,2026-02-28T11:16:05.767826,2026-02-28T11:16:05.767826,True,False,ED,admit,2026-02-28T15:28:37.527321,0.0,260.68
P002987,2026-02-28T11:12:15.041578,3,walk-in,2026-02-28T11:17:54.511759,2026-02-28T11:17:54.511759,False,True,ED,discharge,2026-02-28T13:17:54.511759,0.0,125.66
P002988,2026-02-28T11:21:47.042267,4,walk-in,2026-02-28T11:25:20.235047,2026-02-28T11:25:20.235047,False,False,ED,discharge,2026-02-28T12:34:17.498221,0.0,72.51
P002989,2026-02-28T11:24:00.888615,4,walk-in,2026-02-28T11:32:01.937357,2026-02-28T11:32:01.937357,False,False,ED,discharge,2026-02-28T12:17:50.913806,0.0,53.83
P002990,2026-02-28T11:29:12.716675,2,walk-in,2026-02-28T11:32:27.192652,2026-02-28T11:32:27.192652,False,False,ED,admit,2026-02-28T18:16:38.039181,0.0,407.42
P002991,2026-02-28T11:34:53.954895,5,walk-in,2026-02-28T11:42:20.894440,2026-02-28T11:42:20.894440,False,False,ED,discharge,2026-02-28T12:44:34.371254,0.0,69.67
P002992,2026-02-28T11:42:47.838473,5,walk-in,2026-02-28T11:47:56.312738,2026-02-28T11:47:56.312738,False,False,ED,discharge,2026-02-28T12:25:24.372977,0.0,42.61
P002993,2026-02-28T11:51:32.776356,4,walk-in,2026-02-28T11:57:53.882814,2026-02-28T11:57:53.882814,False,False,ED,discharge,2026-02-28T13:23:49.742451,0.0,92.28
P002994,2026-02-28T11:55:26.309102,4,walk-in,2026-02-28T12:02:47.642027,2026-02-28T12:02:47.642027,False,False,ED,discharge,2026-02-28T14:00:37.579685,0.0,125.19
P002995,2026-02-28T12:01:10.303304,4,walk-in,2026-02-28T12:06:17.372025,2026-02-28T12:06:17.372025,False,False,ED,discharge,2026-02-28T13:24:15.848669,0.0,83.09
P002996,2026-02-28T12:03:23.421963,4,walk-in,2026-02-28T12:06:52.326062,2026-02-28T12:06:52.326062,False,False,ED,discharge,2026-02-28T12:50:30.855082,0.0,47.12
P002997,2026-02-28T12:03:33.354649,3,walk-in,2026-02-28T12:13:31.664259,2026-02-28T12:13:31.664259,False,True,ED,discharge,2026-02-28T14:22:06.797339,0.0,138.56
P002998,2026-02-28T12:23:29.173098,3,transfer,2026-02-28T12:28:01.401119,2026-02-28T12:28:01.401119,True,False,ED,discharge,2026-02-28T15:09:58.909279,0.0,166.5
P002999,2026-02-28T12:23:42.602016,5,walk-in,2026-02-28T12:27:49.876826,2026-02-28T12:27:49.876826,False,False,ED,discharge,2026-02-28T12:47:49.876826,0.0,24.12
P003000,2026-02-28T12:26:29.910403,3,walk-in,2026-02-28T12:30:19.327347,2026-02-28T12:30:19.327347,False,False,ED,admit,2026-02-28T14:55:27.174639,0.0,148.95
P003001,2026-02-28T12:27:27.873533,3,walk-in,2026-02-28T12:33:42.469478,2026-02-28T12:33:42.469478,False,False,ED,discharge,2026-02-28T17:10:38.616384,0.0,283.18
P003002,2026-02-28T12:32:56.768327,3,transfer,2026-02-28T12:41:16.942805,2026-02-28T12:41:16.942805,False,True,ED,discharge,2026-02-28T16:47:11.504474,0.0,254.25
P003003,2026-02-28T12:39:45.081052,4,walk-in,2026-02-28T12:49:41.918512,2026-02-28T12:49:41.918512,False,False,ED,discharge,2026-02-28T14:26:01.506144,0.0,106.27
P003004,2026-02-28T12:43:11.339118,4,walk-in,2026-02-28T12:52:12.000418,2026-02-28T12:52:12.000418,False,False,ED,discharge,2026-02-28T13:32:39.345772,0.0,49.47
P003005,2026-02-28T12:43:21.130860,4,walk-in,2026-02-28T12:47:17.269446,2026-02-28T12:47:17.269446,False,False,ED,discharge,2026-02-28T14:10:43.851672,0.0,87.38
P003006,2026-02-28T12:46:07.657450,4,walk-in,2026-02-28T12:56:06.943456,2026-02-28T12:56:06.943456,False,False,ED,discharge,2026-02-28T14:23:31.842863,0.0,97.4
P003007,2026-02-28T12:52:37.023389,3,transfer,2026-02-28T12:55:50.657238,2026-02-28T12:55:50.657238,True,False,ED,admit,2026-02-28T17:56:35.439378,0.0,303.97
P003008,2026-02-28T12:55:26.938483,3,walk-in,2026-02-28T13:04:07.714921,2026-02-28T13:04:07.714921,True,False,ED,discharge,2026-02-28T19:28:11.446677,0.0,392.74
P003009,2026-02-28T12:55:50.532922,4,walk-in,2026-02-28T13:04:51.822627,2026-02-28T13:04:51.822627,False,False,ED,discharge,2026-02-28T14:30:33.645918,0.0,94.72
P003010,2026-02-28T12:57:07.326918,3,walk-in,2026-02-28T13:00:44.433180,2026-02-28T13:00:44.433180,False,True,ED,discharge,2026-02-28T17:43:10.718448,0.0,286.06
P003011,2026-02-28T12:57:40.917903,3,walk-in,2026-02-28T13:05:03.803914,2026-02-28T13:05:03.803914,False,True,ED,discharge,2026-02-28T16:03:18.947873,0.0,185.63
P003012,2026-02-28T13:08:47.896168,5,walk-in,2026-02-28T13:16:10.574165,2026-02-28T13:16:10.574165,False,False,ED,discharge,2026-02-28T14:17:28.202451,0.0,68.67
P003013,2026-02-28T13:10:08.026774,3,walk-in,2026-02-28T13:19:35.013127,2026-02-28T13:19:35.013127,True,False,ED,discharge,2026-02-28T16:36:09.442690,0.0,206.02
P003014,2026-02-28T13:12:14.486042,3,walk-in,2026-02-28T13:18:52.746077,2026-02-28T13:18:52.746077,False,False,ED,discharge,2026-02-28T15:40:33.129030,0.0,148.31
P003015,2026-02-28T13:12:48.268955,3,walk-in,2026-02-28T13:21:14.003257,2026-02-28T13:21:14.003257,True,False,ED,admit,2026-02-28T16:06:07.499271,0.0,173.32
P003016,2026-02-28T13:14:47.807245,4,walk-in,2026-02-28T13:22:21.797283,2026-02-28T13:22:21.797283,False,False,ED,discharge,2026-02-28T14:30:27.438413,0.0,75.66
P003017,2026-02-28T13:16:04.446175,3,walk-in,2026-02-28T13:19:09.900321,2026-02-28T13:19:09.900321,False,False,ED,discharge,2026-02-28T17:52:56.834474,0.0,276.87
P003018,2026-02-28T13:17:11.029415,3,walk-in,2026-02-28T13:22:20.367680,2026-02-28T13:22:20.367680,False,False,ED,discharge,2026-02-28T16:58:03.874647,0.0,220.88
P003019,2026-02-28T13:32:47.832332,5,walk-in,2026-02-28T13:36:53.471554,2026-02-28T13:36:53.471554,False,False,ED,discharge,2026-02-28T15:05:20.868183,0.0,92.55
P003020,2026-02-28T13:49:55.079812,3,walk-in,2026-02-28T13:55:36.558645,2026-02-28T13:55:36.558645,False,False,ED,discharge,2026-02-28T21:56:16.098270,0.0,486.35
P003021,2026-02-28T13:52:14.997045,2,walk-in,2026-02-28T14:02:06.920616,2026-02-28T14:02:06.920616,False,False,ICU,admit,2026-02-28T20:33:10.220419,0.0,400.92
P003022,2026-02-28T14:09:36.574878,5,walk-in,2026-02-28T14:16:54.075567,2026-02-28T14:16:54.075567,False,False,ED,discharge,2026-02-28T14:59:15.439404,0.0,49.65
P003023,2026-02-28T14:19:13.386322,5,walk-in,2026-02-28T14:24:59.035775,2026-02-28T14:24:59.035775,True,False,ED,discharge,2026-02-28T15:16:33.729216,0.0,57.34
P003024,2026-02-28T14:21:30.149583,2,walk-in,2026-02-28T14:27:12.670228,2026-02-28T14:27:12.670228,True,False,ED,discharge,2026-02-28T19:53:28.681245,0.0,331.98
P003025,2026-02-28T14:21:38.108802,4,walk-in,2026-02-28T14:29:17.229483,2026-02-28T14:29:17.229483,False,False,ED,discharge,2026-02-28T15:29:03.354809,0.0,67.42
P003026,2026-02-28T14:23:08.312608,3,ambulance,2026-02-28T14:26:56.877846,2026-02-28T14:26:56.877846,False,False,ED,admit,2026-02-28T19:10:38.958153,0.0,287.51
P003027,2026-02-28T14:25:50.848998,4,walk-in,2026-02-28T14:34:30.366277,2026-02-28T14:34:30.366277,False,False,ED,discharge,2026-02-28T16:50:37.638181,0.0,144.78
P003028,2026-02-28T14:31:20.621075,3,walk-in,2026-02-28T14:40:24.964258,2026-02-28T14:40:24.964258,False,False,ED,admit,2026-02-28T18:12:29.941097,0.0,221.16
P003029,2026-02-28T14:35:02.642556,4,walk-in,2026-02-28T14:41:21.841308,2026-02-28T14:41:21.841308,False,False,ED,discharge,2026-02-28T15:21:21.841308,0.0,46.32
P003030,2026-02-28T14:35:08.001362,4,walk-in,2026-02-28T14:44:46.536278,2026-02-28T14:44:46.536278,False,False,ED,discharge,2026-02-28T16:17:02.686737,0.0,101.91
P003031,2026-02-28T14:36:48.992911,3,walk-in,2026-02-28T14:41:13.314026,2026-02-28T14:41:13.314026,False,False,ED,discharge,2026-03-01T00:02:27.401342,0.0,565.64
P003032,2026-02-28T14:51:54.834695,3,walk-in,2026-02-28T14:56:45.646561,2026-02-28T14:56:45.646561,False,False,ED,discharge,2026-02-28T16:56:45.646561,0.0,124.85
P003033,2026-02-28T14:53:14.481972,3,walk-in,2026-02-28T14:58:05.814620,2026-02-28T14:58:05.814620,False,True,ED,discharge,2026-02-28T16:58:05.814620,0.0,124.86
P003034,2026-02-28T14:55:18.913910,3,walk-in,2026-02-28T15:00:33.194747,2026-02-28T15:00:33.194747,True,False,ED,discharge,2026-02-28T17:00:33.194747,0.0,125.24
P003035,2026-02-28T14:59:00.399922,3,walk-in,2026-02-28T15:06:12.616553,2026-02-28T15:06:12.616553,True,False,ED,discharge,2026-02-28T19:08:13.263595,0.0,249.21
P003036,2026-02-28T14:59:08.835909,3,walk-in,2026-02-28T15:04:28.597696,2026-02-28T15:04:28.597696,True,False,ED,discharge,2026-02-28T17:04:28.597696,0.0,125.33
P003037,2026-02-28T15:17:44.852626,5,walk-in,2026-02-28T15:27:31.344326,2026-02-28T15:27:31.344326,False,False,ED,discharge,2026-02-28T16:19:47.631443,0.0,62.05
P003038,2026-02-28T15:20:11.334863,4,walk-in,2026-02-28T15:27:26.343144,2026-02-28T15:27:26.343144,False,False,ED,discharge,2026-02-28T17:53:45.824647,0.0,153.57
P003039,2026-02-28T15:20:26.293013,2,walk-in,2026-02-28T15:29:07.090436,2026-02-28T15:29:07.090436,True,True,ED,admit,2026-03-01T01:29:07.090436,0.0,608.68
P003040,2026-02-28T15:21:39.625579,1,transfer,2026-02-28T15:26:11.363409,2026-02-28T15:26:11.363409,False,False,ED,admit,2026-02-28T17:34:13.617110,0.0,132.57
P003041,2026-02-28T15:21:56.689127,2,walk-in,2026-02-28T15:25:55.973113,2026-02-28T15:25:55.973113,True,True,ED,admit,2026-02-28T18:00:24.489350,0.0,158.46
P003042,2026-02-28T15:27:01.087947,3,walk-in,2026-02-28T15:31:59.163663,2026-02-28T15:31:59.163663,False,False,ED,admit,2026-02-28T17:59:06.594691,0.0,152.09
P003043,2026-02-28T15:32:14.662151,3,walk-in,2026-02-28T15:35:30.346094,2026-02-28T15:35:30.346094,True,False,ED,discharge,2026-02-28T17:35:30.346094,0.0,123.26
P003044,2026-02-28T15:32:21.765711,3,walk-in,2026-02-28T15:39:31.512528,2026-02-28T15:39:31.512528,False,False,ED,discharge,2026-02-28T20:12:14.961687,0.0,279.89
P003045,2026-02-28T15:39:57.039192,4,walk-in,2026-02-28T15:43:34.330125,2026-02-28T15:43:34.330125,False,False,ED,discharge,2026-02-28T17:11:52.028650,0.0,91.92
P003046,2026-02-28T15:46:02.687303,3,walk-in,2026-02-28T15:55:52.923654,2026-02-28T15:55:52.923654,True,False,ED,discharge,2026-02-28T18:57:52.486784,0.0,191.83
P003047,2026-02-28T15:53:26.079082,3,walk-in,2026-02-28T15:58:05.223866,2026-02-28T15:58:05.223866,False,False,ED,admit,2026-02-28T20:35:21.563954,0.0,281.92
P003048,2026-02-28T15:54:49.339093,3,walk-in,2026-02-28T16:01:08.023633,2026-02-28T16:01:08.023633,False,False,ED,admit,2026-02-28T23:08:54.757537,0.0,434.09
P003049,2026-02-28T15:55:01.033811,3,walk-in,2026-02-28T16:02:30.391169,2026-02-28T16:02:30.391169,True,True,ED,discharge,2026-02-28T23:51:07.921931,0.0,476.11
P003050,2026-02-28T15:59:26.919913,3,walk-in,2026-02-28T16:02:52.314191,2026-02-28T16:02:52.314191,True,False,ED,discharge,2026-02-28T20:38:40.747375,0.0,279.23
P003051,2026-02-28T16:01:22.286129,2,ambulance,2026-02-28T16:05:38.866162,2026-02-28T16:05:38.866162,False,True,ICU,admit,2026-02-28T19:57:49.929980,0.0,236.46
P003052,2026-02-28T16:03:11.543922,3,walk-in,2026-02-28T16:10:42.279208,2026-02-28T16:10:42.279208,False,False,ED,discharge,2026-02-28T21:43:26.030241,0.0,340.24
P003053,2026-02-28T16:05:23.324117,5,walk-in,2026-02-28T16:10:07.677517,2026-02-28T16:10:07.677517,False,False,ED,discharge,2026-02-28T17:17:32.413677,0.0,72.15
P003054,2026-02-28T16:07:58.031405,3,walk-in,2026-02-28T16:11:16.876849,2026-02-28T16:11:16.876849,False,False,ED,discharge,2026-02-28T18:57:42.558760,0.0,169.74
P003055,2026-02-28T16:12:11.766367,2,walk-in,2026-02-28T16:15:28.914628,2026-02-28T16:15:28.914628,True,False,ED,admit,2026-02-28T18:05:26.966240,0.0,113.25
P003056,2026-02-28T16:13:17.210393,4,walk-in,2026-02-28T16:17:39.647023,2026-02-28T16:17:39.647023,True,False,ED,discharge,2026-02-28T17:26:24.323391,0.0,73.12
P003057,2026-02-28T16:14:28.231527,3,walk-in,2026-02-28T16:19:46.228091,2026-02-28T16:19:46.228091,True,False,ED,discharge,2026-03-01T00:08:31.178445,0.0,474.05
P003058,2026-02-28T16:17:41.842995,4,walk-in,2026-02-28T16:22:01.282725,2026-02-28T16:22:01.282725,False,False,ED,discharge,2026-02-28T17:12:14.061380,0.0,54.54
P003059,2026-02-28T16:31:04.373791,4,walk-in,2026-02-28T16:40:58.505612,2026-02-28T16:40:58.505612,False,False,ED,discharge,2026-02-28T18:01:07.244953,0.0,90.05
P003060,2026-02-28T16:34:14.300450,4,walk-in,2026-02-28T16:44:11.716284,2026-02-28T16:44:11.716284,False,False,ED,discharge,2026-02-28T17:36:28.056323,0.0,62.23
P003061,2026-02-28T16:37:34.678104,5,walk-in,2026-02-28T16:40:44.739196,2026-02-28T16:40:44.739196,False,False,ED,discharge,2026-02-28T17:14:51.333077,0.0,37.28
P003062,2026-02-28T16:43:38.125088,4,walk-in,2026-02-28T16:49:35.921813,2026-02-28T16:49:35.921813,False,False,ED,discharge,2026-02-28T17:47:21.440812,0.0,63.72
P003063,2026-02-28T16:43:38.943215,4,walk-in,2026-02-28T16:52:56.495038,2026-02-28T16:52:56.495038,False,False,ED,discharge,2026-02-28T17:55:52.630736,0.0,72.23
P003064,2026-02-28T16:45:49.368617,4,walk-in,2026-02-28T16:50:32.641454,2026-02-28T16:50:32.641454,False,False,ED,discharge,2026-02-28T18:33:58.151109,0.0,108.15
P003065,2026-02-28T16:49:44.790838,3,walk-in,2026-02-28T16:57:14.711006,2026-02-28T16:57:14.711006,True,False,ED,discharge,2026-03-01T00:40:48.515862,0.0,471.06
P003066,2026-02-28T16:57:50.227173,3,walk-in,2026-02-28T17:01:39.566675,2026-02-28T17:01:39.566675,False,False,ED,discharge,2026-02-28T19:01:39.566675,0.0,123.82
P003067,2026-02-28T17:00:40.105979,5,walk-in,2026-02-28T17:03:49.342472,2026-02-28T17:03:49.342472,False,False,ED,discharge,2026-02-28T17:51:51.311254,0.0,51.19
P003068,2026-02-28T17:04:56.962250,4,walk-in,2026-02-28T17:08:50.014624,2026-02-28T17:08:50.014624,False,False,ED,discharge,2026-02-28T18:39:38.020719,0.0,94.68
P003069,2026-02-28T17:10:03.881371,2,ambulance,2026-02-28T17:19:50.316878,2026-02-28T17:19:50.316878,False,True,ED,admit,2026-02-28T20:42:16.055177,0.0,212.2
P003070,2026-02-28T17:12:28.341759,3,walk-in,2026-02-28T17:19:40.343041,2026-02-28T17:19:40.343041,False,False,ED,discharge,2026-02-28T19:57:14.800418,0.0,164.77
P003071,2026-02-28T17:14:31.248407,3,walk-in,2026-02-28T17:21:59.244003,2026-02-28T17:21:59.244003,False,False,ED,discharge,2026-03-01T00:07:39.543242,0.0,413.14
P003072,2026-02-28T17:15:28.477517,4,walk-in,2026-02-28T17:22:04.869858,2026-02-28T17:22:04.869858,True,False,ED,discharge,2026-02-28T18:12:22.381684,0.0,56.9
P003073,2026-02-28T17:17:06.291702,5,walk-in,2026-02-28T17:22:30.475672,2026-02-28T17:22:30.475672,False,False,ED,discharge,2026-02-28T17:51:39.285348,0.0,34.55
P003074,2026-02-28T17:22:05.145528,4,walk-in,2026-02-28T17:27:27.293597,2026-02-28T17:27:27.293597,True,False,ED,discharge,2026-02-28T19:17:18.450342,0.0,115.22
P003075,2026-02-28T17:24:22.244157,4,walk-in,2026-02-28T17:31:42.885913,2026-02-28T17:31:42.885913,False,False,ED,discharge,2026-02-28T18:17:44.574031,0.0,53.37
P003076,2026-02-28T17:24:53.129308,4,walk-in,2026-02-28T17:31:28.378785,2026-02-28T17:31:28.378785,False,False,ED,discharge,2026-02-28T19:43:56.490036,0.0,139.06
P003077,2026-02-28T17:25:00.893728,4,walk-in,2026-02-28T17:28:58.110452,2026-02-28T17:28:58.110452,False,False,ED,discharge,2026-02-28T18:53:23.060834,0.0,88.37
P003078,2026-02-28T17:31:26.429181,4,walk-in,2026-02-28T17:36:58.096168,2026-02-28T17:36:58.096168,False,False,ED,discharge,2026-02-28T19:44:27.869427,0.0,133.02
P003079,2026-02-28T17:33:17.737835,3,walk-in,2026-02-28T17:39:52.265285,2026-02-28T17:39:52.265285,False,False,ED,discharge,2026-02-28T20:29:58.489746,0.0,176.68
P003080,2026-02-28T17:39:24.522246,3,walk-in,2026-02-28T17:45:34.373163,2026-02-28T17:45:34.373163,False,False,ED,admit,2026-02-28T19:58:59.690628,0.0,139.59
P003081,2026-02-28T17:40:07.091310,3,walk-in,2026-02-28T17:43:56.429535,2026-02-28T17:43:56.429535,True,False,ED,discharge,2026-02-28T21:25:27.162762,0.0,225.33
P003082,2026-02-28T17:40:58.079315,4,walk-in,2026-02-28T17:44:05.230599,2026-02-28T17:44:05.230599,True,False,ED,discharge,2026-02-28T18:24:05.230599,0.0,43.12
P003083,2026-02-28T17:41:13.499778,5,walk-in,2026-02-28T17:46:23.926404,2026-02-28T17:46:23.926404,False,False,ED,discharge,2026-02-28T19:14:48.915860,0.0,93.59
P003084,2026-02-28T17:43:56.786808,3,walk-in,2026-02-28T17:50:53.515549,2026-02-28T17:50:53.515549,False,False,ED,discharge,2026-02-28T20:06:22.946583,0.0,142.44
P003085,2026-02-28T17:46:10.624110,3,walk-in,2026-02-28T17:55:29.312021,2026-02-28T17:55:29.312021,False,False,ED,discharge,2026-02-28T21:39:11.236694,0.0,233.01
P003086,2026-02-28T17:46:14.801244,3,walk-in,2026-02-28T17:55:37.533207,2026-02-28T17:55:37.533207,False,False,ED,discharge,2026-03-01T05:37:56.159909,0.0,711.69
P003087,2026-02-28T17:50:34.010714,3,walk-in,2026-02-28T17:55:32.881966,2026-02-28T17:55:32.881966,False,True,ED,admit,2026-02-28T21:31:25.787006,0.0,220.86
P003088,2026-02-28T17:56:21.193665,4,walk-in,2026-02-28T18:01:20.019090,2026-02-28T18:01:20.019090,False,False,ED,discharge,2026-02-28T20:26:28.428894,0.0,150.12
P003089,2026-02-28T18:02:16.858112,4,walk-in,2026-02-28T18:11:05.785516,2026-02-28T18:11:05.785516,False,False,ED,discharge,2026-02-28T18:57:16.252181,0.0,54.99
P003090,2026-02-28T18:10:12.042679,3,walk-in,2026-02-28T18:19:59.479844,2026-02-28T18:19:59.479844,False,False,ED,discharge,2026-03-01T00:18:31.636748,0.0,368.33
P003091,2026-02-28T18:11:37.791543,3,walk-in,2026-02-28T18:20:06.365613,2026-02-28T18:20:06.365613,False,True,ED,discharge,2026-02-28T22:22:06.285399,0.0,250.47
P003092,2026-02-28T18:12:37.951620,4,walk-in,2026-02-28T18:17:02.339297,2026-02-28T18:17:02.339297,False,False,ED,discharge,2026-02-28T19:22:27.913553,0.0,69.83
P003093,2026-02-28T18:34:37.221796,3,walk-in,2026-02-28T18:42:00.035633,2026-02-28T18:42:00.035633,False,False,ED,discharge,2026-02-28T20:42:00.035633,0.0,127.38
P003094,2026-02-28T18:34:48.937107,4,walk-in,2026-02-28T18:43:54.480100,2026-02-28T18:43:54.480100,False,False,ED,discharge,2026-02-28T19:40:44.414628,0.0,65.92
P003095,2026-02-28T18:36:58.896210,5,walk-in,2026-02-28T18:43:48.351305,2026-02-28T18:43:48.351305,False,False,ED,discharge,2026-02-28T19:11:29.465905,0.0,34.51
P003096,2026-02-28T18:42:56.780747,4,walk-in,2026-02-28T18:48:31.938849,2026-02-28T18:48:31.938849,False,True,ED,discharge,2026-02-28T21:24:28.270884,0.0,161.52
P003097,2026-02-28T18:43:02.858691,4,walk-in,2026-02-28T18:50:47.562349,2026-02-28T18:50:47.562349,False,False,ED,discharge,2026-02-28T20:14:39.822213,0.0,91.62
P003098,2026-02-28T18:44:00.056697,1,ambulance,2026-02-28T18:48:39.262431,2026-02-28T18:48:39.262431,True,True,ICU,admit,2026-03-01T00:52:49.842236,0.0,368.83
P003099,2026-02-28T18:46:45.758672,5,walk-in,2026-02-28T18:54:04.032738,2026-02-28T18:54:04.032738,False,False,ED,discharge,2026-02-28T19:17:05.414261,0.0,30.33
P003100,2026-02-28T18:47:40.110705,3,walk-in,2026-02-28T18:55:54.157809,2026-02-28T18:55:54.157809,True,False,ED,discharge,2026-02-28T22:29:49.697734,0.0,222.16
P003101,2026-02-28T18:51:17.501307,3,walk-in,2026-02-28T18:54:56.437425,2026-02-28T18:54:56.437425,True,False,ED,discharge,2026-02-28T22:28:15.739150,0.0,216.97
P003102,2026-02-28T19:00:56.520653,3,walk-in,2026-02-28T19:04:09.114806,2026-02-28T19:04:09.114806,False,False,ED,discharge,2026-03-01T01:50:12.363926,0.0,409.26
P003103,2026-02-28T19:09:15.306917,4,walk-in,2026-02-28T19:15:17.626375,2026-02-28T19:15:17.626375,False,False,ED,discharge,2026-02-28T19:55:17.626375,0.0,46.04
P003104,2026-02-28T19:15:17.789749,3,walk-in,2026-02-28T19:20:12.292736,2026-02-28T19:20:12.292736,False,False,ED,discharge,2026-02-28T22:58:45.722129,0.0,223.47
P003105,2026-02-28T19:21:23.552035,3,walk-in,2026-02-28T19:27:04.841364,2026-02-28T19:27:04.841364,False,False,ED,admit,2026-02-28T22:59:11.903416,0.0,217.81
P003106,2026-02-28T19:43:40.832442,3,walk-in,2026-02-28T19:48:51.432447,2026-02-28T19:48:51.432447,True,False,ED,discharge,2026-02-28T22:21:37.487611,0.0,157.94
P003107,2026-02-28T19:48:43.466751,3,walk-in,2026-02-28T19:57:02.248596,2026-02-28T19:57:02.248596,False,False,ED,discharge,2026-02-28T23:20:17.935773,0.0,211.57
P003108,2026-02-28T19:52:47.067197,3,transfer,2026-02-28T19:59:25.198684,2026-02-28T19:59:25.198684,False,True,ED,discharge,2026-03-01T07:59:25.198684,0.0,726.64
P003109,2026-02-28T20:30:53.458712,2,walk-in,2026-02-28T20:34:54.734223,2026-02-28T20:34:54.734223,False,False,ED,discharge,2026-02-28T23:29:04.768003,0.0,178.19
P003110,2026-02-28T20:37:40.619099,2,walk-in,2026-02-28T20:42:15.772794,2026-02-28T20:42:15.772794,True,False,ED,admit,2026-02-28T23:24:21.503437,0.0,166.68
P003111,2026-02-28T20:42:41.541992,5,walk-in,2026-02-28T20:46:08.557162,2026-02-28T20:46:08.557162,False,False,ED,discharge,2026-02-28T21:50:14.414406,0.0,67.55
P003112,2026-02-28T20:45:32.171462,3,walk-in,2026-02-28T20:50:23.679509,2026-02-28T20:50:23.679509,False,False,ED,admit,2026-02-28T23:14:43.604729,0.0,149.19
P003113,2026-02-28T21:02:02.505638,3,walk-in,2026-02-28T21:09:40.794427,2026-02-28T21:09:40.794427,False,False,ED,discharge,2026-02-28T23:09:40.794427,0.0,127.64
P003114,2026-02-28T21:05:28.916569,4,ambulance,2026-02-28T21:14:41.327371,2026-02-28T21:14:41.327371,False,False,ED,discharge,2026-02-28T23:50:23.374356,0.0,164.91
P003115,2026-02-28T21:10:33.608677,4,walk-in,2026-02-28T21:15:23.286751,2026-02-28T21:15:23.286751,False,False,ED,discharge,2026-02-28T22:15:22.865452,0.0,64.82
P003116,2026-02-28T21:46:16.188971,3,walk-in,2026-02-28T21:56:00.283073,2026-02-28T21:56:00.283073,False,False,ED,discharge,2026-03-01T03:06:20.951320,0.0,320.08
P003117,2026-02-28T21:57:08.808397,2,ambulance,2026-02-28T22:07:00.696288,2026-02-28T22:07:00.696288,True,False,ED,admit,2026-03-01T03:33:29.935734,0.0,336.35
P003118,2026-02-28T22:06:26.792377,3,walk-in,2026-02-28T22:10:05.721452,2026-02-28T22:10:05.721452,False,False,ED,discharge,2026-03-01T04:02:48.121203,0.0,356.36
P003119,2026-02-28T22:14:01.713360,3,walk-in,2026-02-28T22:17:44.251682,2026-02-28T22:17:44.251682,True,False,ED,discharge,2026-03-01T03:36:38.175919,0.0,322.61
P003120,2026-02-28T22:23:49.926895,2,ambulance,2026-02-28T22:28:07.964969,2026-02-28T22:28:07.964969,True,False,ED,admit,2026-03-01T02:24:34.785193,0.0,240.75
P003121,2026-02-28T22:33:34.444292,4,walk-in,2026-02-28T22:42:33.211832,2026-02-28T22:42:33.211832,False,False,ED,discharge,2026-02-28T23:59:06.209901,0.0,85.53
P003122,2026-02-28T23:12:48.184893,1,ambulance,2026-02-28T23:22:40.500377,2026-02-28T23:22:40.500377,False,False,ICU,transfer,2026-03-01T03:27:51.955178,0.0,255.06
P003123,2026-02-28T23:13:32.765123,2,walk-in,2026-02-28T23:17:26.067175,2026-02-28T23:17:26.067175,True,True,ED,discharge,2026-03-01T05:07:41.715547,0.0,354.15
P003124,2026-02-28T23:27:41.207344,3,walk-in,2026-02-28T23:33:13.184134,2026-02-28T23:33:13.184134,False,False,ED,discharge,2026-03-01T01:33:13.184134,0.0,125.53
P003125,2026-02-28T23:29:39.164263,2,walk-in,2026-02-28T23:35:39.434347,2026-02-28T23:35:39.434347,False,False,ED,admit,2026-03-01T05:35:49.306571,0.0,366.17
P003126,2026-02-28T23:40:08.779330,3,walk-in,2026-02-28T23:47:32.334018,2026-02-28T23:47:32.334018,False,False,ED,discharge,2026-03-01T02:25:24.327620,0.0,165.26
P003127,2026-02-28T23:47:41.853908,2,ambulance,2026-02-28T23:54:51.896090,2026-02-28T23:54:51.896090,True,False,ICU,admit,2026-03-01T02:03:37.883064,0.0,135.93
P003128,2026-02-28T23:49:44.201089,4,walk-in,2026-02-28T23:55:57.359727,2026-02-28T23:55:57.359727,False,False,ED,discharge,2026-03-01T01:55:48.589712,0.0,126.07
P003129,2026-03-01T00:15:39.455037,3,walk-in,2026-03-01T00:22:34.037858,2026-03-01T00:22:34.037858,False,False,ED,discharge,2026-03-01T05:41:13.515994,0.0,325.57
P003130,2026-03-01T00:27:44.497374,3,walk-in,2026-03-01T00:34:44.143254,2026-03-01T00:34:44.143254,True,True,ED,discharge,2026-03-01T09:45:44.823430,0.0,558.01
P003131,2026-03-01T00:57:59.964890,3,walk-in,2026-03-01T01:06:33.115522,2026-03-01T01:06:33.115522,False,False,ED,admit,2026-03-01T07:35:52.219846,0.0,397.87
P003132,2026-03-01T01:36:07.769392,3,walk-in,2026-03-01T01:43:40.085874,2026-03-01T01:43:40.085874,False,False,ED,admit,2026-03-01T03:43:40.085874,0.0,127.54
P003133,2026-03-01T01:36:22.910144,2,walk-in,2026-03-01T01:39:54.059069,2026-03-01T01:39:54.059069,True,True,ED,admit,2026-03-01T05:25:22.601743,0.0,228.99
P003134,2026-03-01T02:04:07.766372,3,walk-in,2026-03-01T02:11:59.946699,2026-03-01T02:11:59.946699,True,False,ED,admit,2026-03-01T07:17:49.876957,0.0,313.7
P003135,2026-03-01T02:21:01.387880,2,walk-in,2026-03-01T02:27:37.926958,2026-03-01T02:27:37.926958,False,True,ED,discharge,2026-03-01T05:26:08.062228,0.0,185.11
P003136,2026-03-01T03:11:46.696871,3,walk-in,2026-03-01T03:17:42.133125,2026-03-01T03:17:42.133125,False,False,ED,admit,2026-03-01T11:06:32.957522,0.0,474.77
P003137,2026-03-01T04:14:31.035426,4,transfer,2026-03-01T04:23:09.801797,2026-03-01T04:23:09.801797,False,False,ED,discharge,2026-03-01T06:20:32.812186,0.0,126.03
P003138,2026-03-01T04:20:49.780621,3,walk-in,2026-03-01T04:28:19.931465,2026-03-01T04:28:19.931465,True,False,ED,discharge,2026-03-01T08:27:15.233991,0.0,246.42
P003139,2026-03-01T04:27:16.900629,3,walk-in,2026-03-01T04:33:35.956804,2026-03-01T04:33:35.956804,False,False,ED,discharge,2026-03-01T08:12:09.748218,0.0,224.88
P003140,2026-03-01T05:16:42.017306,5,ambulance,2026-03-01T05:25:39.353586,2026-03-01T05:25:39.353586,False,False,ED,discharge,2026-03-01T05:55:14.711707,0.0,38.54
P003141,2026-03-01T05:28:02.472147,4,walk-in,2026-03-01T05:32:07.834039,2026-03-01T05:32:07.834039,False,False,ED,discharge,2026-03-01T06:23:50.250368,0.0,55.8
P003142,2026-03-01T06:04:15.592792,5,walk-in,2026-03-01T06:09:24.401014,2026-03-01T06:09:24.401014,False,False,ED,discharge,2026-03-01T06:45:30.796696,0.0,41.25
P003143,2026-03-01T06:12:00.528917,3,walk-in,2026-03-01T06:15:22.877381,2026-03-01T06:15:22.877381,True,False,ED,admit,2026-03-01T14:19:05.963732,0.0,487.09
P003144,2026-03-01T06:22:42.326296,5,walk-in,2026-03-01T06:27:01.024392,2026-03-01T06:27:01.024392,False,False,ED,discharge,2026-03-01T07:03:23.595233,0.0,40.69
P003145,2026-03-01T06:40:15.688489,5,walk-in,2026-03-01T06:45:39.195182,2026-03-01T06:45:39.195182,False,False,ED,discharge,2026-03-01T07:36:02.453839,0.0,55.78
P003146,2026-03-01T06:45:52.759683,4,walk-in,2026-03-01T06:48:54.425412,2026-03-01T06:48:54.425412,False,False,ED,discharge,2026-03-01T07:56:53.001254,0.0,71.0
P003147,2026-03-01T07:05:20.568142,5,walk-in,2026-03-01T07:13:57.172206,2026-03-01T07:13:57.172206,False,False,ED,discharge,2026-03-01T07:48:46.716528,0.0,43.44
P003148,2026-03-01T07:07:50.583721,4,walk-in,2026-03-01T07:11:11.887700,2026-03-01T07:11:11.887700,False,False,ED,discharge,2026-03-01T08:46:57.532448,0.0,99.12
P003149,2026-03-01T07:22:42.928237,4,walk-in,2026-03-01T07:27:02.680278,2026-03-01T07:27:02.680278,True,False,ED,discharge,2026-03-01T08:47:16.926735,0.0,84.57
P003150,2026-03-01T07:22:59.057455,3,walk-in,2026-03-01T07:27:08.549760,2026-03-01T07:27:08.549760,False,False,ED,discharge,2026-03-01T10:59:45.248573,0.0,216.77
P003151,2026-03-01T07:33:47.405360,3,walk-in,2026-03-01T07:37:23.480849,2026-03-01T07:37:23.480849,False,False,ED,discharge,2026-03-01T12:15:15.103820,0.0,281.46
P003152,2026-03-01T07:36:24.450197,4,walk-in,2026-03-01T07:41:55.505910,2026-03-01T07:41:55.505910,False,False,ED,discharge,2026-03-01T10:49:39.257685,0.0,193.25
P003153,2026-03-01T07:43:36.978000,5,walk-in,2026-03-01T07:52:46.270764,2026-03-01T07:52:46.270764,False,False,ED,discharge,2026-03-01T08:27:08.775886,0.0,43.53
P003154,2026-03-01T07:46:15.847989,4,walk-in,2026-03-01T07:53:13.492230,2026-03-01T07:53:13.492230,False,False,ED,discharge,2026-03-01T08:56:20.142050,0.0,70.07
P003155,2026-03-01T08:02:09.947497,5,walk-in,2026-03-01T08:05:53.057993,2026-03-01T08:05:53.057993,False,False,ED,discharge,2026-03-01T08:44:57.990490,0.0,42.8
P003156,2026-03-01T08:06:29.782790,2,ambulance,2026-03-01T08:09:32.655526,2026-03-01T08:09:32.655526,True,False,ED,discharge,2026-03-01T11:15:22.831636,0.0,188.88
P003157,2026-03-01T08:16:55.213758,3,walk-in,2026-03-01T08:25:54.196442,2026-03-01T08:25:54.196442,False,False,ED,admit,2026-03-01T10:38:30.705809,0.0,141.59
P003158,2026-03-01T08:27:13.280977,4,walk-in,2026-03-01T08:33:22.375307,2026-03-01T08:33:22.375307,False,False,ED,discharge,2026-03-01T09:26:39.641355,0.0,59.44
P003159,2026-03-01T08:41:25.060950,4,walk-in,2026-03-01T08:51:08.410602,2026-03-01T08:51:08.410602,False,False,ED,discharge,2026-03-01T10:11:16.737735,0.0,89.86
P003160,2026-03-01T08:47:10.643037,4,walk-in,2026-03-01T08:56:45.231186,2026-03-01T08:56:45.231186,False,False,ED,discharge,2026-03-01T10:50:52.544509,0.0,123.7
P003161,2026-03-01T08:47:52.232546,2,walk-in,2026-03-01T08:57:34.001115,2026-03-01T08:57:34.001115,False,False,ED,discharge,2026-03-01T11:43:12.203945,0.0,175.33
P003162,2026-03-01T08:48:35.481363,3,walk-in,2026-03-01T08:52:23.226569,2026-03-01T08:52:23.226569,False,False,ED,discharge,2026-03-01T15:45:16.690435,0.0,416.69
P003163,2026-03-01T09:00:44.459880,2,walk-in,2026-03-01T09:09:53.145239,2026-03-01T09:09:53.145239,False,False,ED,admit,2026-03-01T13:30:47.297322,0.0,270.05
P003164,2026-03-01T09:05:11.212498,3,walk-in,2026-03-01T09:08:16.407837,2026-03-01T09:08:16.407837,True,False,ED,admit,2026-03-01T16:22:10.699699,0.0,436.99
P003165,2026-03-01T09:08:08.705231,3,walk-in,2026-03-01T09:12:50.637614,2026-03-01T09:12:50.637614,False,True,ED,discharge,2026-03-01T12:12:22.947817,0.0,184.24
P003166,2026-03-01T09:19:45.926534,4,walk-in,2026-03-01T09:24:32.244491,2026-03-01T09:24:32.244491,False,False,ED,discharge,2026-03-01T11:06:03.998710,0.0,106.3
P003167,2026-03-01T09:22:10.419317,4,walk-in,2026-03-01T09:30:17.750558,2026-03-01T09:30:17.750558,False,False,ED,discharge,2026-03-01T10:18:36.640631,0.0,56.44
P003168,2026-03-01T09:23:28.862600,4,walk-in,2026-03-01T09:32:51.032664,2026-03-01T09:32:51.032664,False,False,ED,discharge,2026-03-01T11:59:43.915006,0.0,156.25
P003169,2026-03-01T09:41:52.167411,5,walk-in,2026-03-01T09:45:48.486694,2026-03-01T09:45:48.486694,True,False,ED,discharge,2026-03-01T10:38:13.454570,0.0,56.35
P003170,2026-03-01T10:01:41.417031,4,walk-in,2026-03-01T10:10:31.092252,2026-03-01T10:10:31.092252,False,False,ED,discharge,2026-03-01T12:51:57.123278,0.0,170.26
P003171,2026-03-01T10:03:41.355605,4,walk-in,2026-03-01T10:10:08.435138,2026-03-01T10:10:08.435138,False,False,ED,discharge,2026-03-01T12:04:20.985390,0.0,120.66
P003172,2026-03-01T10:18:56.553145,3,walk-in,2026-03-01T10:24:22.022333,2026-03-01T10:24:22.022333,False,False,ED,discharge,2026-03-01T20:07:47.996705,0.0,588.86
P003173,2026-03-01T10:23:45.401366,3,transfer,2026-03-01T10:29:47.850185,2026-03-01T10:29:47.850185,False,False,ED,discharge,2026-03-01T14:19:56.177745,0.0,236.18
P003174,2026-03-01T10:26:57.388584,3,walk-in,2026-03-01T10:33:50.720044,2026-03-01T10:33:50.720044,True,False,ED,discharge,2026-03-01T13:14:19.794729,0.0,167.37
P003175,2026-03-01T10:27:03.013953,3,walk-in,2026-03-01T10:31:12.907012,2026-03-01T10:31:12.907012,False,False,ED,discharge,2026-03-01T14:28:40.948561,0.0,241.63
P003176,2026-03-01T10:27:55.664101,5,walk-in,2026-03-01T10:31:12.351370,2026-03-01T10:31:12.351370,False,False,ED,discharge,2026-03-01T11:51:56.236229,0.0,84.01
P003177,2026-03-01T10:44:59.554231,4,walk-in,2026-03-01T10:52:02.655799,2026-03-01T10:52:02.655799,True,False,ED,discharge,2026-03-01T11:44:21.490391,0.0,59.37
P003178,2026-03-01T11:00:27.778673,3,walk-in,2026-03-01T11:04:48.069723,2026-03-01T11:04:48.069723,True,False,ED,admit,2026-03-01T13:08:56.453614,0.0,128.48
P003179,2026-03-01T11:02:55.348408,5,ambulance,2026-03-01T11:09:16.732559,2026-03-01T11:09:16.732559,True,False,ED,discharge,2026-03-01T12:31:07.155853,0.0,88.2
P003180,2026-03-01T11:08:59.248129,4,walk-in,2026-03-01T11:16:15.205217,2026-03-01T11:16:15.205217,False,False,ED,discharge,2026-03-01T12:02:18.520790,0.0,53.32
P003181,2026-03-01T11:12:09.474671,3,walk-in,2026-03-01T11:16:49.300327,2026-03-01T11:16:49.300327,False,False,ED,discharge,2026-03-01T16:18:40.727096,0.0,306.52
P003182,2026-03-01T11:14:24.569276,4,walk-in,2026-03-01T11:21:16.596159,2026-03-01T11:21:16.596159,False,False,ED,discharge,2026-03-01T13:40:23.827440,0.0,145.99
P003183,2026-03-01T11:14:52.126811,3,walk-in,2026-03-01T11:19:11.476680,2026-03-01T11:19:11.476680,True,False,ED,discharge,2026-03-01T13:46:59.546214,0.0,152.12
P003184,2026-03-01T11:18:17.213509,4,walk-in,2026-03-01T11:26:06.494605,2026-03-01T11:26:06.494605,True,False,ED,discharge,2026-03-01T13:46:45.989987,0.0,148.48
P003185,2026-03-01T11:23:35.933513,3,walk-in,2026-03-01T11:33:26.410848,2026-03-01T11:33:26.410848,False,False,ED,discharge,2026-03-01T18:21:59.753558,0.0,418.4
P003186,2026-03-01T11:25:24.692479,4,walk-in,2026-03-01T11:30:45.465822,2026-03-01T11:30:45.465822,True,False,ED,discharge,2026-03-01T14:33:00.110240,0.0,187.59
P003187,2026-03-01T11:25:27.896640,3,walk-in,2026-03-01T11:33:22.762883,2026-03-01T11:33:22.762883,False,False,ED,admit,2026-03-01T13:33:22.762883,0.0,127.91
P003188,2026-03-01T11:35:40.654046,2,walk-in,2026-03-01T11:44:51.732321,2026-03-01T11:44:51.732321,False,True,ED,admit,2026-03-01T14:34:57.486115,0.0,179.28
P003189,2026-03-01T11:38:36.899349,2,walk-in,2026-03-01T11:45:17.957126,2026-03-01T11:45:17.957126,False,False,ED,admit,2026-03-01T15:10:22.996598,0.0,211.77
P003190,2026-03-01T11:47:44.666878,5,walk-in,2026-03-01T11:55:56.190782,2026-03-01T11:55:56.190782,False,False,ED,discharge,2026-03-01T12:43:41.633446,0.0,55.95
P003191,2026-03-01T11:48:57.436435,4,walk-in,2026-03-01T11:54:55.143303,2026-03-01T11:54:55.143303,False,False,ED,discharge,2026-03-01T13:03:27.629517,0.0,74.5
P003192,2026-03-01T11:49:31.105928,3,walk-in,2026-03-01T11:53:57.560615,2026-03-01T11:53:57.560615,False,True,ED,admit,2026-03-01T14:02:27.973506,0.0,132.95
P003193,2026-03-01T11:50:38.431660,2,walk-in,2026-03-01T11:59:00.507914,2026-03-01T11:59:00.507914,False,False,ED,discharge,2026-03-01T15:17:10.857461,0.0,206.54
P003194,2026-03-01T12:02:12.516477,2,walk-in,2026-03-01T12:08:56.186269,2026-03-01T12:08:56.186269,True,True,ED,discharge,2026-03-01T14:42:41.640390,0.0,160.49
P003195,2026-03-01T12:08:19.845258,4,walk-in,2026-03-01T12:12:14.020718,2026-03-01T12:12:14.020718,False,False,ED,discharge,2026-03-01T16:36:19.109850,0.0,267.99
P003196,2026-03-01T12:17:48.479960,2,ambulance,2026-03-01T12:24:25.954216,2026-03-01T12:24:25.954216,False,True,ED,discharge,2026-03-01T14:34:15.239618,0.0,136.45
P003197,2026-03-01T12:21:05.004079,3,walk-in,2026-03-01T12:26:03.254598,2026-03-01T12:26:03.254598,False,False,ED,discharge,2026-03-01T17:04:38.926076,0.0,283.57
P003198,2026-03-01T12:21:20.890238,4,walk-in,2026-03-01T12:26:18.534039,2026-03-01T12:26:18.534039,False,False,ED,discharge,2026-03-01T13:42:19.818745,0.0,80.98
P003199,2026-03-01T12:34:40.547586,2,walk-in,2026-03-01T12:43:46.278797,2026-03-01T12:43:46.278797,False,True,ED,admit,2026-03-01T15:08:53.527718,0.0,154.22
P003200,2026-03-01T12:35:06.965265,4,walk-in,2026-03-01T12:38:58.187924,2026-03-01T12:38:58.187924,False,False,ED,discharge,2026-03-01T13:42:58.724031,0.0,67.86
P003201,2026-03-01T12:38:23.235027,4,transfer,2026-03-01T12:46:10.780690,2026-03-01T12:46:10.780690,True,False,ED,discharge,2026-03-01T13:58:44.022288,0.0,80.35
P003202,2026-03-01T12:39:09.190663,5,walk-in,2026-03-01T12:43:03.990947,2026-03-01T12:43:03.990947,False,False,ED,discharge,2026-03-01T13:20:34.809497,0.0,41.43
P003203,2026-03-01T12:39:21.736557,4,walk-in,2026-03-01T12:46:14.549125,2026-03-01T12:46:14.549125,False,False,ED,discharge,2026-03-01T13:26:14.549125,0.0,46.88
P003204,2026-03-01T12:45:36.312956,3,walk-in,2026-03-01T12:51:12.160396,2026-03-01T12:51:12.160396,True,False,ED,discharge,2026-03-02T00:08:30.825709,0.0,682.91
P003205,2026-03-01T12:47:53.364836,2,transfer,2026-03-01T12:52:27.111529,2026-03-01T12:52:27.111529,True,False,ED,admit,2026-03-01T18:25:26.657550,0.0,337.55
P003206,2026-03-01T12:49:23.810237,3,ambulance,2026-03-01T12:54:55.533578,2026-03-01T12:54:55.533578,False,False,ED,admit,2026-03-01T15:02:01.305561,0.0,132.62
P003207,2026-03-01T12:50:26.043450,4,walk-in,2026-03-01T12:59:13.929117,2026-03-01T12:59:13.929117,False,False,ED,discharge,2026-03-01T14:51:25.841170,0.0,121.0
P003208,2026-03-01T13:01:55.441958,3,transfer,2026-03-01T13:09:31.516616,2026-03-01T13:09:31.516616,False,False,ED,discharge,2026-03-01T15:09:31.516616,0.0,127.6
P003209,2026-03-01T13:03:21.834160,3,walk-in,2026-03-01T13:08:41.043813,2026-03-01T13:08:41.043813,True,False,ED,discharge,2026-03-01T15:08:41.043813,0.0,125.32
P003210,2026-03-01T13:12:08.209250,3,walk-in,2026-03-01T13:20:10.732173,2026-03-01T13:20:10.732173,True,False,ED,discharge,2026-03-01T15:20:10.732173,0.0,128.04
P003211,2026-03-01T13:13:00.298377,3,walk-in,2026-03-01T13:18:13.102429,2026-03-01T13:18:13.102429,True,False,ED,admit,2026-03-01T15:24:58.878376,0.0,131.98
P003212,2026-03-01T13:21:47.182061,5,ambulance,2026-03-01T13:31:37.572945,2026-03-01T13:31:37.572945,False,False,ED,discharge,2026-03-01T14:05:41.211883,0.0,43.9
P003213,2026-03-01T13:25:06.671792,3,walk-in,2026-03-01T13:30:32.145227,2026-03-01T13:30:32.145227,False,False,ED,discharge,2026-03-01T20:42:38.519007,0.0,437.53
P003214,2026-03-01T13:25:34.557400,3,walk-in,2026-03-01T13:33:53.472268,2026-03-01T13:33:53.472268,True,False,ED,discharge,2026-03-01T16:43:43.426635,0.0,198.15
P003215,2026-03-01T13:41:51.578341,4,walk-in,2026-03-01T13:48:32.344328,2026-03-01T13:48:32.344328,False,False,ED,discharge,2026-03-01T14:28:32.344328,0.0,46.68
P003216,2026-03-01T13:44:02.673565,5,walk-in,2026-03-01T13:53:51.515454,2026-03-01T13:53:51.515454,False,False,ED,discharge,2026-03-01T14:30:03.304494,0.0,46.01
P003217,2026-03-01T13:46:44.608333,5,walk-in,2026-03-01T13:55:02.168939,2026-03-01T13:55:02.168939,False,False,ED,discharge,2026-03-01T14:42:31.651520,0.0,55.78
P003218,2026-03-01T13:52:51.388658,3,walk-in,2026-03-01T14:00:40.383363,2026-03-01T14:00:40.383363,False,False,ED,admit,2026-03-01T20:09:39.263519,0.0,376.8
P003219,2026-03-01T14:08:33.664181,2,walk-in,2026-03-01T14:13:44.126746,2026-03-01T14:13:44.126746,True,False,ED,admit,2026-03-01T17:05:37.837232,0.0,177.07
P003220,2026-03-01T14:13:46.690447,3,transfer,2026-03-01T14:17:39.645294,2026-03-01T14:17:39.645294,True,False,ED,discharge,2026-03-01T20:48:34.888316,0.0,394.8
P003221,2026-03-01T14:22:22.237349,3,walk-in,2026-03-01T14:25:28.819444,2026-03-01T14:25:28.819444,True,False,ED,discharge,2026-03-01T19:19:20.265260,0.0,296.97
P003222,2026-03-01T14:22:50.456069,2,walk-in,2026-03-01T14:26:10.198671,2026-03-01T14:26:10.198671,True,True,ED,admit,2026-03-01T19:46:03.236742,0.0,323.21
P003223,2026-03-01T14:28:14.522616,3,walk-in,2026-03-01T14:34:57.169488,2026-03-01T14:34:57.169488,False,False,ED,discharge,2026-03-01T19:02:18.814549,0.0,274.07
P003224,2026-03-01T14:29:36.890488,4,walk-in,2026-03-01T14:37:53.890817,2026-03-01T14:37:53.890817,False,False,ED,discharge,2026-03-01T16:17:22.051604,0.0,107.75
P003225,2026-03-01T14:30:45.117810,3,walk-in,2026-03-01T14:38:56.206041,2026-03-01T14:38:56.206041,False,False,ED,admit,2026-03-02T02:38:56.206041,0.0,728.18
P003226,2026-03-01T14:35:24.916805,3,walk-in,2026-03-01T14:40:23.570957,2026-03-01T14:40:23.570957,False,True,ED,discharge,2026-03-01T19:11:39.434907,0.0,276.24
P003227,2026-03-01T14:38:52.917013,5,walk-in,2026-03-01T14:43:36.850439,2026-03-01T14:43:36.850439,False,False,ED,discharge,2026-03-01T15:36:20.760652,0.0,57.46
P003228,2026-03-01T14:40:47.861405,2,walk-in,2026-03-01T14:44:57.602874,2026-03-01T14:44:57.602874,True,True,ED,admit,2026-03-01T19:59:42.730659,0.0,318.91
P003229,2026-03-01T14:48:52.494134,4,walk-in,2026-03-01T14:56:58.605779,2026-03-01T14:56:58.605779,False,False,ED,discharge,2026-03-01T16:29:51.573368,0.0,100.98
P003230,2026-03-01T14:49:07.592573,2,walk-in,2026-03-01T14:58:53.943559,2026-03-01T14:58:53.943559,False,True,ICU,admit,2026-03-01T21:45:28.390702,0.0,416.35
P003231,2026-03-01T14:59:42.091907,2,walk-in,2026-03-01T15:04:30.382382,2026-03-01T15:04:30.382382,False,True,ED,discharge,2026-03-01T20:32:35.896915,0.0,332.9
P003232,2026-03-01T15:18:24.821774,4,walk-in,2026-03-01T15:21:29.685500,2026-03-01T15:21:29.685500,True,False,ED,discharge,2026-03-01T17:06:04.950565,0.0,107.67
P003233,2026-03-01T15:22:14.071495,2,ambulance,2026-03-01T15:29:57.528155,2026-03-01T15:29:57.528155,True,False,ED,discharge,2026-03-02T00:02:17.213568,0.0,520.05
P003234,2026-03-01T15:22:25.737269,4,walk-in,2026-03-01T15:30:40.007638,2026-03-01T15:30:40.007638,False,False,ED,discharge,2026-03-01T17:54:12.571919,0.0,151.78
P003235,2026-03-01T15:28:23.049590,4,walk-in,2026-03-01T15:36:10.925743,2026-03-01T15:36:10.925743,False,False,ED,discharge,2026-03-01T18:12:27.779808,0.0,164.08
P003236,2026-03-01T15:31:38.573998,4,walk-in,2026-03-01T15:39:33.320127,2026-03-01T15:39:33.320127,False,False,ED,discharge,2026-03-01T17:20:19.527807,0.0,108.68
P003237,2026-03-01T15:47:15.489206,3,transfer,2026-03-01T15:53:04.109160,2026-03-01T15:53:04.109160,True,False,ED,discharge,2026-03-02T03:45:01.411545,0.0,717.77
P003238,2026-03-01T15:51:08.970840,3,walk-in,2026-03-01T15:59:52.122422,2026-03-01T15:59:52.122422,False,False,ED,discharge,2026-03-01T20:45:14.051258,0.0,294.08
P003239,2026-03-01T15:56:42.444050,4,walk-in,2026-03-01T16:03:17.138004,2026-03-01T16:03:17.138004,False,False,ED,discharge,2026-03-01T17:54:01.662501,0.0,117.32
P003240,2026-03-01T16:04:25.089838,5,walk-in,2026-03-01T16:11:02.595896,2026-03-01T16:11:02.595896,False,False,ED,discharge,2026-03-01T17:21:08.432390,0.0,76.72
P003241,2026-03-01T16:12:46.395082,2,walk-in,2026-03-01T16:22:00.921707,2026-03-01T16:22:00.921707,False,False,ED,discharge,2026-03-01T20:43:17.365598,0.0,270.52
P003242,2026-03-01T16:13:52.847196,4,walk-in,2026-03-01T16:19:23.261180,2026-03-01T16:19:23.261180,False,False,ED,discharge,2026-03-01T17:13:35.342636,0.0,59.71
P003243,2026-03-01T16:22:05.896213,4,walk-in,2026-03-01T16:29:12.562418,2026-03-01T16:29:12.562418,True,False,ED,discharge,2026-03-01T17:54:25.390567,0.0,92.32
P003244,2026-03-01T16:24:57.835278,1,ambulance,2026-03-01T16:34:04.826959,2026-03-01T16:34:04.826959,False,True,ICU,admit,2026-03-01T22:02:26.320589,0.0,337.47
P003245,2026-03-01T16:26:11.844101,4,walk-in,2026-03-01T16:32:40.516518,2026-03-01T16:32:40.516518,False,False,ED,discharge,2026-03-01T18:58:53.114307,0.0,152.69
P003246,2026-03-01T16:27:00.600373,5,walk-in,2026-03-01T16:34:34.954737,2026-03-01T16:34:34.954737,False,False,ED,discharge,2026-03-01T18:10:49.361814,0.0,103.81
P003247,2026-03-01T16:28:38.788702,2,walk-in,2026-03-01T16:37:18.915701,2026-03-01T16:37:18.915701,True,True,ED,admit,2026-03-01T20:50:31.335667,0.0,261.88
P003248,2026-03-01T16:37:20.636654,3,walk-in,2026-03-01T16:47:17.126427,2026-03-01T16:47:17.126427,False,False,ED,discharge,2026-03-01T19:42:23.106860,0.0,185.04
P003249,2026-03-01T16:37:46.129606,4,walk-in,2026-03-01T16:41:43.281494,2026-03-01T16:41:43.281494,False,False,ED,discharge,2026-03-01T17:43:09.645357,0.0,65.39
P003250,2026-03-01T16:41:25.133587,3,walk-in,2026-03-01T16:49:50.151207,2026-03-01T16:49:50.151207,True,False,ED,discharge,2026-03-01T21:24:38.642917,0.0,283.23
P003251,2026-03-01T16:44:21.176047,4,walk-in,2026-03-01T16:51:47.717042,2026-03-01T16:51:47.717042,False,False,ED,discharge,2026-03-01T19:44:12.684862,0.0,179.86
P003252,2026-03-01T16:46:31.987338,3,walk-in,2026-03-01T16:50:37.210861,2026-03-01T16:50:37.210861,False,False,ED,discharge,2026-03-01T18:50:37.210861,0.0,124.09
P003253,2026-03-01T16:53:31.411596,4,walk-in,2026-03-01T17:02:06.755734,2026-03-01T17:02:06.755734,False,False,ED,discharge,2026-03-01T18:23:54.911324,0.0,90.39
P003254,2026-03-01T16:58:05.943704,4,walk-in,2026-03-01T17:07:13.799268,2026-03-01T17:07:13.799268,False,False,ED,discharge,2026-03-01T17:47:13.799268,0.0,49.13
P003255,2026-03-01T16:59:25.761081,5,walk-in,2026-03-01T17:05:30.329612,2026-03-01T17:05:30.329612,False,False,ED,discharge,2026-03-01T17:51:50.003334,0.0,52.4
P003256,2026-03-01T17:04:09.081784,3,ambulance,2026-03-01T17:08:38.658234,2026-03-01T17:08:38.658234,False,False,ED,discharge,2026-03-01T23:29:31.486851,0.0,385.37
P003257,2026-03-01T17:10:38.797510,5,walk-in,2026-03-01T17:13:51.565190,2026-03-01T17:13:51.565190,False,False,ED,discharge,2026-03-01T18:13:27.280811,0.0,62.81
P003258,2026-03-01T17:11:21.136177,3,walk-in,2026-03-01T17:14:55.059108,2026-03-01T17:14:55.059108,False,False,ED,discharge,2026-03-01T21:40:54.437320,0.0,269.56
P003259,2026-03-01T17:14:20.327179,2,walk-in,2026-03-01T17:18:15.455104,2026-03-01T17:18:15.455104,False,True,ED,discharge,2026-03-01T21:13:55.525981,0.0,239.59
P003260,2026-03-01T17:50:31.125540,4,walk-in,2026-03-01T17:56:00.858548,2026-03-01T17:56:00.858548,False,False,ED,discharge,2026-03-01T20:11:48.257399,0.0,141.29
P003261,2026-03-01T17:52:45.410573,3,walk-in,2026-03-01T17:57:40.031725,2026-03-01T17:57:40.031725,True,False,ED,discharge,2026-03-01T21:12:27.377013,0.0,199.7
P003262,2026-03-01T17:54:21.307357,4,walk-in,2026-03-01T18:04:19.114777,2026-03-01T18:04:19.114777,False,False,ED,discharge,2026-03-01T18:44:19.114777,0.0,49.96
P003263,2026-03-01T17:54:31.537553,4,walk-in,2026-03-01T17:58:05.058485,2026-03-01T17:58:05.058485,False,False,ED,discharge,2026-03-01T20:08:23.488321,0.0,133.87
P003264,2026-03-01T17:58:04.340591,3,walk-in,2026-03-01T18:01:32.779729,2026-03-01T18:01:32.779729,True,False,ED,admit,2026-03-02T03:00:26.151451,0.0,542.36
P003265,2026-03-01T18:03:53.477554,4,walk-in,2026-03-01T18:13:41.402840,2026-03-01T18:13:41.402840,False,False,ED,discharge,2026-03-01T19:34:06.772225,0.0,90.22
P003266,2026-03-01T18:08:57.466998,5,walk-in,2026-03-01T18:12:44.254454,2026-03-01T18:12:44.254454,True,False,ED,discharge,2026-03-01T18:51:42.752665,0.0,42.75
P003267,2026-03-01T18:10:46.614837,2,walk-in,2026-03-01T18:20:41.635110,2026-03-01T18:20:41.635110,True,False,ED,admit,2026-03-01T21:47:43.434197,0.0,216.95
P003268,2026-03-01T18:20:27.632521,4,walk-in,2026-03-01T18:24:11.921664,2026-03-01T18:24:11.921664,True,False,ED,discharge,2026-03-01T22:34:52.526946,0.0,254.41
P003269,2026-03-01T18:36:35.321189,4,walk-in,2026-03-01T18:46:26.377230,2026-03-01T18:46:26.377230,False,False,ED,discharge,2026-03-01T19:41:26.046355,0.0,64.85
P003270,2026-03-01T18:37:41.088143,4,walk-in,2026-03-01T18:45:33.711321,2026-03-01T18:45:33.711321,False,False,ED,discharge,2026-03-01T20:22:29.901803,0.0,104.81
P003271,2026-03-01T18:43:21.657726,2,walk-in,2026-03-01T18:49:42.245142,2026-03-01T18:49:42.245142,False,False,ICU,discharge,2026-03-01T22:31:10.389138,0.0,227.81
P003272,2026-03-01T18:43:50.185198,4,walk-in,2026-03-01T18:48:05.780026,2026-03-01T18:48:05.780026,False,False,ED,discharge,2026-03-01T20:00:25.327225,0.0,76.59
P003273,2026-03-01T18:51:45.390230,2,walk-in,2026-03-01T18:59:06.076407,2026-03-01T18:59:06.076407,False,False,ED,discharge,2026-03-01T22:56:58.818500,0.0,245.22
P003274,2026-03-01T18:53:58.949676,2,walk-in,2026-03-01T19:02:30.564821,2026-03-01T19:02:30.564821,True,True,ICU,admit,2026-03-02T01:30:52.968512,0.0,396.9
P003275,2026-03-01T18:58:18.619560,3,ambulance,2026-03-01T19:05:32.723224,2026-03-01T19:05:32.723224,False,False,ED,admit,2026-03-01T22:04:50.133071,0.0,186.53
P003276,2026-03-01T18:58:44.820786,4,walk-in,2026-03-01T19:03:17.655519,2026-03-01T19:03:17.655519,True,False,ED,discharge,2026-03-01T19:46:10.836111,0.0,47.43
P003277,2026-03-01T19:00:10.433353,4,walk-in,2026-03-01T19:07:57.197499,2026-03-01T19:07:57.197499,False,False,ED,discharge,2026-03-01T21:01:56.117816,0.0,121.76
P003278,2026-03-01T19:10:31.921718,2,walk-in,2026-03-01T19:15:36.525638,2026-03-01T19:15:36.525638,False,False,ED,discharge,2026-03-01T21:24:40.217553,0.0,134.14
P003279,2026-03-01T19:25:06.972322,2,ambulance,2026-03-01T19:31:07.256712,2026-03-01T19:31:07.256712,True,False,ICU,discharge,2026-03-02T01:15:30.901198,0.0,350.4
P003280,2026-03-01T19:28:01.504459,2,walk-in,2026-03-01T19:37:47.915911,2026-03-01T19:37:47.915911,True,False,ED,discharge,2026-03-01T23:04:29.680654,0.0,216.47
P003281,2026-03-01T19:35:15.486109,3,walk-in,2026-03-01T19:39:00.025233,2026-03-01T19:39:00.025233,False,False,ED,discharge,2026-03-02T00:31:27.143537,0.0,296.19
P003282,2026-03-01T19:35:55.781862,5,walk-in,2026-03-01T19:45:15.567625,2026-03-01T19:45:15.567625,False,False,ED,discharge,2026-03-01T20:22:29.575415,0.0,46.56
P003283,2026-03-01T19:44:22.213820,5,walk-in,2026-03-01T19:53:37.864642,2026-03-01T19:53:37.864642,False,False,ED,discharge,2026-03-01T20:13:37.864642,0.0,29.26
P003284,2026-03-01T19:47:05.621180,4,walk-in,2026-03-01T19:56:22.937176,2026-03-01T19:56:22.937176,False,False,ED,discharge,2026-03-01T20:36:22.937176,0.0,49.29
P003285,2026-03-01T19:58:15.363760,3,walk-in,2026-03-01T20:04:18.800580,2026-03-01T20:04:18.800580,False,False,ED,discharge,2026-03-01T22:04:18.800580,0.0,126.06
P003286,2026-03-01T20:21:22.488045,3,walk-in,2026-03-01T20:28:25.694803,2026-03-01T20:28:25.694803,False,False,ED,discharge,2026-03-01T23:39:17.420440,0.0,197.92
P003287,2026-03-01T21:13:13.007713,4,walk-in,2026-03-01T21:16:59.003872,2026-03-01T21:16:59.003872,False,False,ED,discharge,2026-03-01T22:41:10.501763,0.0,87.96
P003288,2026-03-01T21:37:39.310238,2,walk-in,2026-03-01T21:47:31.824418,2026-03-01T21:47:31.824418,False,False,ICU,admit,2026-03-02T00:17:50.496571,0.0,160.19
P003289,2026-03-01T21:39:46.424244,4,walk-in,2026-03-01T21:43:15.098566,2026-03-01T21:43:15.098566,False,False,ED,discharge,2026-03-01T23:18:05.699568,0.0,98.32
P003290,2026-03-01T21:50:02.070770,5,walk-in,2026-03-01T21:59:21.232725,2026-03-01T21:59:21.232725,False,False,ED,discharge,2026-03-01T22:52:33.051846,0.0,62.52
P003291,2026-03-01T21:52:12.408178,5,walk-in,2026-03-01T22:01:52.596435,2026-03-01T22:01:52.596435,False,False,ED,discharge,2026-03-01T22:21:52.596435,0.0,29.67
P003292,2026-03-01T22:15:12.892024,4,transfer,2026-03-01T22:25:08.275119,2026-03-01T22:25:08.275119,False,False,ED,discharge,2026-03-01T23:55:37.095560,0.0,100.4
P003293,2026-03-01T23:12:11.097778,3,walk-in,2026-03-01T23:15:59.456122,2026-03-01T23:15:59.456122,True,False,ED,discharge,2026-03-02T01:16:45.541623,0.0,124.57
P003294,2026-03-01T23:29:56.853942,3,ambulance,2026-03-01T23:36:43.507830,2026-03-01T23:36:43.507830,False,True,ED,discharge,2026-03-02T11:01:11.085698,0.0,691.24
P003295,2026-03-01T23:49:48.701113,4,walk-in,2026-03-01T23:59:29.268153,2026-03-01T23:59:29.268153,True,False,ED,discharge,2026-03-02T00:51:08.418439,0.0,61.33
P003296,2026-03-01T23:51:54.015574,5,walk-in,2026-03-01T23:57:44.393747,2026-03-01T23:57:44.393747,False,False,ED,discharge,2026-03-02T00:17:44.393747,0.0,25.84
P003297,2026-03-01T23:55:42.628195,4,walk-in,2026-03-02T00:04:43.456670,2026-03-02T00:04:43.456670,False,False,ED,discharge,2026-03-02T02:15:40.132538,0.0,139.96
P003298,2026-03-02T00:43:06.148630,2,ambulance,2026-03-02T00:46:12.231347,2026-03-02T00:46:12.231347,False,False,ED,admit,2026-03-02T04:27:57.358334,0.0,224.85
P003299,2026-03-02T01:27:39.693504,2,ambulance,2026-03-02T01:34:45.081618,2026-03-02T01:34:45.081618,False,False,ED,admit,2026-03-02T07:01:01.474231,0.0,333.36
P003300,2026-03-02T02:23:26.469870,5,walk-in,2026-03-02T02:26:36.570246,2026-03-02T02:26:36.570246,False,False,ED,discharge,2026-03-02T03:13:30.570466,0.0,50.07
P003301,2026-03-02T03:16:40.002884,3,walk-in,2026-03-02T03:24:29.575938,2026-03-02T03:24:29.575938,False,True,ED,discharge,2026-03-02T05:24:29.575938,0.0,127.83
P003302,2026-03-02T03:29:55.390819,3,walk-in,2026-03-02T03:35:42.482330,2026-03-02T03:35:42.482330,False,False,ED,discharge,2026-03-02T08:19:19.185661,0.0,289.4
P003303,2026-03-02T05:10:13.223724,3,walk-in,2026-03-02T05:13:58.054233,2026-03-02T05:13:58.054233,False,True,ED,admit,2026-03-02T08:23:28.519658,0.0,193.25
P003304,2026-03-02T07:16:35.454911,3,walk-in,2026-03-02T07:24:59.652856,2026-03-02T07:24:59.652856,False,True,ED,discharge,2026-03-02T12:15:13.586877,0.0,298.64
P003305,2026-03-02T07:41:08.239916,2,ambulance,2026-03-02T07:44:37.209052,2026-03-02T07:44:37.209052,True,False,ED,discharge,2026-03-02T11:19:43.696251,0.0,218.59
P003306,2026-03-02T07:41:46.671636,4,walk-in,2026-03-02T07:48:05.142530,2026-03-02T07:48:05.142530,False,False,ED,discharge,2026-03-02T11:25:12.252734,0.0,223.43
P003307,2026-03-02T07:52:07.879541,3,walk-in,2026-03-02T08:00:49.069126,2026-03-02T08:00:49.069126,False,False,ED,discharge,2026-03-02T10:00:49.069126,0.0,128.69
P003308,2026-03-02T07:57:57.965728,4,walk-in,2026-03-02T08:04:06.933063,2026-03-02T08:04:06.933063,True,False,ED,discharge,2026-03-02T09:00:07.412450,0.0,62.16
P003309,2026-03-02T08:11:45.334292,4,walk-in,2026-03-02T08:20:16.089476,2026-03-02T08:20:16.089476,False,False,ED,discharge,2026-03-02T09:35:53.055818,0.0,84.13
P003310,2026-03-02T08:12:17.835647,2,walk-in,2026-03-02T08:16:36.364344,2026-03-02T08:16:36.364344,True,False,ED,discharge,2026-03-02T13:17:31.869134,0.0,305.23
P003311,2026-03-02T08:30:00.482172,4,walk-in,2026-03-02T08:33:37.796049,2026-03-02T08:33:37.796049,True,False,ED,discharge,2026-03-02T09:13:37.796049,0.0,43.62
P003312,2026-03-02T08:33:47.472910,3,walk-in,2026-03-02T08:37:54.827505,2026-03-02T08:37:54.827505,False,False,ED,discharge,2026-03-02T17:54:45.922870,0.0,560.97
P003313,2026-03-02T08:36:53.020297,2,walk-in,2026-03-02T08:46:44.863647,2026-03-02T08:46:44.863647,False,False,ED,discharge,2026-03-02T15:54:38.701553,0.0,437.76
P003314,2026-03-02T08:46:33.044003,3,walk-in,2026-03-02T08:51:47.082851,2026-03-02T08:51:47.082851,False,True,ED,admit,2026-03-02T20:51:47.082851,0.0,725.23
P003315,2026-03-02T08:51:38.561626,5,walk-in,2026-03-02T08:56:52.796842,2026-03-02T08:56:52.796842,False,False,ED,discharge,2026-03-02T09:54:22.834847,0.0,62.74
P003316,2026-03-02T08:52:00.194357,2,walk-in,2026-03-02T09:01:17.989560,2026-03-02T09:01:17.989560,False,True,ED,admit,2026-03-02T17:00:13.933171,0.0,488.23
P003317,2026-03-02T08:56:40.382755,4,walk-in,2026-03-02T09:06:22.465595,2026-03-02T09:06:22.465595,False,False,ED,discharge,2026-03-02T10:03:37.239029,0.0,66.95
P003318,2026-03-02T09:02:14.722832,4,walk-in,2026-03-02T09:08:28.981708,2026-03-02T09:08:28.981708,True,False,ED,discharge,2026-03-02T11:07:14.237669,0.0,124.99
P003319,2026-03-02T09:04:22.288658,3,walk-in,2026-03-02T09:13:06.707723,2026-03-02T09:13:06.707723,False,False,ED,discharge,2026-03-02T11:13:06.707723,0.0,128.74
P003320,2026-03-02T09:05:04.268286,4,walk-in,2026-03-02T09:10:08.876537,2026-03-02T09:10:08.876537,False,False,ED,discharge,2026-03-02T11:26:56.419165,0.0,141.87
P003321,2026-03-02T09:15:29.660208,3,transfer,2026-03-02T09:23:47.305180,2026-03-02T09:23:47.305180,False,False,ED,discharge,2026-03-02T12:31:19.678101,0.0,195.83
P003322,2026-03-02T09:50:27.497977,4,walk-in,2026-03-02T09:59:10.643352,2026-03-02T09:59:10.643352,False,False,ED,discharge,2026-03-02T10:39:10.643352,0.0,48.72
P003323,2026-03-02T09:52:10.268104,2,walk-in,2026-03-02T10:01:37.318217,2026-03-02T10:01:37.318217,False,True,ED,discharge,2026-03-02T13:40:36.924876,0.0,228.44
P003324,2026-03-02T09:56:53.038051,3,walk-in,2026-03-02T10:01:40.678631,2026-03-02T10:01:40.678631,True,True,ED,admit,2026-03-02T12:49:52.022471,0.0,172.98
P003325,2026-03-02T09:57:18.387000,2,ambulance,2026-03-02T10:02:09.924395,2026-03-02T10:02:09.924395,True,False,ED,discharge,2026-03-02T14:26:18.745264,0.0,269.01
P003326,2026-03-02T10:01:17.228050,3,walk-in,2026-03-02T10:04:36.159069,2026-03-02T10:04:36.159069,True,True,ED,discharge,2026-03-02T12:54:20.647708,0.0,173.06
P003327,2026-03-02T10:03:20.194963,3,walk-in,2026-03-02T10:06:39.615121,2026-03-02T10:06:39.615121,True,False,ED,discharge,2026-03-02T13:07:10.513216,0.0,183.84
P003328,2026-03-02T10:03:42.132487,4,walk-in,2026-03-02T10:12:00.160410,2026-03-02T10:12:00.160410,False,False,ED,discharge,2026-03-02T11:22:09.888779,0.0,78.46
P003329,2026-03-02T10:09:12.526945,4,walk-in,2026-03-02T10:12:49.045617,2026-03-02T10:12:49.045617,False,False,ED,discharge,2026-03-02T10:52:49.045617,0.0,43.61
P003330,2026-03-02T10:09:59.800596,2,walk-in,2026-03-02T10:17:44.086444,2026-03-02T10:17:44.086444,False,False,ED,admit,2026-03-02T12:40:10.710548,0.0,150.18
P003331,2026-03-02T10:14:22.608189,4,walk-in,2026-03-02T10:18:51.823606,2026-03-02T10:18:51.823606,False,False,ED,discharge,2026-03-02T11:00:20.707011,0.0,45.97
P003332,2026-03-02T10:22:28.762666,5,walk-in,2026-03-02T10:27:39.258288,2026-03-02T10:27:39.258288,False,False,ED,discharge,2026-03-02T11:19:23.529880,0.0,56.91
P003333,2026-03-02T10:24:43.445333,4,walk-in,2026-03-02T10:32:30.844557,2026-03-02T10:32:30.844557,True,False,ED,discharge,2026-03-02T12:04:55.770135,0.0,100.21
P003334,2026-03-02T10:38:35.537993,4,walk-in,2026-03-02T10:46:41.624135,2026-03-02T10:46:41.624135,False,False,ED,discharge,2026-03-02T13:00:31.368733,0.0,141.93
P003335,2026-03-02T10:40:21.225177,3,walk-in,2026-03-02T10:48:54.183079,2026-03-02T10:48:54.183079,False,False,ED,discharge,2026-03-02T16:36:30.310233,0.0,356.15
P003336,2026-03-02T10:44:02.717482,3,walk-in,2026-03-02T10:50:27.610964,2026-03-02T10:50:27.610964,False,False,ED,discharge,2026-03-02T22:50:27.610964,0.0,726.41
P003337,2026-03-02T10:49:14.870529,4,walk-in,2026-03-02T10:57:13.744403,2026-03-02T10:57:13.744403,False,False,ED,discharge,2026-03-02T11:56:22.034381,0.0,67.12
P003338,2026-03-02T11:08:00.347041,3,walk-in,2026-03-02T11:17:07.947242,2026-03-02T11:17:07.947242,False,False,ED,discharge,2026-03-02T15:43:49.795715,0.0,275.82
P003339,2026-03-02T11:17:15.065252,5,walk-in,2026-03-02T11:25:21.189677,2026-03-02T11:25:21.189677,False,False,ED,discharge,2026-03-02T12:24:12.429056,0.0,66.96
P003340,2026-03-02T11:30:06.362911,4,walk-in,2026-03-02T11:38:19.771026,2026-03-02T11:38:19.771026,False,False,ED,discharge,2026-03-02T12:34:49.883214,0.0,64.73
P003341,2026-03-02T11:31:23.052738,3,transfer,2026-03-02T11:38:36.762510,2026-03-02T11:38:36.762510,False,False,ED,discharge,2026-03-02T14:08:08.431264,0.0,156.76
P003342,2026-03-02T11:40:24.947822,5,walk-in,2026-03-02T11:47:03.407238,2026-03-02T11:47:03.407238,False,False,ED,discharge,2026-03-02T12:10:29.184993,0.0,30.07
P003343,2026-03-02T11:49:34.535366,4,walk-in,2026-03-02T11:58:31.574997,2026-03-02T11:58:31.574997,False,False,ED,discharge,2026-03-02T14:03:13.018545,0.0,133.64
P003344,2026-03-02T11:49:39.461896,2,walk-in,2026-03-02T11:53:59.519771,2026-03-02T11:53:59.519771,True,False,ED,discharge,2026-03-02T14:13:43.886547,0.0,144.07
P003345,2026-03-02T11:52:49.669667,4,walk-in,2026-03-02T12:02:35.203252,2026-03-02T12:02:35.203252,False,False,ED,discharge,2026-03-02T12:43:04.105094,0.0,50.24
P003346,2026-03-02T11:56:39.838995,4,walk-in,2026-03-02T12:06:10.598548,2026-03-02T12:06:10.598548,True,False,ED,discharge,2026-03-02T12:51:52.862842,0.0,55.22
P003347,2026-03-02T12:02:45.276907,3,ambulance,2026-03-02T12:06:49.658556,2026-03-02T12:06:49.658556,False,False,ED,admit,2026-03-02T18:25:10.441687,0.0,382.42
P003348,2026-03-02T12:06:03.093287,4,walk-in,2026-03-02T12:13:48.226789,2026-03-02T12:13:48.226789,False,True,ED,discharge,2026-03-02T13:23:02.475854,0.0,76.99
P003349,2026-03-02T12:10:58.339946,3,walk-in,2026-03-02T12:14:49.661093,2026-03-02T12:14:49.661093,False,False,ED,discharge,2026-03-02T17:15:56.929412,0.0,304.98
P003350,2026-03-02T12:13:01.438493,2,walk-in,2026-03-02T12:17:44.290145,2026-03-02T12:17:44.290145,False,False,ED,admit,2026-03-02T15:05:56.361293,0.0,172.92
P003351,2026-03-02T12:15:01.209705,4,walk-in,2026-03-02T12:18:04.486777,2026-03-02T12:18:04.486777,True,False,ED,discharge,2026-03-02T15:25:01.972045,0.0,190.01
P003352,2026-03-02T12:15:10.625714,3,walk-in,2026-03-02T12:24:53.609258,2026-03-02T12:24:53.609258,True,False,ED,admit,2026-03-02T16:25:46.215966,0.0,250.59
P003353,2026-03-02T12:17:48.123203,4,walk-in,2026-03-02T12:22:19.984978,2026-03-02T12:22:19.984978,False,False,ED,discharge,2026-03-02T13:33:28.119966,0.0,75.67
P003354,2026-03-02T12:20:36.970105,3,walk-in,2026-03-02T12:24:25.383053,2026-03-02T12:24:25.383053,False,False,ED,discharge,2026-03-02T17:17:42.711249,0.0,297.1
P003355,2026-03-02T12:26:02.785609,3,walk-in,2026-03-02T12:30:01.850877,2026-03-02T12:30:01.850877,False,False,ED,discharge,2026-03-02T22:07:03.599333,0.0,581.01
P003356,2026-03-02T12:26:15.658431,4,walk-in,2026-03-02T12:35:17.298408,2026-03-02T12:35:17.298408,False,False,ED,discharge,2026-03-02T14:17:43.970834,0.0,111.47
P003357,2026-03-02T12:33:43.699594,4,walk-in,2026-03-02T12:38:09.755584,2026-03-02T12:38:09.755584,True,False,ED,discharge,2026-03-02T13:28:40.493334,0.0,54.95
P003358,2026-03-02T12:34:18.732530,3,walk-in,2026-03-02T12:41:08.214004,2026-03-02T12:41:08.214004,True,False,ED,discharge,2026-03-02T20:17:43.842220,0.0,463.42
P003359,2026-03-02T12:35:20.747401,3,walk-in,2026-03-02T12:42:56.074456,2026-03-02T12:42:56.074456,True,False,ED,discharge,2026-03-02T20:05:57.141608,0.0,450.61
P003360,2026-03-02T12:36:26.367278,3,walk-in,2026-03-02T12:45:46.617065,2026-03-02T12:45:46.617065,True,False,ED,discharge,2026-03-02T18:59:42.603295,0.0,383.27
P003361,2026-03-02T12:41:12.980557,4,walk-in,2026-03-02T12:47:20.272888,2026-03-02T12:47:20.272888,True,False,ED,discharge,2026-03-02T13:27:20.272888,0.0,46.12
P003362,2026-03-02T12:48:52.519664,4,walk-in,2026-03-02T12:51:55.484579,2026-03-02T12:51:55.484579,False,False,ED,discharge,2026-03-02T14:30:02.411148,0.0,101.16
P003363,2026-03-02T12:52:29.950784,4,walk-in,2026-03-02T12:57:08.172779,2026-03-02T12:57:08.172779,True,False,ED,discharge,2026-03-02T14:05:36.118010,0.0,73.1
P003364,2026-03-02T12:55:31.541779,5,walk-in,2026-03-02T13:04:31.536397,2026-03-02T13:04:31.536397,False,False,ED,discharge,2026-03-02T14:13:48.466373,0.0,78.28
P003365,2026-03-02T12:57:13.315074,4,walk-in,2026-03-02T13:00:44.504229,2026-03-02T13:00:44.504229,False,True,ED,discharge,2026-03-02T14:03:33.481662,0.0,66.34
P003366,2026-03-02T12:57:36.333547,3,walk-in,2026-03-02T13:07:06.550028,2026-03-02T13:07:06.550028,False,False,ED,discharge,2026-03-02T21:30:15.263093,0.0,512.65
P003367,2026-03-02T13:10:23.235443,3,walk-in,2026-03-02T13:18:31.446796,2026-03-02T13:18:31.446796,False,False,ED,discharge,2026-03-02T16:05:49.376221,0.0,175.44
P003368,2026-03-02T13:17:16.615880,4,walk-in,2026-03-02T13:23:50.789381,2026-03-02T13:23:50.789381,False,False,ED,discharge,2026-03-02T14:18:11.137246,0.0,60.91
P003369,2026-03-02T13:17:25.691901,3,walk-in,2026-03-02T13:24:55.013072,2026-03-02T13:24:55.013072,False,False,ED,discharge,2026-03-02T15:24:55.013072,0.0,127.49
P003370,2026-03-02T13:17:56.710521,4,walk-in,2026-03-02T13:21:51.493680,2026-03-02T13:21:51.493680,False,False,ED,discharge,2026-03-02T14:28:58.841129,0.0,71.04
P003371,2026-03-02T13:21:42.795290,3,walk-in,2026-03-02T13:26:04.882997,2026-03-02T13:26:04.882997,False,True,ED,discharge,2026-03-02T15:53:18.985129,0.0,151.6
P003372,2026-03-02T13:25:44.697130,2,walk-in,2026-03-02T13:29:12.477301,2026-03-02T13:29:12.477301,True,False,ED,discharge,2026-03-02T16:18:02.284184,0.0,172.29
P003373,2026-03-02T13:32:01.984718,4,walk-in,2026-03-02T13:38:15.557796,2026-03-02T13:38:15.557796,False,False,ED,discharge,2026-03-02T15:18:11.261601,0.0,106.15
P003374,2026-03-02T13:35:35.824707,4,walk-in,2026-03-02T13:39:57.826607,2026-03-02T13:39:57.826607,False,False,ED,discharge,2026-03-02T14:29:27.775828,0.0,53.87
P003375,2026-03-02T13:41:44.628013,4,walk-in,2026-03-02T13:49:21.930631,2026-03-02T13:49:21.930631,True,False,ED,discharge,2026-03-02T15:42:35.107564,0.0,120.84
P003376,2026-03-02T13:42:09.123262,4,walk-in,2026-03-02T13:51:32.967137,2026-03-02T13:51:32.967137,True,False,ED,discharge,2026-03-02T15:29:13.929493,0.0,107.08
P003377,2026-03-02T13:42:13.252375,3,walk-in,2026-03-02T13:50:47.458265,2026-03-02T13:50:47.458265,False,False,ED,discharge,2026-03-02T16:17:48.319570,0.0,155.58
P003378,2026-03-02T13:47:06.439485,3,ambulance,2026-03-02T13:53:29.693968,2026-03-02T13:53:29.693968,False,False,ED,discharge,2026-03-02T16:54:56.689129,0.0,187.84
P003379,2026-03-02T13:52:56.563263,2,walk-in,2026-03-02T14:02:01.963969,2026-03-02T14:02:01.963969,True,False,ICU,admit,2026-03-02T18:31:05.997838,0.0,278.16
P003380,2026-03-02T13:59:45.845236,4,walk-in,2026-03-02T14:04:22.446487,2026-03-02T14:04:22.446487,False,False,ED,discharge,2026-03-02T15:51:53.556111,0.0,112.13
P003381,2026-03-02T14:04:55.767902,3,walk-in,2026-03-02T14:08:58.250644,2026-03-02T14:08:58.250644,False,False,ED,discharge,2026-03-02T17:10:55.747274,0.0,186.0
P003382,2026-03-02T14:06:39.026248,4,walk-in,2026-03-02T14:12:10.545830,2026-03-02T14:12:10.545830,False,False,ED,discharge,2026-03-02T14:58:07.183814,0.0,51.47
P003383,2026-03-02T14:08:14.597423,4,walk-in,2026-03-02T14:12:44.880757,2026-03-02T14:12:44.880757,False,False,ED,discharge,2026-03-02T15:18:52.166800,0.0,70.63
P003384,2026-03-02T14:29:58.100495,2,walk-in,2026-03-02T14:34:40.025461,2026-03-02T14:34:40.025461,True,False,ED,discharge,2026-03-02T17:33:26.685220,0.0,183.48
P003385,2026-03-02T14:31:37.390281,4,walk-in,2026-03-02T14:36:37.586642,2026-03-02T14:36:37.586642,False,False,ED,discharge,2026-03-02T15:36:13.112458,0.0,64.6
P003386,2026-03-02T14:32:10.355129,3,walk-in,2026-03-02T14:36:05.320847,2026-03-02T14:36:05.320847,True,True,ED,discharge,2026-03-02T17:48:10.113288,0.0,196.0
P003387,2026-03-02T14:38:02.081668,3,walk-in,2026-03-02T14:47:49.991973,2026-03-02T14:47:49.991973,False,False,ED,discharge,2026-03-02T19:10:50.104989,0.0,272.8
P003388,2026-03-02T14:39:00.600903,1,ambulance,2026-03-02T14:43:06.976687,2026-03-02T14:43:06.976687,False,True,ICU,admit,2026-03-02T18:56:12.288069,0.0,257.19
P003389,2026-03-02T14:41:32.429934,2,ambulance,2026-03-02T14:50:40.991424,2026-03-02T14:50:40.991424,True,True,ED,admit,2026-03-03T00:50:40.991424,0.0,609.14
P003390,2026-03-02T14:43:46.458707,5,walk-in,2026-03-02T14:47:58.416163,2026-03-02T14:47:58.416163,False,False,ED,discharge,2026-03-02T15:08:26.303635,0.0,24.66
P003391,2026-03-02T14:50:18.446140,3,ambulance,2026-03-02T14:55:14.340103,2026-03-02T14:55:14.340103,False,False,ED,discharge,2026-03-02T23:54:44.294657,0.0,544.43
P003392,2026-03-02T15:03:29.261620,3,walk-in,2026-03-02T15:07:31.126853,2026-03-02T15:07:31.126853,True,False,ED,discharge,2026-03-02T17:33:21.381682,0.0,149.87
P003393,2026-03-02T15:15:02.493170,3,walk-in,2026-03-02T15:21:23.274698,2026-03-02T15:21:23.274698,True,False,ED,discharge,2026-03-02T17:21:23.274698,0.0,126.35
P003394,2026-03-02T15:19:41.442619,4,walk-in,2026-03-02T15:24:21.250176,2026-03-02T15:24:21.250176,True,False,ED,discharge,2026-03-02T16:26:46.852691,0.0,67.09
P003395,2026-03-02T15:29:29.580609,5,walk-in,2026-03-02T15:37:45.601670,2026-03-02T15:37:45.601670,False,False,ED,discharge,2026-03-02T16:14:42.776332,0.0,45.22
P003396,2026-03-02T15:31:09.867025,3,walk-in,2026-03-02T15:35:56.205169,2026-03-02T15:35:56.205169,False,False,ED,discharge,2026-03-02T20:54:43.813109,0.0,323.57
P003397,2026-03-02T15:35:10.015872,4,walk-in,2026-03-02T15:43:31.178782,2026-03-02T15:43:31.178782,False,False,ED,discharge,2026-03-02T18:05:57.835590,0.0,150.8
P003398,2026-03-02T15:38:12.946990,3,transfer,2026-03-02T15:45:46.330982,2026-03-02T15:45:46.330982,False,False,ED,admit,2026-03-02T19:52:49.301636,0.0,254.61
P003399,2026-03-02T15:55:49.972759,3,walk-in,2026-03-02T16:00:28.508248,2026-03-02T16:00:28.508248,False,False,ED,discharge,2026-03-02T21:21:47.778961,0.0,325.96
P003400,2026-03-02T15:59:30.598733,2,walk-in,2026-03-02T16:03:09.150564,2026-03-02T16:03:09.150564,True,False,ED,admit,2026-03-02T21:30:09.176718,0.0,330.64
P003401,2026-03-02T16:23:05.520773,3,walk-in,2026-03-02T16:31:52.395507,2026-03-02T16:31:52.395507,False,False,ED,discharge,2026-03-03T04:31:52.395507,0.0,728.78
P003402,2026-03-02T16:34:30.603946,3,walk-in,2026-03-02T16:40:29.428909,2026-03-02T16:40:29.428909,False,False,ED,discharge,2026-03-02T22:28:33.560265,0.0,354.05
P003403,2026-03-02T16:36:15.703360,4,walk-in,2026-03-02T16:42:09.255906,2026-03-02T16:42:09.255906,False,False,ED,discharge,2026-03-02T18:22:18.519835,0.0,106.05
P003404,2026-03-02T16:44:40.379039,2,walk-in,2026-03-02T16:51:51.421979,2026-03-02T16:51:51.421979,False,True,ED,admit,2026-03-02T19:54:37.281423,0.0,189.95
P003405,2026-03-02T16:47:59.966631,4,walk-in,2026-03-02T16:51:35.046961,2026-03-02T16:51:35.046961,False,False,ED,discharge,2026-03-02T18:04:15.907743,0.0,76.27
P003406,2026-03-02T17:20:31.282555,2,ambulance,2026-03-02T17:29:53.387691,2026-03-02T17:29:53.387691,False,True,ED,admit,2026-03-02T22:13:44.633524,0.0,293.22
P003407,2026-03-02T17:22:14.099206,5,walk-in,2026-03-02T17:28:08.661263,2026-03-02T17:28:08.661263,False,False,ED,discharge,2026-03-02T18:07:33.634190,0.0,45.33
P003408,2026-03-02T17:22:59.739076,4,walk-in,2026-03-02T17:27:50.733943,2026-03-02T17:27:50.733943,False,False,ED,discharge,2026-03-02T18:35:22.663925,0.0,72.38
P003409,2026-03-02T18:00:14.128566,3,walk-in,2026-03-02T18:05:54.033783,2026-03-02T18:05:54.033783,False,False,ED,discharge,2026-03-02T20:33:29.329186,0.0,153.25
P003410,2026-03-02T18:08:22.893465,2,ambulance,2026-03-02T18:11:58.499936,2026-03-02T18:11:58.499936,False,True,ED,discharge,2026-03-02T21:50:33.332733,0.0,222.17
P003411,2026-03-02T18:12:41.838471,3,walk-in,2026-03-02T18:17:25.448663,2026-03-02T18:17:25.448663,False,False,ED,discharge,2026-03-03T03:48:42.247772,0.0,576.01
P003412,2026-03-02T18:13:55.774335,4,walk-in,2026-03-02T18:22:06.518731,2026-03-02T18:22:06.518731,False,False,ED,discharge,2026-03-02T19:37:02.471627,0.0,83.11
P003413,2026-03-02T18:25:11.674211,3,walk-in,2026-03-02T18:34:27.738475,2026-03-02T18:34:27.738475,False,False,ED,discharge,2026-03-02T23:40:54.807383,0.0,315.72
P003414,2026-03-02T18:36:05.852108,3,walk-in,2026-03-02T18:43:43.084622,2026-03-02T18:43:43.084622,False,False,ED,discharge,2026-03-03T00:53:10.908216,0.0,377.08
P003415,2026-03-02T18:37:12.542663,3,walk-in,2026-03-02T18:45:14.896802,2026-03-02T18:45:14.896802,True,False,ED,discharge,2026-03-02T22:18:31.073937,0.0,221.31
P003416,2026-03-02T18:38:12.990234,1,ambulance,2026-03-02T18:47:08.719897,2026-03-02T18:47:08.719897,True,False,ICU,transfer,2026-03-03T01:25:37.745541,0.0,407.41
P003417,2026-03-02T18:40:02.503054,4,walk-in,2026-03-02T18:46:45.413430,2026-03-02T18:46:45.413430,False,False,ED,discharge,2026-03-02T21:02:47.586659,0.0,142.75
P003418,2026-03-02T18:41:02.414162,4,walk-in,2026-03-02T18:46:11.460910,2026-03-02T18:46:11.460910,False,False,ED,discharge,2026-03-02T19:58:31.888883,0.0,77.49
P003419,2026-03-02T18:43:23.254713,4,walk-in,2026-03-02T18:46:59.825191,2026-03-02T18:46:59.825191,True,False,ED,discharge,2026-03-02T19:50:13.503387,0.0,66.84
P003420,2026-03-02T18:44:05.885694,3,walk-in,2026-03-02T18:47:15.688235,2026-03-02T18:47:15.688235,False,False,ED,discharge,2026-03-02T21:09:23.517117,0.0,145.29
P003421,2026-03-02T19:01:52.992534,3,transfer,2026-03-02T19:09:07.740892,2026-03-02T19:09:07.740892,True,False,ED,discharge,2026-03-03T00:35:12.290818,0.0,333.32
P003422,2026-03-02T19:22:53.675731,4,walk-in,2026-03-02T19:32:30.665452,2026-03-02T19:32:30.665452,False,False,ED,discharge,2026-03-02T21:26:30.251937,0.0,123.61
P003423,2026-03-02T19:28:50.368566,4,walk-in,2026-03-02T19:37:15.477208,2026-03-02T19:37:15.477208,False,False,ED,discharge,2026-03-02T20:57:46.473992,0.0,88.94
P003424,2026-03-02T19:31:26.950347,3,walk-in,2026-03-02T19:35:31.928427,2026-03-02T19:35:31.928427,True,False,ED,admit,2026-03-03T07:35:31.928427,0.0,724.08
P003425,2026-03-02T19:44:20.592028,4,walk-in,2026-03-02T19:50:32.937406,2026-03-02T19:50:32.937406,False,False,ED,discharge,2026-03-02T20:42:52.835918,0.0,58.54
P003426,2026-03-02T19:44:28.341422,2,walk-in,2026-03-02T19:52:43.977180,2026-03-02T19:52:43.977180,False,False,ED,discharge,2026-03-02T23:39:15.898804,0.0,234.79
P003427,2026-03-02T19:48:47.484774,5,walk-in,2026-03-02T19:52:55.570352,2026-03-02T19:52:55.570352,False,False,ED,discharge,2026-03-02T21:21:41.084472,0.0,92.89
P003428,2026-03-02T19:50:12.063807,2,ambulance,2026-03-02T19:54:46.173430,2026-03-02T19:54:46.173430,True,True,ED,admit,2026-03-02T21:27:06.465854,0.0,96.91
P003429,2026-03-02T19:55:05.901928,3,walk-in,2026-03-02T20:02:05.448936,2026-03-02T20:02:05.448936,True,True,ED,admit,2026-03-02T22:26:51.428151,0.0,151.76
P003430,2026-03-02T20:02:55.001883,3,walk-in,2026-03-02T20:08:18.099548,2026-03-02T20:08:18.099548,False,False,ED,admit,2026-03-02T23:23:51.683157,0.0,200.94
P003431,2026-03-02T20:03:40.637874,3,walk-in,2026-03-02T20:07:48.268352,2026-03-02T20:07:48.268352,True,True,ED,discharge,2026-03-02T22:58:24.048465,0.0,174.72
P003432,2026-03-02T20:06:30.579198,4,walk-in,2026-03-02T20:12:17.685607,2026-03-02T20:12:17.685607,False,False,ED,discharge,2026-03-02T21:44:15.215167,0.0,97.74
P003433,2026-03-02T20:17:01.362238,4,walk-in,2026-03-02T20:21:20.681524,2026-03-02T20:21:20.681524,True,False,ED,discharge,2026-03-02T21:16:05.480653,0.0,59.07
P003434,2026-03-02T20:31:45.190506,4,walk-in,2026-03-02T20:35:02.438583,2026-03-02T20:35:02.438583,True,False,ED,discharge,2026-03-02T22:56:27.309077,0.0,144.7
P003435,2026-03-02T20:39:25.380317,5,walk-in,2026-03-02T20:49:22.181176,2026-03-02T20:49:22.181176,False,False,ED,discharge,2026-03-02T21:36:36.632596,0.0,57.19
P003436,2026-03-02T20:43:51.634859,3,walk-in,2026-03-02T20:48:58.206831,2026-03-02T20:48:58.206831,False,False,ED,discharge,2026-03-03T05:34:53.584915,0.0,531.03
P003437,2026-03-02T20:53:31.326415,4,walk-in,2026-03-02T21:02:56.899157,2026-03-02T21:02:56.899157,True,False,ED,discharge,2026-03-02T22:50:44.279217,0.0,117.22
P003438,2026-03-02T21:04:14.194705,2,ambulance,2026-03-02T21:10:08.706462,2026-03-02T21:10:08.706462,False,False,ED,discharge,2026-03-03T01:11:50.734819,0.0,247.61
P003439,2026-03-02T21:05:57.527380,4,walk-in,2026-03-02T21:14:55.918278,2026-03-02T21:14:55.918278,False,False,ED,discharge,2026-03-02T22:17:34.546204,0.0,71.62
P003440,2026-03-02T21:18:23.467860,2,ambulance,2026-03-02T21:28:07.818019,2026-03-02T21:28:07.818019,True,True,ED,admit,2026-03-03T02:35:56.249710,0.0,317.55
P003441,2026-03-02T21:25:55.294239,3,walk-in,2026-03-02T21:29:41.930734,2026-03-02T21:29:41.930734,False,True,ED,discharge,2026-03-02T23:49:31.852859,0.0,143.61
P003442,2026-03-02T21:28:58.719304,2,walk-in,2026-03-02T21:37:14.184501,2026-03-02T21:37:14.184501,True,True,ED,discharge,2026-03-03T00:35:31.562731,0.0,186.55
P003443,2026-03-02T21:48:59.117686,3,walk-in,2026-03-02T21:58:52.144589,2026-03-02T21:58:52.144589,False,False,ED,discharge,2026-03-03T02:02:46.336726,0.0,253.79
P003444,2026-03-02T22:15:30.842961,3,ambulance,2026-03-02T22:19:29.061078,2026-03-02T22:19:29.061078,False,True,ED,discharge,2026-03-03T01:48:46.795898,0.0,213.27
P003445,2026-03-02T22:39:42.541672,3,transfer,2026-03-02T22:47:56.008683,2026-03-02T22:47:56.008683,True,False,ED,admit,2026-03-03T08:09:45.617257,0.0,570.05
P003446,2026-03-02T22:57:18.865339,3,walk-in,2026-03-02T23:07:12.174976,2026-03-02T23:07:12.174976,False,False,ED,discharge,2026-03-03T11:07:12.174976,0.0,729.89
P003447,2026-03-02T23:21:10.105577,4,walk-in,2026-03-02T23:25:54.789815,2026-03-02T23:25:54.789815,False,False,ED,discharge,2026-03-03T00:28:21.180920,0.0,67.18
P003448,2026-03-02T23:49:14.740089,2,ambulance,2026-03-02T23:53:50.873808,2026-03-02T23:53:50.873808,False,False,ED,admit,2026-03-03T06:00:28.902829,0.0,371.24
P003449,2026-03-03T00:45:08.629904,1,ambulance,2026-03-03T00:52:55.854662,2026-03-03T00:52:55.854662,True,False,ICU,admit,2026-03-03T03:48:38.903033,0.0,183.5
P003450,2026-03-03T00:50:35.046649,5,walk-in,2026-03-03T00:55:09.510887,2026-03-03T00:55:09.510887,False,False,ED,discharge,2026-03-03T01:35:46.455099,0.0,45.19
P003451,2026-03-03T01:04:21.181094,4,walk-in,2026-03-03T01:08:14.161745,2026-03-03T01:08:14.161745,False,False,ED,discharge,2026-03-03T02:14:29.841147,0.0,70.14
P003452,2026-03-03T01:47:50.844609,2,walk-in,2026-03-03T01:51:10.767831,2026-03-03T01:51:10.767831,False,False,ED,discharge,2026-03-03T04:19:22.434505,0.0,151.53
P003453,2026-03-03T02:14:53.484166,3,walk-in,2026-03-03T02:22:47.907879,2026-03-03T02:22:47.907879,False,False,ED,admit,2026-03-03T09:31:55.254329,0.0,437.03
P003454,2026-03-03T05:42:24.729004,3,walk-in,2026-03-03T05:45:55.073574,2026-03-03T05:45:55.073574,False,False,ED,admit,2026-03-03T07:45:55.073574,0.0,123.51
P003455,2026-03-03T05:47:57.333560,4,walk-in,2026-03-03T05:51:28.345106,2026-03-03T05:51:28.345106,True,False,ED,discharge,2026-03-03T07:11:18.929041,0.0,83.36
P003456,2026-03-03T06:14:46.547868,4,walk-in,2026-03-03T06:22:51.418487,2026-03-03T06:22:51.418487,False,False,ED,discharge,2026-03-03T07:20:53.169928,0.0,66.11
P003457,2026-03-03T06:25:16.924795,5,walk-in,2026-03-03T06:33:55.006497,2026-03-03T06:33:55.006497,False,False,ED,discharge,2026-03-03T07:40:03.420122,0.0,74.77
P003458,2026-03-03T06:25:29.486800,4,walk-in,2026-03-03T06:34:11.620865,2026-03-03T06:34:11.620865,False,False,ED,discharge,2026-03-03T07:30:54.792127,0.0,65.42
P003459,2026-03-03T06:29:03.935898,3,walk-in,2026-03-03T06:37:45.983030,2026-03-03T06:37:45.983030,False,False,ED,admit,2026-03-03T09:59:33.208538,0.0,210.49
P003460,2026-03-03T07:19:30.364399,3,walk-in,2026-03-03T07:27:33.532915,2026-03-03T07:27:33.532915,True,False,ED,discharge,2026-03-03T10:23:53.273556,0.0,184.38
P003461,2026-03-03T07:30:53.467280,5,walk-in,2026-03-03T07:38:50.421503,2026-03-03T07:38:50.421503,False,False,ED,discharge,2026-03-03T08:39:24.533436,0.0,68.52
P003462,2026-03-03T07:36:21.379252,3,walk-in,2026-03-03T07:40:40.132651,2026-03-03T07:40:40.132651,False,False,ED,admit,2026-03-03T11:30:56.762275,0.0,234.59
P003463,2026-03-03T08:04:01.586474,4,walk-in,2026-03-03T08:09:42.708235,2026-03-03T08:09:42.708235,True,False,ED,discharge,2026-03-03T08:49:42.708235,0.0,45.69
P003464,2026-03-03T08:30:12.630809,4,walk-in,2026-03-03T08:35:53.432681,2026-03-03T08:35:53.432681,False,False,ED,discharge,2026-03-03T11:04:27.716084,0.0,154.25
P003465,2026-03-03T08:33:41.574330,5,walk-in,2026-03-03T08:36:41.875497,2026-03-03T08:36:41.875497,False,False,ED,discharge,2026-03-03T09:26:22.024815,0.0,52.67
P003466,2026-03-03T08:38:30.047256,4,walk-in,2026-03-03T08:45:20.682939,2026-03-03T08:45:20.682939,False,False,ED,discharge,2026-03-03T09:36:28.107151,0.0,57.97
P003467,2026-03-03T08:41:05.480419,3,walk-in,2026-03-03T08:45:14.314965,2026-03-03T08:45:14.314965,True,False,ED,discharge,2026-03-03T11:42:31.404526,0.0,181.43
P003468,2026-03-03T08:52:33.766489,3,transfer,2026-03-03T08:58:11.407303,2026-03-03T08:58:11.407303,False,True,ED,discharge,2026-03-03T10:58:11.407303,0.0,125.63
P003469,2026-03-03T08:56:55.663151,4,walk-in,2026-03-03T09:05:33.985266,2026-03-03T09:05:33.985266,False,False,ED,discharge,2026-03-03T10:01:52.916863,0.0,64.95
P003470,2026-03-03T09:07:54.115882,2,ambulance,2026-03-03T09:16:37.970175,2026-03-03T09:16:37.970175,True,True,ED,discharge,2026-03-03T12:56:15.817358,0.0,228.36
P003471,2026-03-03T09:20:51.016192,5,walk-in,2026-03-03T09:26:49.813165,2026-03-03T09:26:49.813165,False,False,ED,discharge,2026-03-03T10:09:41.458740,0.0,48.84
P003472,2026-03-03T09:20:51.160673,4,walk-in,2026-03-03T09:27:28.504023,2026-03-03T09:27:28.504023,False,False,ED,discharge,2026-03-03T11:05:20.413968,0.0,104.49
P003473,2026-03-03T09:23:17.903583,5,walk-in,2026-03-03T09:29:15.320672,2026-03-03T09:29:15.320672,False,False,ED,discharge,2026-03-03T10:25:44.902999,0.0,62.45
P003474,2026-03-03T09:23:28.705091,3,ambulance,2026-03-03T09:26:42.424527,2026-03-03T09:26:42.424527,False,True,ED,discharge,2026-03-03T15:53:02.315276,0.0,389.56
P003475,2026-03-03T09:24:47.620877,3,walk-in,2026-03-03T09:33:10.418805,2026-03-03T09:33:10.418805,True,True,ED,discharge,2026-03-03T15:00:57.246572,0.0,336.16
P003476,2026-03-03T10:02:35.335698,5,walk-in,2026-03-03T10:08:44.648468,2026-03-03T10:08:44.648468,False,False,ED,discharge,2026-03-03T10:32:35.476916,0.0,30.0
P003477,2026-03-03T10:10:30.672674,3,walk-in,2026-03-03T10:15:13.157547,2026-03-03T10:15:13.157547,False,False,ED,discharge,2026-03-03T16:19:02.188111,0.0,368.53
P003478,2026-03-03T10:14:06.218303,2,walk-in,2026-03-03T10:17:50.164797,2026-03-03T10:17:50.164797,True,False,ED,admit,2026-03-03T13:31:19.181170,0.0,197.22
P003479,2026-03-03T10:15:03.183042,2,transfer,2026-03-03T10:20:30.247218,2026-03-03T10:20:30.247218,True,False,ED,discharge,2026-03-03T14:32:37.048926,0.0,257.56
P003480,2026-03-03T10:17:54.697783,4,walk-in,2026-03-03T10:21:23.158654,2026-03-03T10:21:23.158654,True,False,ED,discharge,2026-03-03T11:56:26.767500,0.0,98.53
P003481,2026-03-03T10:19:17.146923,4,walk-in,2026-03-03T10:23:26.888815,2026-03-03T10:23:26.888815,False,False,ED,discharge,2026-03-03T12:29:59.526599,0.0,130.71
P003482,2026-03-03T10:35:03.043619,4,walk-in,2026-03-03T10:42:10.687061,2026-03-03T10:42:10.687061,False,False,ED,discharge,2026-03-03T12:04:37.549356,0.0,89.58
P003483,2026-03-03T10:35:11.076216,3,walk-in,2026-03-03T10:44:09.161521,2026-03-03T10:44:09.161521,True,False,ED,admit,2026-03-03T19:55:32.188005,0.0,560.35
P003484,2026-03-03T10:36:12.061426,4,walk-in,2026-03-03T10:45:28.495980,2026-03-03T10:45:28.495980,False,False,ED,discharge,2026-03-03T12:10:40.133581,0.0,94.47
P003485,2026-03-03T10:44:47.497861,4,transfer,2026-03-03T10:51:38.545447,2026-03-03T10:51:38.545447,False,False,ED,discharge,2026-03-03T12:06:49.883560,0.0,82.04
P003486,2026-03-03T10:51:02.215709,2,ambulance,2026-03-03T10:55:24.767923,2026-03-03T10:55:24.767923,True,False,ED,discharge,2026-03-03T15:25:01.123834,0.0,273.98
P003487,2026-03-03T10:53:26.085849,3,ambulance,2026-03-03T10:59:07.713847,2026-03-03T10:59:07.713847,False,False,ED,discharge,2026-03-03T20:44:10.213511,0.0,590.74
P003488,2026-03-03T10:56:03.199641,3,walk-in,2026-03-03T10:59:36.734475,2026-03-03T10:59:36.734475,False,False,ED,discharge,2026-03-03T21:24:47.957213,0.0,628.75
P003489,2026-03-03T10:58:32.143158,2,walk-in,2026-03-03T11:04:40.755234,2026-03-03T11:04:40.755234,False,False,ED,discharge,2026-03-03T17:33:25.165250,0.0,394.88
P003490,2026-03-03T10:59:10.910151,4,walk-in,2026-03-03T11:06:05.556922,2026-03-03T11:06:05.556922,False,False,ED,discharge,2026-03-03T12:52:56.751778,0.0,113.76
P003491,2026-03-03T11:02:40.059716,5,walk-in,2026-03-03T11:08:43.958124,2026-03-03T11:08:43.958124,True,False,ED,discharge,2026-03-03T11:57:22.590559,0.0,54.71
P003492,2026-03-03T11:04:36.184097,4,ambulance,2026-03-03T11:10:31.595291,2026-03-03T11:10:31.595291,False,False,ED,discharge,2026-03-03T11:55:27.636618,0.0,50.86
P003493,2026-03-03T11:10:38.952975,4,walk-in,2026-03-03T11:14:52.439281,2026-03-03T11:14:52.439281,False,False,ED,discharge,2026-03-03T12:09:21.032477,0.0,58.7
P003494,2026-03-03T11:10:50.652047,3,walk-in,2026-03-03T11:16:44.619050,2026-03-03T11:16:44.619050,False,False,ED,discharge,2026-03-03T15:17:12.190011,0.0,246.36
P003495,2026-03-03T11:13:42.726642,4,walk-in,2026-03-03T11:21:44.780582,2026-03-03T11:21:44.780582,False,False,ED,discharge,2026-03-03T12:14:25.262399,0.0,60.71
P003496,2026-03-03T11:18:11.372445,4,transfer,2026-03-03T11:23:27.090787,2026-03-03T11:23:27.090787,False,False,ED,discharge,2026-03-03T12:34:10.519804,0.0,75.99
P003497,2026-03-03T11:24:47.368157,4,walk-in,2026-03-03T11:33:07.365134,2026-03-03T11:33:07.365134,True,False,ED,discharge,2026-03-03T12:49:02.999305,0.0,84.26
P003498,2026-03-03T11:28:13.619707,3,walk-in,2026-03-03T11:37:16.752150,2026-03-03T11:37:16.752150,True,False,ED,discharge,2026-03-03T13:37:16.752150,0.0,129.05
P003499,2026-03-03T11:31:25.539513,2,walk-in,2026-03-03T11:40:29.116333,2026-03-03T11:40:29.116333,False,True,ED,admit,2026-03-03T19:32:26.083254,0.0,481.01
P003500,2026-03-03T11:38:51.349285,4,transfer,2026-03-03T11:47:52.331316,2026-03-03T11:47:52.331316,False,False,ED,discharge,2026-03-03T13:32:49.029763,0.0,113.96
P003501,2026-03-03T11:44:33.776162,3,walk-in,2026-03-03T11:51:56.530348,2026-03-03T11:51:56.530348,False,False,ED,discharge,2026-03-03T19:51:13.326476,0.0,486.66
P003502,2026-03-03T11:55:06.522765,4,walk-in,2026-03-03T12:02:09.317961,2026-03-03T12:02:09.317961,False,False,ED,discharge,2026-03-03T14:23:40.469247,0.0,148.57
P003503,2026-03-03T11:56:19.989366,3,walk-in,2026-03-03T12:05:29.854533,2026-03-03T12:05:29.854533,False,False,ED,admit,2026-03-03T21:38:21.053586,0.0,582.02
P003504,2026-03-03T12:08:59.661370,2,ambulance,2026-03-03T12:15:48.106075,2026-03-03T12:15:48.106075,False,True,ED,discharge,2026-03-03T15:37:54.978723,0.0,208.92
P003505,2026-03-03T12:13:17.616184,2,ambulance,2026-03-03T12:17:03.858897,2026-03-03T12:17:03.858897,True,False,ED,discharge,2026-03-03T20:04:05.622883,0.0,470.8
P003506,2026-03-03T12:23:29.734394,4,walk-in,2026-03-03T12:29:08.424510,2026-03-03T12:29:08.424510,False,False,ED,discharge,2026-03-03T13:09:08.424510,0.0,45.64
P003507,2026-03-03T12:28:00.087340,5,walk-in,2026-03-03T12:31:10.413232,2026-03-03T12:31:10.413232,False,False,ED,discharge,2026-03-03T13:35:02.230023,0.0,67.04
P003508,2026-03-03T12:41:14.157274,4,walk-in,2026-03-03T12:49:06.084236,2026-03-03T12:49:06.084236,False,False,ED,discharge,2026-03-03T14:18:42.447949,0.0,97.47
P003509,2026-03-03T12:50:56.579983,3,walk-in,2026-03-03T12:55:54.397457,2026-03-03T12:55:54.397457,False,False,ED,admit,2026-03-03T18:29:08.087666,0.0,338.19
P003510,2026-03-03T12:53:04.243183,3,walk-in,2026-03-03T13:00:57.069949,2026-03-03T13:00:57.069949,False,False,ED,discharge,2026-03-03T17:56:56.961946,0.0,303.88
P003511,2026-03-03T13:03:03.420886,5,walk-in,2026-03-03T13:09:34.176937,2026-03-03T13:09:34.176937,False,False,ED,discharge,2026-03-03T14:08:17.143155,0.0,65.23
P003512,2026-03-03T13:12:13.678203,3,walk-in,2026-03-03T13:18:56.209788,2026-03-03T13:18:56.209788,False,False,ED,discharge,2026-03-04T01:18:56.209788,0.0,726.71
P003513,2026-03-03T13:21:55.721592,3,walk-in,2026-03-03T13:31:19.960794,2026-03-03T13:31:19.960794,False,False,ED,discharge,2026-03-03T17:43:42.593550,0.0,261.78
P003514,2026-03-03T13:22:23.494018,5,ambulance,2026-03-03T13:32:16.712666,2026-03-03T13:32:16.712666,False,False,ED,discharge,2026-03-03T14:12:01.543446,0.0,49.63
P003515,2026-03-03T13:29:17.044117,3,walk-in,2026-03-03T13:36:51.826788,2026-03-03T13:36:51.826788,True,True,ED,discharge,2026-03-03T18:44:47.668775,0.0,315.51
P003516,2026-03-03T13:30:29.125090,4,walk-in,2026-03-03T13:37:15.880865,2026-03-03T13:37:15.880865,False,False,ED,discharge,2026-03-03T14:37:46.273037,0.0,67.29
P003517,2026-03-03T13:34:15.846255,4,walk-in,2026-03-03T13:43:22.601476,2026-03-03T13:43:22.601476,False,False,ED,discharge,2026-03-03T14:43:51.544197,0.0,69.59
P003518,2026-03-03T13:40:02.485040,4,walk-in,2026-03-03T13:47:13.638708,2026-03-03T13:47:13.638708,False,False,ED,discharge,2026-03-03T15:31:18.678652,0.0,111.27
P003519,2026-03-03T13:42:39.907419,3,walk-in,2026-03-03T13:51:37.718074,2026-03-03T13:51:37.718074,True,True,ED,discharge,2026-03-03T16:49:37.126929,0.0,186.95
P003520,2026-03-03T13:55:13.534098,5,walk-in,2026-03-03T14:03:36.718955,2026-03-03T14:03:36.718955,False,False,ED,discharge,2026-03-03T14:46:13.327650,0.0,51.0
P003521,2026-03-03T14:04:42.892113,3,walk-in,2026-03-03T14:11:12.728195,2026-03-03T14:11:12.728195,False,False,ED,admit,2026-03-03T19:07:24.219458,0.0,302.69
P003522,2026-03-03T14:07:39.009642,3,walk-in,2026-03-03T14:12:12.488898,2026-03-03T14:12:12.488898,False,True,ED,discharge,2026-03-04T02:12:12.488898,0.0,724.56
P003523,2026-03-03T14:16:47.571906,3,walk-in,2026-03-03T14:22:48.815698,2026-03-03T14:22:48.815698,False,False,ED,discharge,2026-03-03T21:47:21.924450,0.0,450.57
P003524,2026-03-03T14:18:48.842314,3,walk-in,2026-03-03T14:27:03.897091,2026-03-03T14:27:03.897091,False,False,ED,discharge,2026-03-04T02:27:03.897091,0.0,728.25
P003525,2026-03-03T14:24:55.173999,5,walk-in,2026-03-03T14:33:15.973213,2026-03-03T14:33:15.973213,False,True,ED,discharge,2026-03-03T15:02:05.778942,0.0,37.18
P003526,2026-03-03T14:30:08.674314,2,walk-in,2026-03-03T14:38:33.812017,2026-03-03T14:38:33.812017,False,False,ED,admit,2026-03-03T19:10:03.694814,0.0,279.92
P003527,2026-03-03T14:33:12.405616,3,ambulance,2026-03-03T14:36:56.045242,2026-03-03T14:36:56.045242,True,False,ED,admit,2026-03-03T21:57:48.569694,0.0,444.6
P003528,2026-03-03T14:34:56.161604,4,walk-in,2026-03-03T14:42:58.164986,2026-03-03T14:42:58.164986,False,False,ED,discharge,2026-03-03T16:12:52.429639,0.0,97.94
P003529,2026-03-03T14:48:34.341383,3,walk-in,2026-03-03T14:53:48.510188,2026-03-03T14:53:48.510188,False,False,ED,discharge,2026-03-03T19:14:24.402577,0.0,265.83
P003530,2026-03-03T14:50:44.393056,2,walk-in,2026-03-03T14:59:51.830828,2026-03-03T14:59:51.830828,False,True,ED,admit,2026-03-03T19:04:13.456688,0.0,253.48
P003531,2026-03-03T14:53:25.218525,4,walk-in,2026-03-03T14:56:31.092571,2026-03-03T14:56:31.092571,True,False,ED,discharge,2026-03-03T15:39:17.463008,0.0,45.87
P003532,2026-03-03T14:53:38.442010,4,walk-in,2026-03-03T14:59:15.884250,2026-03-03T14:59:15.884250,False,False,ED,discharge,2026-03-03T15:41:35.220639,0.0,47.95
P003533,2026-03-03T15:04:02.553545,3,walk-in,2026-03-03T15:08:48.637773,2026-03-03T15:08:48.637773,False,False,ED,discharge,2026-03-04T03:08:48.637773,0.0,724.77
P003534,2026-03-03T15:12:04.387109,3,walk-in,2026-03-03T15:18:15.521388,2026-03-03T15:18:15.521388,False,False,ED,discharge,2026-03-04T00:04:18.792355,0.0,532.24
P003535,2026-03-03T15:18:33.796864,4,walk-in,2026-03-03T15:26:50.368927,2026-03-03T15:26:50.368927,False,False,ED,discharge,2026-03-03T17:12:23.051707,0.0,113.82
P003536,2026-03-03T15:20:29.886431,5,walk-in,2026-03-03T15:24:00.220906,2026-03-03T15:24:00.220906,False,False,ED,discharge,2026-03-03T16:29:36.108147,0.0,69.1
P003537,2026-03-03T15:21:10.027913,4,walk-in,2026-03-03T15:27:59.996078,2026-03-03T15:27:59.996078,True,False,ED,discharge,2026-03-03T16:13:27.880665,0.0,52.3
P003538,2026-03-03T15:24:47.083679,3,ambulance,2026-03-03T15:30:04.679782,2026-03-03T15:30:04.679782,True,False,ED,discharge,2026-03-03T23:48:20.495455,0.0,503.56
P003539,2026-03-03T15:25:46.763847,3,walk-in,2026-03-03T15:30:26.979956,2026-03-03T15:30:26.979956,True,False,ED,discharge,2026-03-04T00:43:34.100350,0.0,557.79
P003540,2026-03-03T15:56:18.644763,4,walk-in,2026-03-03T16:01:03.897799,2026-03-03T16:01:03.897799,False,False,ED,discharge,2026-03-03T16:48:02.423431,0.0,51.73
P003541,2026-03-03T16:00:35.933289,2,walk-in,2026-03-03T16:10:14.432736,2026-03-03T16:10:14.432736,False,False,ED,admit,2026-03-03T19:07:28.379411,0.0,186.87
P003542,2026-03-03T16:01:01.125447,3,walk-in,2026-03-03T16:08:09.711268,2026-03-03T16:08:09.711268,True,False,ED,discharge,2026-03-03T20:10:23.266660,0.0,249.37
P003543,2026-03-03T16:05:16.090162,2,walk-in,2026-03-03T16:10:03.047431,2026-03-03T16:10:03.047431,True,False,ED,discharge,2026-03-03T19:30:46.885252,0.0,205.51
P003544,2026-03-03T16:05:37.994161,4,walk-in,2026-03-03T16:10:52.109975,2026-03-03T16:10:52.109975,True,False,ED,discharge,2026-03-03T17:24:14.190311,0.0,78.6
P003545,2026-03-03T16:06:59.641575,4,walk-in,2026-03-03T16:10:11.288921,2026-03-03T16:10:11.288921,False,False,ED,discharge,2026-03-03T19:00:36.465563,0.0,173.61
P003546,2026-03-03T16:13:01.516712,3,walk-in,2026-03-03T16:16:23.350740,2026-03-03T16:16:23.350740,True,False,ED,discharge,2026-03-03T20:30:01.433598,0.0,257.0
P003547,2026-03-03T16:13:45.365785,2,walk-in,2026-03-03T16:22:44.092001,2026-03-03T16:22:44.092001,True,True,ED,admit,2026-03-03T21:03:13.340823,0.0,289.47
P003548,2026-03-03T16:18:16.581509,4,walk-in,2026-03-03T16:23:12.938771,2026-03-03T16:23:12.938771,False,False,ED,discharge,2026-03-03T17:21:10.070229,0.0,62.89
P003549,2026-03-03T16:19:46.254747,3,walk-in,2026-03-03T16:25:24.610335,2026-03-03T16:25:24.610335,True,True,ED,discharge,2026-03-03T20:39:17.791397,0.0,259.53
P003550,2026-03-03T16:22:51.373483,4,walk-in,2026-03-03T16:31:25.243250,2026-03-03T16:31:25.243250,False,False,ED,discharge,2026-03-03T17:30:50.344623,0.0,67.98
P003551,2026-03-03T16:23:19.252212,3,walk-in,2026-03-03T16:28:48.600087,2026-03-03T16:28:48.600087,False,False,ED,discharge,2026-03-03T20:07:05.746176,0.0,223.77
P003552,2026-03-03T16:37:29.786619,3,walk-in,2026-03-03T16:44:33.749539,2026-03-03T16:44:33.749539,False,True,ED,discharge,2026-03-03T18:44:33.749539,0.0,127.07
P003553,2026-03-03T16:42:41.869989,5,walk-in,2026-03-03T16:50:31.645163,2026-03-03T16:50:31.645163,False,False,ED,discharge,2026-03-03T17:58:32.624184,0.0,75.85
P003554,2026-03-03T16:45:52.194877,3,walk-in,2026-03-03T16:51:51.683433,2026-03-03T16:51:51.683433,False,False,ED,discharge,2026-03-04T01:18:25.509913,0.0,512.56
P003555,2026-03-03T16:57:13.381390,3,walk-in,2026-03-03T17:02:55.280340,2026-03-03T17:02:55.280340,True,False,ED,discharge,2026-03-04T04:04:26.417747,0.0,667.22
P003556,2026-03-03T17:00:46.320086,4,walk-in,2026-03-03T17:05:14.181083,2026-03-03T17:05:14.181083,False,False,ED,discharge,2026-03-03T17:52:14.754232,0.0,51.47
P003557,2026-03-03T17:09:58.324677,3,walk-in,2026-03-03T17:16:43.990260,2026-03-03T17:16:43.990260,False,False,ED,admit,2026-03-04T02:17:40.052008,0.0,547.7
P003558,2026-03-03T17:19:29.557852,5,walk-in,2026-03-03T17:28:32.889884,2026-03-03T17:28:32.889884,False,False,ED,discharge,2026-03-03T17:52:12.087361,0.0,32.71
P003559,2026-03-03T17:25:24.668576,3,walk-in,2026-03-03T17:29:49.384763,2026-03-03T17:29:49.384763,False,False,ED,discharge,2026-03-03T21:52:57.629119,0.0,267.55
P003560,2026-03-03T17:28:07.585300,4,walk-in,2026-03-03T17:35:09.473193,2026-03-03T17:35:09.473193,False,False,ED,discharge,2026-03-03T18:20:34.424659,0.0,52.45
P003561,2026-03-03T17:36:57.835906,3,walk-in,2026-03-03T17:43:07.138209,2026-03-03T17:43:07.138209,False,True,ED,discharge,2026-03-04T03:24:43.398360,0.0,587.76
P003562,2026-03-03T17:52:38.479626,4,walk-in,2026-03-03T17:58:02.591317,2026-03-03T17:58:02.591317,False,False,ED,discharge,2026-03-03T19:57:35.893953,0.0,124.96
P003563,2026-03-03T18:29:43.033264,4,walk-in,2026-03-03T18:34:46.235199,2026-03-03T18:34:46.235199,True,False,ED,discharge,2026-03-03T19:22:26.015360,0.0,52.72
P003564,2026-03-03T18:30:07.583264,4,walk-in,2026-03-03T18:34:37.705603,2026-03-03T18:34:37.705603,False,False,ED,discharge,2026-03-03T21:03:28.949565,0.0,153.36
P003565,2026-03-03T18:37:38.902912,3,walk-in,2026-03-03T18:46:15.691070,2026-03-03T18:46:15.691070,False,False,ED,discharge,2026-03-04T02:12:27.299244,0.0,454.81
P003566,2026-03-03T18:39:24.520830,3,walk-in,2026-03-03T18:43:40.556856,2026-03-03T18:43:40.556856,False,False,ED,discharge,2026-03-04T03:43:37.804550,0.0,544.22
P003567,2026-03-03T19:31:34.747944,5,walk-in,2026-03-03T19:37:30.971241,2026-03-03T19:37:30.971241,False,False,ED,discharge,2026-03-03T20:26:53.429154,0.0,55.31
P003568,2026-03-03T19:40:21.356777,3,walk-in,2026-03-03T19:49:10.761167,2026-03-03T19:49:10.761167,False,True,ED,discharge,2026-03-04T00:51:05.970773,0.0,310.74
P003569,2026-03-03T19:40:38.434850,4,walk-in,2026-03-03T19:47:22.726612,2026-03-03T19:47:22.726612,False,False,ED,discharge,2026-03-03T20:50:31.653287,0.0,69.89
P003570,2026-03-03T20:13:08.700750,4,walk-in,2026-03-03T20:18:58.521278,2026-03-03T20:18:58.521278,False,False,ED,discharge,2026-03-03T20:58:58.521278,0.0,45.83
P003571,2026-03-03T20:18:48.900847,5,walk-in,2026-03-03T20:26:48.470966,2026-03-03T20:26:48.470966,False,False,ED,discharge,2026-03-03T22:56:48.470966,0.0,157.99
P003572,2026-03-03T20:21:00.180826,3,walk-in,2026-03-03T20:26:34.913052,2026-03-03T20:26:34.913052,False,False,ED,admit,2026-03-04T05:17:48.504837,0.0,536.81
P003573,2026-03-03T20:33:28.954726,3,walk-in,2026-03-03T20:42:24.860574,2026-03-03T20:42:24.860574,True,False,ED,discharge,2026-03-04T05:24:47.699770,0.0,531.31
P003574,2026-03-03T20:50:17.145359,3,walk-in,2026-03-03T20:55:52.373817,2026-03-03T20:55:52.373817,True,False,ED,discharge,2026-03-04T05:33:30.230872,0.0,523.22
P003575,2026-03-03T20:55:51.982706,4,walk-in,2026-03-03T21:05:48.560148,2026-03-03T21:05:48.560148,False,False,ED,discharge,2026-03-03T23:28:44.001081,0.0,152.87
P003576,2026-03-03T20:59:21.222853,4,walk-in,2026-03-03T21:08:38.540587,2026-03-03T21:08:38.540587,False,False,ED,discharge,2026-03-03T22:39:19.358481,0.0,99.97
P003577,2026-03-03T21:08:02.915116,4,walk-in,2026-03-03T21:16:14.072757,2026-03-03T21:16:14.072757,True,False,ED,discharge,2026-03-03T23:15:16.954355,0.0,127.23
P003578,2026-03-03T21:30:09.059745,5,walk-in,2026-03-03T21:34:30.920344,2026-03-03T21:34:30.920344,False,False,ED,discharge,2026-03-03T22:43:29.330675,0.0,73.34
P003579,2026-03-03T22:23:02.735038,3,walk-in,2026-03-03T22:31:53.987464,2026-03-03T22:31:53.987464,False,False,ED,discharge,2026-03-04T02:27:50.719593,0.0,244.8
P003580,2026-03-03T22:40:48.198564,4,walk-in,2026-03-03T22:50:10.507179,2026-03-03T22:50:10.507179,False,False,ED,discharge,2026-03-04T00:10:53.908989,0.0,90.1
P003581,2026-03-03T22:52:28.636367,3,walk-in,2026-03-03T23:00:19.781183,2026-03-03T23:00:19.781183,False,True,ED,discharge,2026-03-04T01:50:55.068913,0.0,178.44
P003582,2026-03-03T23:44:22.292840,1,ambulance,2026-03-03T23:50:41.987675,2026-03-03T23:50:41.987675,False,False,ICU,admit,2026-03-04T03:41:38.885787,0.0,237.28
P003583,2026-03-04T00:00:51.138126,3,walk-in,2026-03-04T00:06:37.684497,2026-03-04T00:06:37.684497,True,False,ED,discharge,2026-03-04T02:06:37.684497,0.0,125.78
P003584,2026-03-04T00:12:59.869391,3,walk-in,2026-03-04T00:21:04.109221,2026-03-04T00:21:04.109221,False,False,ED,admit,2026-03-04T02:21:04.109221,0.0,128.07
P003585,2026-03-04T00:14:03.522220,2,ambulance,2026-03-04T00:17:36.716900,2026-03-04T00:17:36.716900,False,False,ED,discharge,2026-03-04T06:07:44.841796,0.0,353.69
P003586,2026-03-04T00:16:11.177714,4,walk-in,2026-03-04T00:21:55.289823,2026-03-04T00:21:55.289823,False,False,ED,discharge,2026-03-04T01:36:14.758186,0.0,80.06
P003587,2026-03-04T01:00:40.084004,2,transfer,2026-03-04T01:08:02.005114,2026-03-04T01:08:02.005114,False,True,ED,admit,2026-03-04T02:51:47.753298,0.0,111.13
P003588,2026-03-04T01:08:13.548318,2,ambulance,2026-03-04T01:11:30.123492,2026-03-04T01:11:30.123492,True,False,ED,discharge,2026-03-04T03:46:39.828150,0.0,158.44
P003589,2026-03-04T01:48:47.308636,3,walk-in,2026-03-04T01:52:41.985732,2026-03-04T01:52:41.985732,True,False,ED,discharge,2026-03-04T07:26:15.123357,0.0,337.46
P003590,2026-03-04T02:07:14.657638,5,walk-in,2026-03-04T02:12:56.587853,2026-03-04T02:12:56.587853,False,False,ED,discharge,2026-03-04T03:10:36.814981,0.0,63.37
P003591,2026-03-04T02:11:03.760095,4,walk-in,2026-03-04T02:19:56.468585,2026-03-04T02:19:56.468585,False,False,ED,discharge,2026-03-04T03:10:44.612010,0.0,59.68
P003592,2026-03-04T05:59:36.904906,3,walk-in,2026-03-04T06:06:39.080571,2026-03-04T06:06:39.080571,False,False,ED,discharge,2026-03-04T12:36:03.498836,0.0,396.44
P003593,2026-03-04T06:24:39.355691,4,walk-in,2026-03-04T06:33:32.323380,2026-03-04T06:33:32.323380,False,False,ED,discharge,2026-03-04T07:13:32.323380,0.0,48.88
P003594,2026-03-04T07:08:06.237828,3,walk-in,2026-03-04T07:13:47.128812,2026-03-04T07:13:47.128812,False,False,ED,admit,2026-03-04T09:29:37.497703,0.0,141.52
P003595,2026-03-04T07:08:08.735441,3,walk-in,2026-03-04T07:14:21.298717,2026-03-04T07:14:21.298717,False,True,ED,discharge,2026-03-04T11:45:48.160810,0.0,277.66
P003596,2026-03-04T07:14:09.289164,3,walk-in,2026-03-04T07:20:52.906964,2026-03-04T07:20:52.906964,False,False,ED,discharge,2026-03-04T19:20:52.906964,0.0,726.73
P003597,2026-03-04T07:22:41.390290,3,transfer,2026-03-04T07:31:32.101905,2026-03-04T07:31:32.101905,False,False,ED,admit,2026-03-04T17:58:23.037330,0.0,635.69
P003598,2026-03-04T07:25:47.908112,4,walk-in,2026-03-04T07:28:55.362237,2026-03-04T07:28:55.362237,False,False,ED,discharge,2026-03-04T08:18:45.691906,0.0,52.96
P003599,2026-03-04T07:54:01.367602,2,ambulance,2026-03-04T08:03:05.737316,2026-03-04T08:03:05.737316,True,False,ED,admit,2026-03-04T10:38:16.152500,0.0,164.25
P003600,2026-03-04T08:11:27.426362,3,walk-in,2026-03-04T08:15:07.528977,2026-03-04T08:15:07.528977,False,False,ED,discharge,2026-03-04T11:31:01.470855,0.0,199.57
P003601,2026-03-04T08:20:51.866725,2,ambulance,2026-03-04T08:30:30.774549,2026-03-04T08:30:30.774549,False,True,ED,discharge,2026-03-04T14:12:58.193169,0.0,352.11
P003602,2026-03-04T08:40:30.532241,4,walk-in,2026-03-04T08:49:43.675198,2026-03-04T08:49:43.675198,False,False,ED,discharge,2026-03-04T09:29:53.731086,0.0,49.39
P003603,2026-03-04T08:41:59.685302,4,walk-in,2026-03-04T08:45:21.416135,2026-03-04T08:45:21.416135,False,False,ED,discharge,2026-03-04T09:53:33.001979,0.0,71.56
P003604,2026-03-04T08:51:52.592898,3,walk-in,2026-03-04T08:58:46.872720,2026-03-04T08:58:46.872720,False,False,ED,discharge,2026-03-04T17:57:50.995316,0.0,545.97
P003605,2026-03-04T09:09:59.992292,4,walk-in,2026-03-04T09:18:16.225049,2026-03-04T09:18:16.225049,False,False,ED,discharge,2026-03-04T11:03:07.649305,0.0,113.13
P003606,2026-03-04T09:16:07.839917,4,walk-in,2026-03-04T09:20:02.302066,2026-03-04T09:20:02.302066,False,False,ED,discharge,2026-03-04T10:32:41.934722,0.0,76.57
P003607,2026-03-04T09:45:54.832422,4,walk-in,2026-03-04T09:50:40.779151,2026-03-04T09:50:40.779151,False,False,ED,discharge,2026-03-04T12:36:01.717579,0.0,170.11
P003608,2026-03-04T09:56:01.201143,3,walk-in,2026-03-04T10:05:34.188734,2026-03-04T10:05:34.188734,True,False,ED,discharge,2026-03-04T18:33:01.548269,0.0,517.01
P003609,2026-03-04T10:04:18.705320,3,walk-in,2026-03-04T10:11:23.328362,2026-03-04T10:11:23.328362,False,False,ED,discharge,2026-03-04T18:01:08.512876,0.0,476.83
P003610,2026-03-04T10:30:42.194971,4,walk-in,2026-03-04T10:39:16.440032,2026-03-04T10:39:16.440032,False,False,ED,discharge,2026-03-04T11:19:16.440032,0.0,48.57
P003611,2026-03-04T10:42:05.657852,4,walk-in,2026-03-04T10:47:40.430461,2026-03-04T10:47:40.430461,False,False,ED,discharge,2026-03-04T11:27:40.430461,0.0,45.58
P003612,2026-03-04T10:46:04.994774,5,walk-in,2026-03-04T10:53:51.631948,2026-03-04T10:53:51.631948,False,False,ED,discharge,2026-03-04T11:44:45.974119,0.0,58.68
P003613,2026-03-04T10:48:44.668268,2,transfer,2026-03-04T10:53:57.905918,2026-03-04T10:53:57.905918,True,False,ED,discharge,2026-03-04T14:02:23.129065,0.0,193.64
P003614,2026-03-04T10:52:05.234154,3,transfer,2026-03-04T10:59:36.068928,2026-03-04T10:59:36.068928,False,False,ED,discharge,2026-03-04T13:00:19.095304,0.0,128.23
P003615,2026-03-04T10:52:43.486221,4,walk-in,2026-03-04T11:00:44.869537,2026-03-04T11:00:44.869537,False,False,ED,discharge,2026-03-04T11:44:33.865615,0.0,51.84
P003616,2026-03-04T10:59:58.491249,4,transfer,2026-03-04T11:07:04.516873,2026-03-04T11:07:04.516873,False,False,ED,discharge,2026-03-04T12:06:41.959197,0.0,66.72
P003617,2026-03-04T11:04:00.901284,3,walk-in,2026-03-04T11:11:26.575299,2026-03-04T11:11:26.575299,False,True,ED,discharge,2026-03-04T13:11:26.575299,0.0,127.43
P003618,2026-03-04T11:13:27.664852,2,walk-in,2026-03-04T11:19:59.841106,2026-03-04T11:19:59.841106,False,True,ED,admit,2026-03-04T15:35:26.163586,0.0,261.97
P003619,2026-03-04T11:21:58.336123,5,walk-in,2026-03-04T11:31:07.036819,2026-03-04T11:31:07.036819,False,False,ED,discharge,2026-03-04T11:57:20.741014,0.0,35.37
P003620,2026-03-04T11:22:20.243066,4,walk-in,2026-03-04T11:29:11.302135,2026-03-04T11:29:11.302135,False,True,ED,discharge,2026-03-04T12:33:34.842792,0.0,71.24
P003621,2026-03-04T11:25:15.627943,3,walk-in,2026-03-04T11:32:56.105988,2026-03-04T11:32:56.105988,False,False,ED,discharge,2026-03-04T14:43:24.138253,0.0,198.14
P003622,2026-03-04T11:26:07.536684,3,walk-in,2026-03-04T11:34:24.534026,2026-03-04T11:34:24.534026,True,False,ED,discharge,2026-03-04T18:24:45.870957,0.0,418.64
P003623,2026-03-04T11:28:02.615295,4,transfer,2026-03-04T11:31:08.503780,2026-03-04T11:31:08.503780,False,True,ED,discharge,2026-03-04T13:53:37.597205,0.0,145.58
P003624,2026-03-04T11:38:29.661569,3,walk-in,2026-03-04T11:42:42.949663,2026-03-04T11:42:42.949663,False,False,ED,admit,2026-03-04T14:46:16.450947,0.0,187.78
P003625,2026-03-04T12:01:17.193020,4,walk-in,2026-03-04T12:07:15.079466,2026-03-04T12:07:15.079466,False,False,ED,discharge,2026-03-04T12:47:15.079466,0.0,45.96
P003626,2026-03-04T12:02:05.970574,3,walk-in,2026-03-04T12:09:12.226539,2026-03-04T12:09:12.226539,True,False,ED,discharge,2026-03-04T15:44:03.500857,0.0,221.96
P003627,2026-03-04T12:03:52.800568,5,walk-in,2026-03-04T12:13:28.863690,2026-03-04T12:13:28.863690,False,False,ED,discharge,2026-03-04T12:47:31.511923,0.0,43.65
P003628,2026-03-04T12:06:35.876361,3,walk-in,2026-03-04T12:15:06.423154,2026-03-04T12:15:06.423154,True,False,ED,discharge,2026-03-04T14:15:06.423154,0.0,128.51
P003629,2026-03-04T12:09:34.212968,3,ambulance,2026-03-04T12:17:13.771603,2026-03-04T12:17:13.771603,True,False,ED,discharge,2026-03-04T15:00:11.685400,0.0,170.62
P003630,2026-03-04T12:15:29.803557,3,walk-in,2026-03-04T12:23:17.807338,2026-03-04T12:23:17.807338,True,False,ED,discharge,2026-03-04T15:25:56.499499,0.0,190.44
P003631,2026-03-04T12:18:12.458486,5,transfer,2026-03-04T12:25:22.917059,2026-03-04T12:25:22.917059,False,False,ED,discharge,2026-03-04T14:09:37.881717,0.0,111.42
P003632,2026-03-04T12:18:55.090313,3,walk-in,2026-03-04T12:25:14.408583,2026-03-04T12:25:14.408583,False,False,ED,discharge,2026-03-04T14:25:14.408583,0.0,126.32
P003633,2026-03-04T12:23:48.644859,4,walk-in,2026-03-04T12:32:11.224398,2026-03-04T12:32:11.224398,False,False,ED,discharge,2026-03-04T13:57:36.708571,0.0,93.8
P003634,2026-03-04T12:26:52.861682,2,walk-in,2026-03-04T12:32:35.341773,2026-03-04T12:32:35.341773,False,False,ED,admit,2026-03-04T22:32:35.341773,0.0,605.71
P003635,2026-03-04T12:29:33.763111,3,walk-in,2026-03-04T12:37:39.374797,2026-03-04T12:37:39.374797,False,False,ED,discharge,2026-03-05T00:37:39.374797,0.0,728.09
P003636,2026-03-04T12:34:10.091441,4,walk-in,2026-03-04T12:38:23.951614,2026-03-04T12:38:23.951614,False,False,ED,discharge,2026-03-04T14:07:16.754745,0.0,93.11
P003637,2026-03-04T12:44:29.263271,3,walk-in,2026-03-04T12:50:23.646792,2026-03-04T12:50:23.646792,False,False,ED,discharge,2026-03-04T15:40:10.306779,0.0,175.68
P003638,2026-03-04T12:47:48.325856,4,walk-in,2026-03-04T12:53:38.377020,2026-03-04T12:53:38.377020,False,False,ED,discharge,2026-03-04T14:40:06.077472,0.0,112.3
P003639,2026-03-04T12:49:34.180107,5,walk-in,2026-03-04T12:55:19.854470,2026-03-04T12:55:19.854470,False,False,ED,discharge,2026-03-04T13:58:08.546449,0.0,68.57
P003640,2026-03-04T12:59:26.205485,4,walk-in,2026-03-04T13:09:22.898536,2026-03-04T13:09:22.898536,False,True,ED,discharge,2026-03-04T14:39:46.637639,0.0,100.34
P003641,2026-03-04T13:01:11.618190,2,walk-in,2026-03-04T13:09:44.485913,2026-03-04T13:09:44.485913,True,False,ED,discharge,2026-03-04T19:37:28.910685,0.0,396.29
P003642,2026-03-04T13:08:56.516709,5,walk-in,2026-03-04T13:17:52.196215,2026-03-04T13:17:52.196215,False,False,ED,discharge,2026-03-04T14:10:38.995205,0.0,61.71
P003643,2026-03-04T13:21:07.641408,3,walk-in,2026-03-04T13:29:29.003476,2026-03-04T13:29:29.003476,False,False,ED,admit,2026-03-04T17:02:25.909557,0.0,221.3
P003644,2026-03-04T13:45:40.911733,4,walk-in,2026-03-04T13:51:14.165724,2026-03-04T13:51:14.165724,False,False,ED,discharge,2026-03-04T14:31:14.165724,0.0,45.55
P003645,2026-03-04T13:58:48.809532,4,walk-in,2026-03-04T14:05:37.342161,2026-03-04T14:05:37.342161,False,False,ED,discharge,2026-03-04T15:00:59.445979,0.0,62.18
P003646,2026-03-04T13:59:58.779809,4,walk-in,2026-03-04T14:09:52.770166,2026-03-04T14:09:52.770166,False,False,ED,discharge,2026-03-04T16:19:20.283394,0.0,139.36
P003647,2026-03-04T14:13:16.516737,5,walk-in,2026-03-04T14:21:12.114053,2026-03-04T14:21:12.114053,False,False,ED,discharge,2026-03-04T15:15:43.642759,0.0,62.45
P003648,2026-03-04T14:16:20.890463,4,walk-in,2026-03-04T14:20:49.991276,2026-03-04T14:20:49.991276,True,False,ED,discharge,2026-03-04T15:49:04.305932,0.0,92.72
P003649,2026-03-04T14:17:47.805041,3,walk-in,2026-03-04T14:22:32.684814,2026-03-04T14:22:32.684814,False,False,ED,discharge,2026-03-04T16:54:50.374337,0.0,157.04
P003650,2026-03-04T14:19:06.842368,4,transfer,2026-03-04T14:25:47.888684,2026-03-04T14:25:47.888684,False,False,ED,discharge,2026-03-04T16:32:35.611182,0.0,133.48
P003651,2026-03-04T14:26:02.468013,3,walk-in,2026-03-04T14:29:38.156862,2026-03-04T14:29:38.156862,False,False,ED,discharge,2026-03-04T17:21:19.036530,0.0,175.28
P003652,2026-03-04T14:35:33.971651,3,walk-in,2026-03-04T14:43:24.109059,2026-03-04T14:43:24.109059,False,False,ED,admit,2026-03-04T18:17:10.153412,0.0,221.6
P003653,2026-03-04T14:35:48.126111,3,ambulance,2026-03-04T14:43:28.223483,2026-03-04T14:43:28.223483,False,False,ED,discharge,2026-03-04T22:35:57.992809,0.0,480.16
P003654,2026-03-04T14:45:19.042489,3,walk-in,2026-03-04T14:54:17.664419,2026-03-04T14:54:17.664419,False,False,ED,admit,2026-03-05T02:54:17.664419,0.0,728.98
P003655,2026-03-04T15:01:24.652144,3,walk-in,2026-03-04T15:08:57.197832,2026-03-04T15:08:57.197832,False,False,ED,discharge,2026-03-04T17:16:36.880287,0.0,135.2
P003656,2026-03-04T15:09:38.747854,3,walk-in,2026-03-04T15:14:53.550563,2026-03-04T15:14:53.550563,False,False,ED,discharge,2026-03-04T17:14:53.550563,0.0,125.25
P003657,2026-03-04T15:16:39.778180,1,transfer,2026-03-04T15:26:39.236619,2026-03-04T15:26:39.236619,False,False,ICU,admit,2026-03-04T16:26:39.236619,0.0,69.99
P003658,2026-03-04T15:20:05.014282,3,walk-in,2026-03-04T15:29:37.945481,2026-03-04T15:29:37.945481,False,True,ED,discharge,2026-03-04T18:07:53.762187,0.0,167.81
P003659,2026-03-04T15:21:56.494906,4,walk-in,2026-03-04T15:25:00.920624,2026-03-04T15:25:00.920624,True,False,ED,discharge,2026-03-04T16:30:18.615157,0.0,68.37
P003660,2026-03-04T15:29:13.490681,4,walk-in,2026-03-04T15:35:43.300956,2026-03-04T15:35:43.300956,True,False,ED,discharge,2026-03-04T16:26:28.060013,0.0,57.24
P003661,2026-03-04T15:39:06.945149,4,walk-in,2026-03-04T15:43:28.366950,2026-03-04T15:43:28.366950,False,False,ED,discharge,2026-03-04T16:29:37.612045,0.0,50.51
P003662,2026-03-04T15:40:55.392012,4,walk-in,2026-03-04T15:49:07.768343,2026-03-04T15:49:07.768343,False,False,ED,discharge,2026-03-04T19:36:17.399245,0.0,235.37
P003663,2026-03-04T15:59:21.307083,5,walk-in,2026-03-04T16:08:24.736900,2026-03-04T16:08:24.736900,False,False,ED,discharge,2026-03-04T17:37:04.274277,0.0,97.72
P003664,2026-03-04T15:59:28.736553,3,walk-in,2026-03-04T16:03:55.565680,2026-03-04T16:03:55.565680,False,False,ED,discharge,2026-03-05T02:52:06.227740,0.0,652.62
P003665,2026-03-04T16:01:30.583840,3,walk-in,2026-03-04T16:08:42.704152,2026-03-04T16:08:42.704152,True,False,ED,discharge,2026-03-04T18:08:42.704152,0.0,127.2
P003666,2026-03-04T16:04:20.286166,3,walk-in,2026-03-04T16:11:17.028657,2026-03-04T16:11:17.028657,True,True,ED,discharge,2026-03-04T21:04:41.109622,0.0,300.35
P003667,2026-03-04T16:04:37.002462,3,transfer,2026-03-04T16:10:29.072172,2026-03-04T16:10:29.072172,True,False,ED,discharge,2026-03-04T19:45:03.302547,0.0,220.44
P003668,2026-03-04T16:06:26.997762,3,walk-in,2026-03-04T16:16:17.330876,2026-03-04T16:16:17.330876,True,False,ED,discharge,2026-03-04T21:44:16.559849,0.0,337.83
P003669,2026-03-04T16:10:04.165558,4,walk-in,2026-03-04T16:16:13.333806,2026-03-04T16:16:13.333806,False,False,ED,discharge,2026-03-04T17:10:00.775195,0.0,59.94
P003670,2026-03-04T16:21:47.633786,2,ambulance,2026-03-04T16:29:12.967975,2026-03-04T16:29:12.967975,True,False,ED,discharge,2026-03-04T23:12:25.673998,0.0,410.63
P003671,2026-03-04T16:24:42.744964,4,walk-in,2026-03-04T16:34:08.648937,2026-03-04T16:34:08.648937,False,False,ED,discharge,2026-03-04T17:20:27.144948,0.0,55.74
P003672,2026-03-04T16:27:42.677990,3,walk-in,2026-03-04T16:31:16.008718,2026-03-04T16:31:16.008718,True,False,ED,discharge,2026-03-04T21:01:08.089357,0.0,273.42
P003673,2026-03-04T16:39:26.248506,5,walk-in,2026-03-04T16:48:26.272310,2026-03-04T16:48:26.272310,False,False,ED,discharge,2026-03-04T17:44:19.299922,0.0,64.88
P003674,2026-03-04T16:41:18.713665,4,walk-in,2026-03-04T16:50:15.018044,2026-03-04T16:50:15.018044,False,False,ED,discharge,2026-03-04T17:40:13.320455,0.0,58.91
P003675,2026-03-04T16:42:10.572001,4,walk-in,2026-03-04T16:47:26.520688,2026-03-04T16:47:26.520688,True,False,ED,discharge,2026-03-04T17:39:15.560465,0.0,57.08
P003676,2026-03-04T16:43:38.029529,3,walk-in,2026-03-04T16:50:36.285058,2026-03-04T16:50:36.285058,False,False,ED,discharge,2026-03-04T22:01:53.797621,0.0,318.26
P003677,2026-03-04T17:19:32.862920,2,walk-in,2026-03-04T17:28:38.149266,2026-03-04T17:28:38.149266,True,True,ED,admit,2026-03-04T21:14:27.883829,0.0,234.92
P003678,2026-03-04T17:23:48.159900,5,walk-in,2026-03-04T17:28:27.592998,2026-03-04T17:28:27.592998,False,False,ED,discharge,2026-03-04T19:10:52.444439,0.0,107.07
P003679,2026-03-04T17:33:20.003303,5,walk-in,2026-03-04T17:42:40.878629,2026-03-04T17:42:40.878629,False,False,ED,discharge,2026-03-04T18:39:07.649179,0.0,65.79
P003680,2026-03-04T17:36:05.306065,4,walk-in,2026-03-04T17:45:30.121360,2026-03-04T17:45:30.121360,False,False,ED,discharge,2026-03-04T19:06:35.124762,0.0,90.5
P003681,2026-03-04T17:39:56.138934,3,walk-in,2026-03-04T17:46:47.991762,2026-03-04T17:46:47.991762,False,False,ED,discharge,2026-03-04T19:46:47.991762,0.0,126.86
P003682,2026-03-04T17:41:41.561372,4,walk-in,2026-03-04T17:46:13.748190,2026-03-04T17:46:13.748190,False,False,ED,discharge,2026-03-04T19:31:38.002731,0.0,109.94
P003683,2026-03-04T17:43:59.779389,3,ambulance,2026-03-04T17:50:29.577114,2026-03-04T17:50:29.577114,False,False,ED,discharge,2026-03-05T05:50:29.577114,0.0,726.5
P003684,2026-03-04T17:51:52.316349,4,walk-in,2026-03-04T17:56:55.097633,2026-03-04T17:56:55.097633,False,False,ED,discharge,2026-03-04T18:42:25.254640,0.0,50.55
P003685,2026-03-04T17:54:45.427352,3,walk-in,2026-03-04T18:04:01.207857,2026-03-04T18:04:01.207857,False,False,ED,discharge,2026-03-04T21:57:25.519452,0.0,242.67
P003686,2026-03-04T18:02:48.268954,3,walk-in,2026-03-04T18:12:27.089318,2026-03-04T18:12:27.089318,False,True,ED,discharge,2026-03-04T21:51:18.794066,0.0,228.51
P003687,2026-03-04T18:17:21.457587,3,ambulance,2026-03-04T18:24:42.341440,2026-03-04T18:24:42.341440,False,False,ED,discharge,2026-03-05T01:17:00.394513,0.0,419.65
P003688,2026-03-04T18:35:28.712134,4,walk-in,2026-03-04T18:45:10.753481,2026-03-04T18:45:10.753481,False,False,ED,discharge,2026-03-04T20:44:31.229498,0.0,129.04
P003689,2026-03-04T18:40:19.253962,4,walk-in,2026-03-04T18:47:27.184305,2026-03-04T18:47:27.184305,False,False,ED,discharge,2026-03-04T21:38:22.064319,0.0,178.05
P003690,2026-03-04T18:42:43.967168,3,walk-in,2026-03-04T18:51:05.189144,2026-03-04T18:51:05.189144,False,False,ED,discharge,2026-03-04T22:30:42.479529,0.0,227.98
P003691,2026-03-04T18:51:26.127606,3,walk-in,2026-03-04T18:55:25.740382,2026-03-04T18:55:25.740382,False,False,ED,discharge,2026-03-05T03:07:39.663571,0.0,496.23
P003692,2026-03-04T19:12:02.722090,2,ambulance,2026-03-04T19:16:22.472496,2026-03-04T19:16:22.472496,True,False,ED,admit,2026-03-04T23:24:30.099420,0.0,252.46
P003693,2026-03-04T19:19:25.069883,2,ambulance,2026-03-04T19:25:08.083068,2026-03-04T19:25:08.083068,True,False,ICU,discharge,2026-03-05T01:38:16.113239,0.0,378.85
P003694,2026-03-04T19:19:46.921661,5,walk-in,2026-03-04T19:26:45.969852,2026-03-04T19:26:45.969852,False,False,ED,discharge,2026-03-04T20:03:38.298796,0.0,43.86
P003695,2026-03-04T19:26:18.251348,4,walk-in,2026-03-04T19:29:53.729223,2026-03-04T19:29:53.729223,False,False,ED,discharge,2026-03-04T21:54:57.202093,0.0,148.65
P003696,2026-03-04T19:28:16.552676,4,walk-in,2026-03-04T19:34:59.444529,2026-03-04T19:34:59.444529,True,False,ED,discharge,2026-03-04T20:24:23.356207,0.0,56.11
P003697,2026-03-04T19:58:02.336740,5,walk-in,2026-03-04T20:07:34.368343,2026-03-04T20:07:34.368343,False,False,ED,discharge,2026-03-04T20:58:17.687116,0.0,60.26
P003698,2026-03-04T20:07:33.998458,3,walk-in,2026-03-04T20:13:53.415861,2026-03-04T20:13:53.415861,False,False,ED,discharge,2026-03-05T03:47:52.585870,0.0,460.31
P003699,2026-03-04T20:09:27.270737,3,walk-in,2026-03-04T20:17:59.387211,2026-03-04T20:17:59.387211,True,False,ED,admit,2026-03-05T00:15:43.452999,0.0,246.27
P003700,2026-03-04T20:14:23.137623,3,walk-in,2026-03-04T20:19:51.730093,2026-03-04T20:19:51.730093,True,True,ED,admit,2026-03-04T22:19:51.730093,0.0,125.48
P003701,2026-03-04T20:14:47.433028,4,walk-in,2026-03-04T20:22:57.136159,2026-03-04T20:22:57.136159,False,True,ED,discharge,2026-03-04T21:30:21.500388,0.0,75.57
P003702,2026-03-04T20:15:01.670549,3,walk-in,2026-03-04T20:20:04.294199,2026-03-04T20:20:04.294199,False,False,ED,discharge,2026-03-05T03:12:16.989629,0.0,417.26
P003703,2026-03-04T20:20:20.771233,2,walk-in,2026-03-04T20:23:27.666020,2026-03-04T20:23:27.666020,True,True,ED,admit,2026-03-04T23:41:55.599311,0.0,201.58
P003704,2026-03-04T20:34:32.351530,3,walk-in,2026-03-04T20:37:38.137992,2026-03-04T20:37:38.137992,False,False,ED,discharge,2026-03-04T22:37:38.137992,0.0,123.1
P003705,2026-03-04T20:39:29.865487,3,walk-in,2026-03-04T20:45:10.476303,2026-03-04T20:45:10.476303,False,False,ED,discharge,2026-03-05T00:06:06.919207,0.0,206.62
P003706,2026-03-04T21:02:10.024442,2,ambulance,2026-03-04T21:10:58.313564,2026-03-04T21:10:58.313564,True,True,ED,discharge,2026-03-04T23:22:59.413859,0.0,140.82
P003707,2026-03-04T21:27:58.902569,2,walk-in,2026-03-04T21:31:08.606149,2026-03-04T21:31:08.606149,False,False,ED,discharge,2026-03-05T03:15:24.975951,0.0,347.43
P003708,2026-03-04T21:35:12.044484,3,walk-in,2026-03-04T21:41:15.624286,2026-03-04T21:41:15.624286,False,False,ED,admit,2026-03-05T00:45:27.016946,0.0,190.25
P003709,2026-03-04T21:46:12.076786,5,walk-in,2026-03-04T21:50:46.687787,2026-03-04T21:50:46.687787,False,False,ED,discharge,2026-03-04T22:32:56.356014,0.0,46.74
P003710,2026-03-04T22:01:55.279974,3,walk-in,2026-03-04T22:11:20.127838,2026-03-04T22:11:20.127838,True,True,ED,discharge,2026-03-05T03:56:34.826220,0.0,354.66
P003711,2026-03-04T22:09:23.182290,2,walk-in,2026-03-04T22:14:27.832805,2026-03-04T22:14:27.832805,False,True,ED,discharge,2026-03-05T00:19:10.253617,0.0,129.78
P003712,2026-03-04T22:17:11.353238,4,walk-in,2026-03-04T22:21:55.422816,2026-03-04T22:21:55.422816,False,False,ED,discharge,2026-03-04T23:04:01.680854,0.0,46.84
P003713,2026-03-04T22:17:26.203751,2,walk-in,2026-03-04T22:25:24.426894,2026-03-04T22:25:24.426894,True,False,ED,admit,2026-03-05T01:33:43.379328,0.0,196.29
P003714,2026-03-04T22:33:13.691960,4,walk-in,2026-03-04T22:37:23.293008,2026-03-04T22:37:23.293008,False,False,ED,discharge,2026-03-04T23:17:23.293008,0.0,44.16
P003715,2026-03-04T22:44:43.490693,4,walk-in,2026-03-04T22:51:46.901522,2026-03-04T22:51:46.901522,False,False,ED,discharge,2026-03-05T01:30:10.870639,0.0,165.46
P003716,2026-03-04T23:00:30.235613,4,walk-in,2026-03-04T23:10:13.119364,2026-03-04T23:10:13.119364,False,False,ED,discharge,2026-03-05T00:36:33.484356,0.0,96.05
P003717,2026-03-04T23:27:15.632805,4,walk-in,2026-03-04T23:34:28.782844,2026-03-04T23:34:28.782844,False,False,ED,discharge,2026-03-05T01:25:11.276257,0.0,117.93
P003718,2026-03-04T23:33:10.318282,3,transfer,2026-03-04T23:38:45.589104,2026-03-04T23:38:45.589104,True,False,ED,discharge,2026-03-05T05:07:10.658121,0.0,334.01
P003719,2026-03-04T23:42:36.733540,2,walk-in,2026-03-04T23:49:06.976549,2026-03-04T23:49:06.976549,True,False,ED,admit,2026-03-05T03:39:16.276137,0.0,236.66
P003720,2026-03-05T00:14:35.972619,2,walk-in,2026-03-05T00:24:33.087205,2026-03-05T00:24:33.087205,True,False,ED,discharge,2026-03-05T02:08:35.531212,0.0,113.99
P003721,2026-03-05T00:23:52.847198,3,transfer,2026-03-05T00:27:45.503692,2026-03-05T00:27:45.503692,True,False,ED,admit,2026-03-05T02:27:45.503692,0.0,123.88
P003722,2026-03-05T00:24:07.067264,4,walk-in,2026-03-05T00:30:35.563409,2026-03-05T00:30:35.563409,False,False,ED,discharge,2026-03-05T02:03:55.596847,0.0,99.81
P003723,2026-03-05T00:40:01.247684,3,walk-in,2026-03-05T00:44:18.500588,2026-03-05T00:44:18.500588,False,False,ED,discharge,2026-03-05T04:13:20.333158,0.0,213.32
P003724,2026-03-05T00:48:05.931627,5,walk-in,2026-03-05T00:54:57.916477,2026-03-05T00:54:57.916477,False,False,ED,discharge,2026-03-05T01:48:26.714048,0.0,60.35
P003725,2026-03-05T01:22:39.288028,5,walk-in,2026-03-05T01:27:01.593218,2026-03-05T01:27:01.593218,False,False,ED,discharge,2026-03-05T02:08:16.272650,0.0,45.62
P003726,2026-03-05T02:12:26.539089,2,ambulance,2026-03-05T02:19:46.569868,2026-03-05T02:19:46.569868,False,False,ICU,discharge,2026-03-05T11:32:39.256817,0.0,560.21
P003727,2026-03-05T05:33:50.648267,3,walk-in,2026-03-05T05:37:07.264672,2026-03-05T05:37:07.264672,True,False,ED,discharge,2026-03-05T11:43:27.537795,0.0,369.61
P003728,2026-03-05T07:16:33.713078,3,walk-in,2026-03-05T07:25:48.694360,2026-03-05T07:25:48.694360,False,False,ED,discharge,2026-03-05T10:11:07.303535,0.0,174.56
P003729,2026-03-05T07:27:00.664276,3,walk-in,2026-03-05T07:36:14.362627,2026-03-05T07:36:14.362627,False,False,ED,discharge,2026-03-05T11:23:29.788144,0.0,236.49
P003730,2026-03-05T07:29:04.874040,2,walk-in,2026-03-05T07:36:50.054681,2026-03-05T07:36:50.054681,False,True,ICU,discharge,2026-03-05T10:35:17.644084,0.0,186.21
P003731,2026-03-05T07:32:00.104820,4,walk-in,2026-03-05T07:41:15.130427,2026-03-05T07:41:15.130427,False,False,ED,discharge,2026-03-05T10:27:29.594144,0.0,175.49
P003732,2026-03-05T07:54:13.475178,3,walk-in,2026-03-05T07:59:24.215335,2026-03-05T07:59:24.215335,False,False,ED,admit,2026-03-05T09:59:24.215335,0.0,125.18
P003733,2026-03-05T08:14:50.849543,3,transfer,2026-03-05T08:23:07.328425,2026-03-05T08:23:07.328425,True,False,ED,discharge,2026-03-05T13:04:36.593018,0.0,289.76
P003734,2026-03-05T08:21:08.293669,3,walk-in,2026-03-05T08:30:59.082998,2026-03-05T08:30:59.082998,False,False,ED,discharge,2026-03-05T16:48:19.590204,0.0,507.19
P003735,2026-03-05T08:24:33.934797,3,ambulance,2026-03-05T08:32:45.442034,2026-03-05T08:32:45.442034,False,False,ED,discharge,2026-03-05T11:16:37.438548,0.0,172.06
P003736,2026-03-05T08:25:24.148834,3,walk-in,2026-03-05T08:29:24.969256,2026-03-05T08:29:24.969256,False,True,ED,discharge,2026-03-05T10:48:53.409019,0.0,143.49
P003737,2026-03-05T08:28:52.474271,3,walk-in,2026-03-05T08:32:38.670612,2026-03-05T08:32:38.670612,False,False,ED,discharge,2026-03-05T16:24:55.580056,0.0,476.05
P003738,2026-03-05T08:38:04.411584,2,ambulance,2026-03-05T08:43:54.807880,2026-03-05T08:43:54.807880,True,False,ED,admit,2026-03-05T13:43:08.311638,0.0,305.07
P003739,2026-03-05T08:53:56.235492,4,walk-in,2026-03-05T09:03:50.446789,2026-03-05T09:03:50.446789,False,False,ED,discharge,2026-03-05T10:13:04.805104,0.0,79.14
P003740,2026-03-05T09:04:22.525585,5,walk-in,2026-03-05T09:08:17.315793,2026-03-05T09:08:17.315793,False,False,ED,discharge,2026-03-05T09:59:18.507859,0.0,54.93
P003741,2026-03-05T09:08:36.785538,4,walk-in,2026-03-05T09:12:21.055126,2026-03-05T09:12:21.055126,True,False,ED,discharge,2026-03-05T10:46:55.495897,0.0,98.31
P003742,2026-03-05T09:11:29.002689,4,walk-in,2026-03-05T09:20:55.923746,2026-03-05T09:20:55.923746,False,False,ED,discharge,2026-03-05T10:19:33.603561,0.0,68.08
P003743,2026-03-05T09:14:47.509854,2,walk-in,2026-03-05T09:17:52.387982,2026-03-05T09:17:52.387982,False,False,ED,discharge,2026-03-05T11:23:57.723320,0.0,129.17
P003744,2026-03-05T09:15:40.449007,4,walk-in,2026-03-05T09:21:10.855628,2026-03-05T09:21:10.855628,False,False,ED,discharge,2026-03-05T10:16:38.396666,0.0,60.97
P003745,2026-03-05T09:18:24.670949,3,walk-in,2026-03-05T09:23:05.390349,2026-03-05T09:23:05.390349,False,False,ED,admit,2026-03-05T16:22:15.843122,0.0,423.85
P003746,2026-03-05T09:32:51.291522,4,walk-in,2026-03-05T09:39:12.445115,2026-03-05T09:39:12.445115,True,False,ED,discharge,2026-03-05T10:41:25.749186,0.0,68.57
P003747,2026-03-05T09:39:15.066508,5,walk-in,2026-03-05T09:45:22.282009,2026-03-05T09:45:22.282009,False,False,ED,discharge,2026-03-05T10:35:23.588906,0.0,56.14
P003748,2026-03-05T09:43:49.057847,3,walk-in,2026-03-05T09:48:09.547898,2026-03-05T09:48:09.547898,True,False,ED,discharge,2026-03-05T21:48:09.547898,0.0,724.34
P003749,2026-03-05T09:49:02.118500,4,walk-in,2026-03-05T09:53:10.668656,2026-03-05T09:53:10.668656,False,False,ED,discharge,2026-03-05T10:47:05.158182,0.0,58.05
P003750,2026-03-05T10:02:13.649233,4,walk-in,2026-03-05T10:11:41.948846,2026-03-05T10:11:41.948846,False,False,ED,discharge,2026-03-05T11:23:01.372550,0.0,80.8
P003751,2026-03-05T10:05:11.711603,5,walk-in,2026-03-05T10:14:53.693849,2026-03-05T10:14:53.693849,False,False,ED,discharge,2026-03-05T10:35:12.426986,0.0,30.01
P003752,2026-03-05T10:06:17.239699,3,walk-in,2026-03-05T10:11:28.176352,2026-03-05T10:11:28.176352,False,False,ED,admit,2026-03-05T15:41:22.588245,0.0,335.09
P003753,2026-03-05T10:07:57.086445,3,walk-in,2026-03-05T10:14:14.470898,2026-03-05T10:14:14.470898,False,False,ED,admit,2026-03-05T22:14:14.470898,0.0,726.29
P003754,2026-03-05T10:19:31.980027,1,ambulance,2026-03-05T10:26:42.766739,2026-03-05T10:26:42.766739,True,False,ICU,transfer,2026-03-05T11:51:43.140249,0.0,92.19
P003755,2026-03-05T10:22:57.556370,3,ambulance,2026-03-05T10:26:48.899694,2026-03-05T10:26:48.899694,False,True,ED,admit,2026-03-05T13:47:57.398653,0.0,205.0
P003756,2026-03-05T10:23:05.292655,2,ambulance,2026-03-05T10:26:49.084333,2026-03-05T10:26:49.084333,False,True,ICU,admit,2026-03-05T15:09:20.031822,0.0,286.25
P003757,2026-03-05T10:24:24.154694,2,transfer,2026-03-05T10:31:49.370204,2026-03-05T10:31:49.370204,False,False,ICU,admit,2026-03-05T15:14:58.040418,0.0,290.56
P003758,2026-03-05T10:36:25.549270,3,walk-in,2026-03-05T10:41:55.764819,2026-03-05T10:41:55.764819,False,False,ED,admit,2026-03-05T12:41:55.764819,0.0,125.5
P003759,2026-03-05T10:40:33.144695,5,walk-in,2026-03-05T10:45:35.267879,2026-03-05T10:45:35.267879,False,False,ED,discharge,2026-03-05T11:20:21.490328,0.0,39.81
P003760,2026-03-05T10:48:53.940221,3,walk-in,2026-03-05T10:52:56.332242,2026-03-05T10:52:56.332242,True,True,ED,discharge,2026-03-05T16:23:58.866712,0.0,335.08
P003761,2026-03-05T10:49:04.096336,5,walk-in,2026-03-05T10:57:57.897214,2026-03-05T10:57:57.897214,False,False,ED,discharge,2026-03-05T12:23:46.043900,0.0,94.7
P003762,2026-03-05T11:03:34.576622,3,walk-in,2026-03-05T11:09:37.905814,2026-03-05T11:09:37.905814,True,False,ED,discharge,2026-03-05T15:58:29.075138,0.0,294.91
P003763,2026-03-05T11:04:20.618873,5,walk-in,2026-03-05T11:08:13.663179,2026-03-05T11:08:13.663179,False,False,ED,discharge,2026-03-05T12:44:05.168153,0.0,99.74
P003764,2026-03-05T11:05:10.727894,2,walk-in,2026-03-05T11:14:49.423160,2026-03-05T11:14:49.423160,True,True,ED,admit,2026-03-05T14:25:35.198278,0.0,200.41
P003765,2026-03-05T11:11:38.210659,4,walk-in,2026-03-05T11:15:39.892843,2026-03-05T11:15:39.892843,False,False,ED,discharge,2026-03-05T12:59:22.457651,0.0,107.74
P003766,2026-03-05T11:15:41.506376,4,walk-in,2026-03-05T11:25:19.062345,2026-03-05T11:25:19.062345,False,False,ED,discharge,2026-03-05T12:58:08.754830,0.0,102.45
P003767,2026-03-05T11:29:45.729283,4,walk-in,2026-03-05T11:37:35.962015,2026-03-05T11:37:35.962015,False,False,ED,discharge,2026-03-05T12:59:41.550183,0.0,89.93
P003768,2026-03-05T11:48:12.482831,3,walk-in,2026-03-05T11:55:41.605129,2026-03-05T11:55:41.605129,False,False,ED,discharge,2026-03-05T16:01:27.341725,0.0,253.25
P003769,2026-03-05T11:50:53.391318,4,walk-in,2026-03-05T11:58:21.760582,2026-03-05T11:58:21.760582,False,False,ED,discharge,2026-03-05T13:13:45.570797,0.0,82.87
P003770,2026-03-05T12:01:15.304751,4,walk-in,2026-03-05T12:08:09.424568,2026-03-05T12:08:09.424568,False,False,ED,discharge,2026-03-05T14:34:39.037710,0.0,153.4
P003771,2026-03-05T12:02:40.331894,5,walk-in,2026-03-05T12:09:05.482459,2026-03-05T12:09:05.482459,False,False,ED,discharge,2026-03-05T13:13:53.390124,0.0,71.22
P003772,2026-03-05T12:09:08.769124,5,walk-in,2026-03-05T12:18:08.520996,2026-03-05T12:18:08.520996,False,False,ED,discharge,2026-03-05T13:37:47.661879,0.0,88.65
P003773,2026-03-05T12:17:29.113452,3,walk-in,2026-03-05T12:23:01.494553,2026-03-05T12:23:01.494553,True,False,ED,discharge,2026-03-05T17:23:46.693196,0.0,306.29
P003774,2026-03-05T12:17:39.201620,5,walk-in,2026-03-05T12:27:32.267084,2026-03-05T12:27:32.267084,False,False,ED,discharge,2026-03-05T13:20:27.098940,0.0,62.8
P003775,2026-03-05T12:19:30.945831,3,walk-in,2026-03-05T12:25:38.975038,2026-03-05T12:25:38.975038,False,False,ED,discharge,2026-03-05T15:52:13.994236,0.0,212.72
P003776,2026-03-05T12:20:47.680824,3,walk-in,2026-03-05T12:30:21.676098,2026-03-05T12:30:21.676098,True,False,ED,discharge,2026-03-05T17:11:29.532189,0.0,290.7
P003777,2026-03-05T12:30:00.389039,4,walk-in,2026-03-05T12:36:32.626157,2026-03-05T12:36:32.626157,False,False,ED,discharge,2026-03-05T14:11:29.277897,0.0,101.48
P003778,2026-03-05T12:53:47.955814,5,walk-in,2026-03-05T12:59:46.884538,2026-03-05T12:59:46.884538,False,False,ED,discharge,2026-03-05T13:40:40.488778,0.0,46.88
P003779,2026-03-05T12:54:06.989314,5,walk-in,2026-03-05T13:03:37.712978,2026-03-05T13:03:37.712978,False,False,ED,discharge,2026-03-05T14:36:03.552751,0.0,101.94
P003780,2026-03-05T12:54:57.204022,4,walk-in,2026-03-05T13:01:40.955199,2026-03-05T13:01:40.955199,False,False,ED,discharge,2026-03-05T14:28:38.872185,0.0,93.69
P003781,2026-03-05T12:57:02.068239,5,walk-in,2026-03-05T13:03:15.415214,2026-03-05T13:03:15.415214,False,False,ED,discharge,2026-03-05T13:41:10.444536,0.0,44.14
P003782,2026-03-05T12:59:19.896835,4,walk-in,2026-03-05T13:04:01.291886,2026-03-05T13:04:01.291886,True,False,ED,discharge,2026-03-05T14:27:17.854995,0.0,87.97
P003783,2026-03-05T13:09:04.669195,4,walk-in,2026-03-05T13:14:29.163485,2026-03-05T13:14:29.163485,False,False,ED,discharge,2026-03-05T14:38:03.861141,0.0,88.99
P003784,2026-03-05T13:16:25.933381,4,walk-in,2026-03-05T13:21:15.639758,2026-03-05T13:21:15.639758,False,False,ED,discharge,2026-03-05T14:36:10.937029,0.0,79.75
P003785,2026-03-05T13:30:31.311434,4,walk-in,2026-03-05T13:36:57.142818,2026-03-05T13:36:57.142818,False,False,ED,discharge,2026-03-05T14:36:33.291580,0.0,66.03
P003786,2026-03-05T13:37:58.340037,4,ambulance,2026-03-05T13:42:44.444927,2026-03-05T13:42:44.444927,True,False,ED,discharge,2026-03-05T15:01:33.412951,0.0,83.58
P003787,2026-03-05T13:41:35.243805,2,walk-in,2026-03-05T13:46:35.988937,2026-03-05T13:46:35.988937,True,False,ED,discharge,2026-03-05T19:44:07.355692,0.0,362.54
P003788,2026-03-05T13:44:44.182575,2,transfer,2026-03-05T13:53:17.489548,2026-03-05T13:53:17.489548,True,False,ED,discharge,2026-03-05T22:22:11.269124,0.0,517.45
P003789,2026-03-05T13:47:01.119183,3,walk-in,2026-03-05T13:54:48.346482,2026-03-05T13:54:48.346482,False,False,ED,discharge,2026-03-05T15:54:48.346482,0.0,127.79
P003790,2026-03-05T14:18:32.685267,3,walk-in,2026-03-05T14:22:49.181950,2026-03-05T14:22:49.181950,True,False,ED,discharge,2026-03-05T19:15:20.792278,0.0,296.8
P003791,2026-03-05T14:29:06.382396,5,walk-in,2026-03-05T14:32:36.388281,2026-03-05T14:32:36.388281,False,False,ED,discharge,2026-03-05T15:56:33.385339,0.0,87.45
P003792,2026-03-05T14:32:39.038899,5,walk-in,2026-03-05T14:40:14.392068,2026-03-05T14:40:14.392068,False,False,ED,discharge,2026-03-05T15:08:02.169341,0.0,35.39
P003793,2026-03-05T14:38:19.005677,5,walk-in,2026-03-05T14:45:21.249998,2026-03-05T14:45:21.249998,False,False,ED,discharge,2026-03-05T15:58:08.141217,0.0,79.82
P003794,2026-03-05T14:47:29.588176,5,walk-in,2026-03-05T14:51:28.150413,2026-03-05T14:51:28.150413,False,False,ED,discharge,2026-03-05T15:59:50.641092,0.0,72.35
P003795,2026-03-05T14:52:07.374256,4,walk-in,2026-03-05T15:00:03.000512,2026-03-05T15:00:03.000512,False,False,ED,discharge,2026-03-05T15:57:11.395210,0.0,65.07
P003796,2026-03-05T15:05:22.385290,4,walk-in,2026-03-05T15:14:11.391152,2026-03-05T15:14:11.391152,True,False,ED,discharge,2026-03-05T17:47:47.837528,0.0,162.42
P003797,2026-03-05T15:07:54.578963,4,walk-in,2026-03-05T15:12:05.750479,2026-03-05T15:12:05.750479,False,False,ED,discharge,2026-03-05T16:25:44.627283,0.0,77.83
P003798,2026-03-05T15:12:33.254461,4,walk-in,2026-03-05T15:20:06.045421,2026-03-05T15:20:06.045421,False,False,ED,discharge,2026-03-05T16:45:30.853811,0.0,92.96
P003799,2026-03-05T15:29:19.366291,3,walk-in,2026-03-05T15:38:13.195315,2026-03-05T15:38:13.195315,False,False,ED,discharge,2026-03-05T20:47:48.373386,0.0,318.48
P003800,2026-03-05T15:50:21.406842,4,walk-in,2026-03-05T15:54:44.290621,2026-03-05T15:54:44.290621,False,False,ED,discharge,2026-03-05T17:14:25.977334,0.0,84.08
P003801,2026-03-05T15:53:51.232026,3,walk-in,2026-03-05T15:57:16.936060,2026-03-05T15:57:16.936060,True,False,ED,admit,2026-03-05T18:30:07.172237,0.0,156.27
P003802,2026-03-05T16:11:03.590920,3,ambulance,2026-03-05T16:20:03.246092,2026-03-05T16:20:03.246092,False,True,ED,discharge,2026-03-05T20:41:32.699411,0.0,270.49
P003803,2026-03-05T16:12:23.015587,3,walk-in,2026-03-05T16:16:48.890546,2026-03-05T16:16:48.890546,True,False,ED,discharge,2026-03-05T23:45:28.093742,0.0,453.08
P003804,2026-03-05T16:13:17.789415,2,walk-in,2026-03-05T16:17:33.053007,2026-03-05T16:17:33.053007,False,True,ED,discharge,2026-03-06T02:17:33.053007,0.0,604.25
P003805,2026-03-05T16:13:47.675237,4,walk-in,2026-03-05T16:20:56.130177,2026-03-05T16:20:56.130177,False,False,ED,discharge,2026-03-05T18:23:49.090942,0.0,130.02
P003806,2026-03-05T16:26:18.966428,3,walk-in,2026-03-05T16:36:15.650075,2026-03-05T16:36:15.650075,False,False,ED,discharge,2026-03-06T02:53:33.185024,0.0,627.24
P003807,2026-03-05T16:58:32.271154,2,walk-in,2026-03-05T17:04:12.427908,2026-03-05T17:04:12.427908,True,False,ICU,discharge,2026-03-05T18:34:12.427908,0.0,95.67
P003808,2026-03-05T17:16:12.938463,4,walk-in,2026-03-05T17:25:33.215467,2026-03-05T17:25:33.215467,True,False,ED,discharge,2026-03-05T18:35:34.136312,0.0,79.35
P003809,2026-03-05T17:17:08.903230,5,walk-in,2026-03-05T17:22:30.426177,2026-03-05T17:22:30.426177,False,False,ED,discharge,2026-03-05T17:46:53.375969,0.0,29.74
P003810,2026-03-05T18:06:52.212874,4,walk-in,2026-03-05T18:10:16.183242,2026-03-05T18:10:16.183242,False,False,ED,discharge,2026-03-05T22:44:27.214103,0.0,277.58
P003811,2026-03-05T18:26:07.189962,4,walk-in,2026-03-05T18:32:01.140801,2026-03-05T18:32:01.140801,False,False,ED,discharge,2026-03-05T19:58:52.675978,0.0,92.76
P003812,2026-03-05T18:39:53.088742,3,walk-in,2026-03-05T18:46:30.379849,2026-03-05T18:46:30.379849,True,True,ED,admit,2026-03-05T23:49:04.635437,0.0,309.19
P003813,2026-03-05T18:40:12.422573,3,walk-in,2026-03-05T18:47:07.152406,2026-03-05T18:47:07.152406,False,False,ED,discharge,2026-03-06T01:18:45.025170,0.0,398.54
P003814,2026-03-05T19:13:19.493592,3,walk-in,2026-03-05T19:22:56.404039,2026-03-05T19:22:56.404039,False,False,ED,discharge,2026-03-05T21:24:34.858471,0.0,131.26
P003815,2026-03-05T19:14:08.449866,5,walk-in,2026-03-05T19:21:35.458885,2026-03-05T19:21:35.458885,False,False,ED,discharge,2026-03-05T20:53:49.190962,0.0,99.68
P003816,2026-03-05T19:29:40.044728,4,walk-in,2026-03-05T19:35:05.189868,2026-03-05T19:35:05.189868,False,False,ED,discharge,2026-03-05T21:19:31.633956,0.0,109.86
P003817,2026-03-05T19:43:39.662818,3,walk-in,2026-03-05T19:50:25.248822,2026-03-05T19:50:25.248822,False,False,ED,admit,2026-03-05T22:24:32.127589,0.0,160.87
P003818,2026-03-05T19:46:11.990738,4,walk-in,2026-03-05T19:55:44.308761,2026-03-05T19:55:44.308761,False,False,ED,discharge,2026-03-05T20:43:53.928503,0.0,57.7
P003819,2026-03-05T20:05:45.009153,4,walk-in,2026-03-05T20:14:31.245255,2026-03-05T20:14:31.245255,False,False,ED,discharge,2026-03-05T20:54:31.245255,0.0,48.77
P003820,2026-03-05T20:09:25.139159,3,walk-in,2026-03-05T20:16:52.192917,2026-03-05T20:16:52.192917,False,False,ED,discharge,2026-03-06T05:50:57.957659,0.0,581.55
P003821,2026-03-05T20:20:08.675209,4,walk-in,2026-03-05T20:27:05.545356,2026-03-05T20:27:05.545356,False,False,ED,discharge,2026-03-05T21:24:52.082153,0.0,64.72
P003822,2026-03-05T20:24:31.930231,3,walk-in,2026-03-05T20:32:17.342696,2026-03-05T20:32:17.342696,True,False,ED,discharge,2026-03-06T07:17:51.697936,0.0,653.33
P003823,2026-03-05T20:53:38.738881,5,walk-in,2026-03-05T21:01:02.980432,2026-03-05T21:01:02.980432,False,False,ED,discharge,2026-03-05T21:27:19.671736,0.0,33.68
P003824,2026-03-05T20:55:21.578716,3,walk-in,2026-03-05T21:05:02.020618,2026-03-05T21:05:02.020618,False,False,ED,discharge,2026-03-06T01:57:14.002824,0.0,301.87
P003825,2026-03-05T21:02:12.562304,2,walk-in,2026-03-05T21:06:59.607712,2026-03-05T21:06:59.607712,True,False,ED,discharge,2026-03-06T00:58:13.571717,0.0,236.02
P003826,2026-03-05T21:04:56.949647,3,transfer,2026-03-05T21:13:37.035698,2026-03-05T21:13:37.035698,False,False,ED,discharge,2026-03-06T06:30:37.182698,0.0,565.67
P003827,2026-03-05T21:38:40.022523,4,walk-in,2026-03-05T21:42:36.534077,2026-03-05T21:42:36.534077,False,False,ED,discharge,2026-03-05T23:01:59.285708,0.0,83.32
P003828,2026-03-05T21:43:59.891368,4,walk-in,2026-03-05T21:52:10.052590,2026-03-05T21:52:10.052590,True,False,ED,discharge,2026-03-06T00:34:52.931245,0.0,170.88
P003829,2026-03-05T21:51:47.119302,3,walk-in,2026-03-05T21:55:12.268185,2026-03-05T21:55:12.268185,False,False,ED,discharge,2026-03-05T23:55:12.268185,0.0,123.42
P003830,2026-03-05T21:57:33.119829,3,walk-in,2026-03-05T22:00:42.164237,2026-03-05T22:00:42.164237,False,False,ED,discharge,2026-03-06T01:11:19.461559,0.0,193.77
P003831,2026-03-05T22:00:16.476995,3,walk-in,2026-03-05T22:06:39.838003,2026-03-05T22:06:39.838003,False,False,ED,discharge,2026-03-06T02:12:24.632871,0.0,252.14
P003832,2026-03-05T22:21:43.300080,4,walk-in,2026-03-05T22:29:06.154332,2026-03-05T22:29:06.154332,False,False,ED,discharge,2026-03-06T00:09:31.406318,0.0,107.8
P003833,2026-03-05T22:38:24.594855,3,walk-in,2026-03-05T22:43:56.727890,2026-03-05T22:43:56.727890,False,True,ED,admit,2026-03-06T04:51:47.813897,0.0,373.39
P003834,2026-03-05T22:40:55.873722,3,walk-in,2026-03-05T22:45:54.673407,2026-03-05T22:45:54.673407,False,False,ED,discharge,2026-03-06T02:57:37.302822,0.0,256.69
P003835,2026-03-05T23:15:25.025120,5,walk-in,2026-03-05T23:19:42.817667,2026-03-05T23:19:42.817667,False,False,ED,discharge,2026-03-05T23:52:42.162953,0.0,37.29
P003836,2026-03-06T00:12:30.601037,3,walk-in,2026-03-06T00:16:30.905892,2026-03-06T00:16:30.905892,False,False,ED,discharge,2026-03-06T08:30:54.490300,0.0,498.4
P003837,2026-03-06T00:47:36.779311,4,walk-in,2026-03-06T00:56:46.247795,2026-03-06T00:56:46.247795,False,False,ED,discharge,2026-03-06T02:43:24.441602,0.0,115.79
P003838,2026-03-06T00:57:27.247619,3,walk-in,2026-03-06T01:03:52.036650,2026-03-06T01:03:52.036650,True,False,ED,discharge,2026-03-06T05:59:53.350300,0.0,302.44
P003839,2026-03-06T01:03:47.923908,2,ambulance,2026-03-06T01:09:27.271823,2026-03-06T01:09:27.271823,False,False,ED,admit,2026-03-06T09:40:51.794564,0.0,517.06
P003840,2026-03-06T02:23:17.509663,2,walk-in,2026-03-06T02:26:59.649077,2026-03-06T02:26:59.649077,True,True,ED,admit,2026-03-06T03:56:59.649077,0.0,93.7
P003841,2026-03-06T04:40:11.606501,1,ambulance,2026-03-06T04:43:44.153565,2026-03-06T04:43:44.153565,False,True,ICU,transfer,2026-03-06T10:24:48.404947,0.0,344.61
P003842,2026-03-06T06:25:37.530200,3,walk-in,2026-03-06T06:31:49.214370,2026-03-06T06:31:49.214370,False,False,ED,discharge,2026-03-06T12:25:11.203977,0.0,359.56
P003843,2026-03-06T07:04:55.592379,2,walk-in,2026-03-06T07:09:28.839736,2026-03-06T07:09:28.839736,True,True,ED,discharge,2026-03-06T08:55:13.868627,0.0,110.3
P003844,2026-03-06T07:22:45.605191,2,ambulance,2026-03-06T07:28:01.391019,2026-03-06T07:28:01.391019,True,True,ED,discharge,2026-03-06T15:34:11.487654,0.0,491.43
P003845,2026-03-06T07:32:16.870939,2,ambulance,2026-03-06T07:35:41.036405,2026-03-06T07:35:41.036405,True,False,ICU,discharge,2026-03-06T10:22:03.039037,0.0,169.77
P003846,2026-03-06T08:06:41.453480,2,transfer,2026-03-06T08:12:12.426924,2026-03-06T08:12:12.426924,False,False,ED,admit,2026-03-06T10:29:37.567922,0.0,142.94
P003847,2026-03-06T08:07:36.468009,5,walk-in,2026-03-06T08:15:30.551251,2026-03-06T08:15:30.551251,False,False,ED,discharge,2026-03-06T09:08:43.159153,0.0,61.11
P003848,2026-03-06T08:23:21.993710,4,walk-in,2026-03-06T08:32:15.406727,2026-03-06T08:32:15.406727,False,False,ED,discharge,2026-03-06T11:57:01.724378,0.0,213.66
P003849,2026-03-06T08:34:26.249611,3,walk-in,2026-03-06T08:43:13.625765,2026-03-06T08:43:13.625765,False,False,ED,discharge,2026-03-06T20:22:40.525032,0.0,708.24
P003850,2026-03-06T08:34:36.716950,3,transfer,2026-03-06T08:40:31.406897,2026-03-06T08:40:31.406897,True,False,ED,discharge,2026-03-06T10:40:31.406897,0.0,125.91
P003851,2026-03-06T08:48:34.994266,3,walk-in,2026-03-06T08:52:46.844017,2026-03-06T08:52:46.844017,False,False,ED,discharge,2026-03-06T12:39:12.376718,0.0,230.62
P003852,2026-03-06T08:50:18.973453,4,walk-in,2026-03-06T08:53:54.026823,2026-03-06T08:53:54.026823,False,False,ED,discharge,2026-03-06T11:02:01.836996,0.0,131.71
P003853,2026-03-06T08:56:30.214234,5,walk-in,2026-03-06T09:00:05.034560,2026-03-06T09:00:05.034560,False,False,ED,discharge,2026-03-06T10:32:48.649492,0.0,96.31
P003854,2026-03-06T09:25:28.266919,5,walk-in,2026-03-06T09:34:09.600847,2026-03-06T09:34:09.600847,False,False,ED,discharge,2026-03-06T10:57:31.515242,0.0,92.05
P003855,2026-03-06T09:27:52.861910,4,walk-in,2026-03-06T09:35:48.030712,2026-03-06T09:35:48.030712,False,False,ED,discharge,2026-03-06T12:17:05.016805,0.0,169.2
P003856,2026-03-06T09:31:52.071250,4,walk-in,2026-03-06T09:38:23.089768,2026-03-06T09:38:23.089768,False,False,ED,discharge,2026-03-06T10:58:41.186193,0.0,86.82
P003857,2026-03-06T09:50:59.882974,4,walk-in,2026-03-06T09:56:09.921395,2026-03-06T09:56:09.921395,False,False,ED,discharge,2026-03-06T12:14:08.088794,0.0,143.14
P003858,2026-03-06T09:59:14.013323,3,walk-in,2026-03-06T10:07:20.154937,2026-03-06T10:07:20.154937,False,False,ED,discharge,2026-03-06T12:12:29.590276,0.0,133.26
P003859,2026-03-06T10:09:32.463321,2,walk-in,2026-03-06T10:13:18.398805,2026-03-06T10:13:18.398805,True,False,ED,discharge,2026-03-06T14:27:35.909366,0.0,258.06
P003860,2026-03-06T10:14:50.198191,2,ambulance,2026-03-06T10:21:19.868959,2026-03-06T10:21:19.868959,False,True,ED,admit,2026-03-06T14:25:15.305916,0.0,250.42
P003861,2026-03-06T10:16:38.901463,3,walk-in,2026-03-06T10:23:29.230284,2026-03-06T10:23:29.230284,False,False,ED,admit,2026-03-06T14:11:35.878598,0.0,234.95
P003862,2026-03-06T10:16:55.827415,5,walk-in,2026-03-06T10:20:53.534951,2026-03-06T10:20:53.534951,False,False,ED,discharge,2026-03-06T11:22:56.810824,0.0,66.02
P003863,2026-03-06T10:21:19.575164,4,ambulance,2026-03-06T10:28:05.878863,2026-03-06T10:28:05.878863,False,False,ED,discharge,2026-03-06T12:02:50.286983,0.0,101.51
P003864,2026-03-06T10:32:59.614519,4,transfer,2026-03-06T10:42:10.048786,2026-03-06T10:42:10.048786,False,False,ED,discharge,2026-03-06T11:40:58.450102,0.0,67.98
P003865,2026-03-06T10:33:07.922511,2,ambulance,2026-03-06T10:36:34.285256,2026-03-06T10:36:34.285256,False,False,ICU,admit,2026-03-06T17:36:41.986274,0.0,423.57
P003866,2026-03-06T10:44:29.222801,5,walk-in,2026-03-06T10:48:02.233186,2026-03-06T10:48:02.233186,False,False,ED,discharge,2026-03-06T12:18:25.407916,0.0,93.94
P003867,2026-03-06T10:46:26.491335,3,walk-in,2026-03-06T10:52:44.902606,2026-03-06T10:52:44.902606,False,False,ED,discharge,2026-03-06T15:36:36.812380,0.0,290.17
P003868,2026-03-06T10:48:58.659256,4,walk-in,2026-03-06T10:52:49.688802,2026-03-06T10:52:49.688802,False,False,ED,discharge,2026-03-06T11:42:58.473902,0.0,54.0
P003869,2026-03-06T10:53:20.653410,3,walk-in,2026-03-06T11:02:09.972822,2026-03-06T11:02:09.972822,False,False,ED,discharge,2026-03-06T14:52:03.622757,0.0,238.72
P003870,2026-03-06T10:58:13.751687,3,walk-in,2026-03-06T11:02:58.928643,2026-03-06T11:02:58.928643,False,False,ED,discharge,2026-03-06T13:02:58.928643,0.0,124.75
P003871,2026-03-06T10:59:41.912659,4,walk-in,2026-03-06T11:06:04.853650,2026-03-06T11:06:04.853650,False,False,ED,discharge,2026-03-06T12:08:59.541710,0.0,69.29
P003872,2026-03-06T11:07:00.393456,4,walk-in,2026-03-06T11:11:38.067184,2026-03-06T11:11:38.067184,False,False,ED,discharge,2026-03-06T11:55:01.474340,0.0,48.02
P003873,2026-03-06T11:10:33.354986,4,walk-in,2026-03-06T11:16:05.554726,2026-03-06T11:16:05.554726,False,False,ED,discharge,2026-03-06T12:13:19.743552,0.0,62.77
P003874,2026-03-06T11:16:27.069490,4,walk-in,2026-03-06T11:21:24.832514,2026-03-06T11:21:24.832514,False,False,ED,discharge,2026-03-06T12:45:34.491067,0.0,89.12
P003875,2026-03-06T11:20:12.583772,4,walk-in,2026-03-06T11:27:21.647383,2026-03-06T11:27:21.647383,False,False,ED,discharge,2026-03-06T12:12:10.976666,0.0,51.97
P003876,2026-03-06T11:25:55.997372,4,transfer,2026-03-06T11:32:42.587162,2026-03-06T11:32:42.587162,True,False,ED,discharge,2026-03-06T12:16:29.864466,0.0,50.56
P003877,2026-03-06T11:28:41.516324,4,walk-in,2026-03-06T11:33:12.311298,2026-03-06T11:33:12.311298,True,True,ED,discharge,2026-03-06T13:41:49.808023,0.0,133.14
P003878,2026-03-06T11:34:28.901327,2,ambulance,2026-03-06T11:40:18.342671,2026-03-06T11:40:18.342671,False,False,ED,admit,2026-03-06T15:47:59.023266,0.0,253.5
P003879,2026-03-06T11:44:13.055806,3,walk-in,2026-03-06T11:53:31.697815,2026-03-06T11:53:31.697815,False,False,ED,discharge,2026-03-06T14:36:16.533566,0.0,172.06
P003880,2026-03-06T11:45:38.665756,5,walk-in,2026-03-06T11:51:41.614803,2026-03-06T11:51:41.614803,False,False,ED,discharge,2026-03-06T12:26:43.085428,0.0,41.07
P003881,2026-03-06T11:48:44.072903,3,walk-in,2026-03-06T11:58:12.023528,2026-03-06T11:58:12.023528,False,False,ED,admit,2026-03-06T18:07:47.216427,0.0,379.05
P003882,2026-03-06T11:51:16.307537,3,walk-in,2026-03-06T12:00:45.281692,2026-03-06T12:00:45.281692,False,False,ED,admit,2026-03-06T18:26:18.007105,0.0,395.03
P003883,2026-03-06T11:57:45.759979,3,walk-in,2026-03-06T12:07:43.311389,2026-03-06T12:07:43.311389,False,False,ED,admit,2026-03-06T14:17:43.109649,0.0,139.96
P003884,2026-03-06T12:02:47.069372,4,walk-in,2026-03-06T12:12:07.593891,2026-03-06T12:12:07.593891,False,False,ED,discharge,2026-03-06T13:05:52.433197,0.0,63.09
P003885,2026-03-06T12:03:26.538401,5,walk-in,2026-03-06T12:08:27.291706,2026-03-06T12:08:27.291706,False,False,ED,discharge,2026-03-06T13:14:57.412973,0.0,71.51
P003886,2026-03-06T12:06:09.397726,4,transfer,2026-03-06T12:15:55.814470,2026-03-06T12:15:55.814470,False,False,ED,discharge,2026-03-06T13:38:31.451186,0.0,92.37
P003887,2026-03-06T12:14:05.118957,5,walk-in,2026-03-06T12:19:01.313312,2026-03-06T12:19:01.313312,False,False,ED,discharge,2026-03-06T12:54:05.026768,0.0,40.0
P003888,2026-03-06T12:21:27.899996,4,walk-in,2026-03-06T12:28:51.960711,2026-03-06T12:28:51.960711,False,False,ED,discharge,2026-03-06T13:22:27.901532,0.0,61.0
P003889,2026-03-06T12:34:46.791746,3,walk-in,2026-03-06T12:43:21.448667,2026-03-06T12:43:21.448667,True,False,ED,discharge,2026-03-07T00:43:21.448667,0.0,728.58
P003890,2026-03-06T12:41:39.119924,4,walk-in,2026-03-06T12:46:29.497882,2026-03-06T12:46:29.497882,True,False,ED,discharge,2026-03-06T14:36:02.034958,0.0,114.38
P003891,2026-03-06T12:47:10.443904,4,walk-in,2026-03-06T12:52:45.141829,2026-03-06T12:52:45.141829,False,True,ED,discharge,2026-03-06T16:51:46.626159,0.0,244.6
P003892,2026-03-06T12:48:24.232848,5,walk-in,2026-03-06T12:55:45.970115,2026-03-06T12:55:45.970115,False,False,ED,discharge,2026-03-06T13:54:07.207755,0.0,65.72
P003893,2026-03-06T12:50:50.817234,3,walk-in,2026-03-06T12:59:16.232675,2026-03-06T12:59:16.232675,False,False,ED,discharge,2026-03-06T15:16:51.944997,0.0,146.02
P003894,2026-03-06T12:51:26.466768,4,walk-in,2026-03-06T12:56:51.146000,2026-03-06T12:56:51.146000,False,True,ED,discharge,2026-03-06T14:58:31.833701,0.0,127.09
P003895,2026-03-06T12:51:52.816525,3,walk-in,2026-03-06T12:57:28.130022,2026-03-06T12:57:28.130022,True,False,ED,discharge,2026-03-06T16:02:28.010681,0.0,190.59
P003896,2026-03-06T12:57:57.501060,4,walk-in,2026-03-06T13:07:49.225258,2026-03-06T13:07:49.225258,False,False,ED,discharge,2026-03-06T14:32:54.488735,0.0,94.95
P003897,2026-03-06T13:03:43.122279,4,walk-in,2026-03-06T13:12:51.563326,2026-03-06T13:12:51.563326,False,False,ED,discharge,2026-03-06T14:33:40.488809,0.0,89.96
P003898,2026-03-06T13:08:11.910339,2,walk-in,2026-03-06T13:16:58.332647,2026-03-06T13:16:58.332647,True,False,ICU,admit,2026-03-06T14:46:58.332647,0.0,98.77
P003899,2026-03-06T13:08:22.439339,5,walk-in,2026-03-06T13:14:22.124002,2026-03-06T13:14:22.124002,False,False,ED,discharge,2026-03-06T14:01:54.279041,0.0,53.53
P003900,2026-03-06T13:23:05.666171,2,walk-in,2026-03-06T13:30:01.603439,2026-03-06T13:30:01.603439,False,False,ED,admit,2026-03-06T15:36:25.692794,0.0,133.33
P003901,2026-03-06T13:25:12.270292,4,walk-in,2026-03-06T13:32:10.557736,2026-03-06T13:32:10.557736,False,False,ED,discharge,2026-03-06T14:27:27.474246,0.0,62.25
P003902,2026-03-06T13:28:45.627205,3,walk-in,2026-03-06T13:32:04.681294,2026-03-06T13:32:04.681294,True,False,ED,discharge,2026-03-06T16:19:30.627706,0.0,170.75
P003903,2026-03-06T13:42:24.389571,3,walk-in,2026-03-06T13:47:29.161988,2026-03-06T13:47:29.161988,True,False,ED,admit,2026-03-06T19:27:47.872543,0.0,345.39
P003904,2026-03-06T13:42:44.572627,3,walk-in,2026-03-06T13:47:04.243765,2026-03-06T13:47:04.243765,True,False,ED,discharge,2026-03-06T15:47:04.243765,0.0,124.33
P003905,2026-03-06T13:48:10.101946,2,walk-in,2026-03-06T13:56:20.581565,2026-03-06T13:56:20.581565,True,False,ED,discharge,2026-03-06T16:52:07.508405,0.0,183.96
P003906,2026-03-06T13:52:49.924008,2,ambulance,2026-03-06T13:59:38.004781,2026-03-06T13:59:38.004781,True,True,ED,discharge,2026-03-06T23:59:38.004781,0.0,606.8
P003907,2026-03-06T13:55:42.057856,4,walk-in,2026-03-06T13:59:27.329248,2026-03-06T13:59:27.329248,False,False,ED,discharge,2026-03-06T14:59:29.923475,0.0,63.8
P003908,2026-03-06T14:12:28.109339,4,walk-in,2026-03-06T14:15:31.399959,2026-03-06T14:15:31.399959,False,False,ED,discharge,2026-03-06T15:54:08.381113,0.0,101.67
P003909,2026-03-06T14:18:34.329968,4,walk-in,2026-03-06T14:23:14.843033,2026-03-06T14:23:14.843033,False,False,ED,discharge,2026-03-06T15:23:01.284962,0.0,64.45
P003910,2026-03-06T14:21:08.849496,2,ambulance,2026-03-06T14:24:11.271947,2026-03-06T14:24:11.271947,False,True,ED,discharge,2026-03-06T21:12:54.454434,0.0,411.76
P003911,2026-03-06T14:23:22.528252,5,walk-in,2026-03-06T14:28:29.877491,2026-03-06T14:28:29.877491,True,False,ED,discharge,2026-03-06T15:24:38.301729,0.0,61.26
P003912,2026-03-06T14:26:46.920951,4,walk-in,2026-03-06T14:36:26.913700,2026-03-06T14:36:26.913700,False,False,ED,discharge,2026-03-06T16:04:33.281696,0.0,97.77
P003913,2026-03-06T14:38:29.129537,3,walk-in,2026-03-06T14:47:23.246329,2026-03-06T14:47:23.246329,False,False,ED,discharge,2026-03-06T21:19:04.449564,0.0,400.59
P003914,2026-03-06T14:38:39.698750,2,walk-in,2026-03-06T14:48:36.830349,2026-03-06T14:48:36.830349,True,True,ED,discharge,2026-03-07T00:00:01.693726,0.0,561.37
P003915,2026-03-06T14:40:20.105119,3,walk-in,2026-03-06T14:48:10.911551,2026-03-06T14:48:10.911551,False,True,ED,discharge,2026-03-06T16:48:26.134115,0.0,128.1
P003916,2026-03-06T14:42:57.992834,5,walk-in,2026-03-06T14:48:47.574139,2026-03-06T14:48:47.574139,False,False,ED,discharge,2026-03-06T15:11:11.419019,0.0,28.22
P003917,2026-03-06T14:44:53.398245,2,walk-in,2026-03-06T14:54:31.320502,2026-03-06T14:54:31.320502,True,True,ED,admit,2026-03-06T23:01:29.472834,0.0,496.6
P003918,2026-03-06T14:47:16.652880,5,walk-in,2026-03-06T14:56:37.541932,2026-03-06T14:56:37.541932,False,False,ED,discharge,2026-03-06T15:24:40.718148,0.0,37.4
P003919,2026-03-06T14:48:50.476295,3,walk-in,2026-03-06T14:54:28.998038,2026-03-06T14:54:28.998038,False,True,ED,discharge,2026-03-06T22:35:10.523254,0.0,466.33
P003920,2026-03-06T14:53:38.860550,4,walk-in,2026-03-06T15:00:55.542020,2026-03-06T15:00:55.542020,False,False,ED,discharge,2026-03-06T16:45:19.961687,0.0,111.69
P003921,2026-03-06T14:53:49.345923,2,ambulance,2026-03-06T14:58:18.439636,2026-03-06T14:58:18.439636,True,True,ED,admit,2026-03-06T21:46:47.952183,0.0,412.98
P003922,2026-03-06T14:59:36.587577,5,walk-in,2026-03-06T15:06:27.999333,2026-03-06T15:06:27.999333,True,False,ED,discharge,2026-03-06T15:29:17.158139,0.0,29.68
P003923,2026-03-06T15:07:04.162686,4,walk-in,2026-03-06T15:12:59.083120,2026-03-06T15:12:59.083120,False,False,ED,discharge,2026-03-06T15:52:59.083120,0.0,45.92
P003924,2026-03-06T15:08:30.925659,2,ambulance,2026-03-06T15:12:00.428247,2026-03-06T15:12:00.428247,False,False,ED,admit,2026-03-06T19:46:07.692261,0.0,277.61
P003925,2026-03-06T15:08:44.483557,4,walk-in,2026-03-06T15:13:58.957657,2026-03-06T15:13:58.957657,False,False,ED,discharge,2026-03-06T16:24:32.896939,0.0,75.81
P003926,2026-03-06T15:10:28.359512,3,walk-in,2026-03-06T15:19:21.942443,2026-03-06T15:19:21.942443,True,False,ED,discharge,2026-03-06T17:59:50.534696,0.0,169.37
P003927,2026-03-06T15:12:38.141241,3,walk-in,2026-03-06T15:17:19.449736,2026-03-06T15:17:19.449736,True,False,ED,discharge,2026-03-06T17:17:19.449736,0.0,124.69
P003928,2026-03-06T15:25:34.964351,5,walk-in,2026-03-06T15:35:15.930698,2026-03-06T15:35:15.930698,False,False,ED,discharge,2026-03-06T16:16:42.032090,0.0,51.12
P003929,2026-03-06T15:29:26.201303,3,walk-in,2026-03-06T15:34:25.357538,2026-03-06T15:34:25.357538,True,False,ED,discharge,2026-03-06T18:33:00.665214,0.0,183.57
P003930,2026-03-06T15:35:17.978859,3,walk-in,2026-03-06T15:45:03.479572,2026-03-06T15:45:03.479572,True,False,ED,admit,2026-03-06T18:04:36.806847,0.0,149.31
P003931,2026-03-06T15:40:24.863956,2,ambulance,2026-03-06T15:49:03.888025,2026-03-06T15:49:03.888025,True,False,ED,admit,2026-03-06T19:06:01.647470,0.0,205.61
P003932,2026-03-06T15:47:03.260127,2,walk-in,2026-03-06T15:53:42.018650,2026-03-06T15:53:42.018650,False,False,ED,discharge,2026-03-06T19:46:39.887138,0.0,239.61
P003933,2026-03-06T15:49:27.265284,3,walk-in,2026-03-06T15:55:17.903893,2026-03-06T15:55:17.903893,False,True,ED,admit,2026-03-06T17:55:17.903893,0.0,125.84
P003934,2026-03-06T15:50:44.574451,3,walk-in,2026-03-06T16:00:03.817159,2026-03-06T16:00:03.817159,False,False,ED,discharge,2026-03-06T20:26:35.113395,0.0,275.84
P003935,2026-03-06T16:02:46.259758,3,walk-in,2026-03-06T16:10:02.515365,2026-03-06T16:10:02.515365,False,True,ED,discharge,2026-03-07T00:14:35.524520,0.0,491.82
P003936,2026-03-06T16:09:37.974749,3,walk-in,2026-03-06T16:12:47.832534,2026-03-06T16:12:47.832534,False,False,ED,discharge,2026-03-07T01:05:19.189059,0.0,535.69
P003937,2026-03-06T16:12:37.878092,3,walk-in,2026-03-06T16:17:15.899163,2026-03-06T16:17:15.899163,False,False,ED,discharge,2026-03-06T20:29:16.101785,0.0,256.64
P003938,2026-03-06T16:15:58.156968,4,walk-in,2026-03-06T16:22:38.546556,2026-03-06T16:22:38.546556,True,False,ED,discharge,2026-03-06T18:09:09.431653,0.0,113.19
P003939,2026-03-06T16:16:44.564303,3,walk-in,2026-03-06T16:23:41.022828,2026-03-06T16:23:41.022828,False,False,ED,discharge,2026-03-06T19:07:27.504647,0.0,170.72
P003940,2026-03-06T16:18:22.435226,4,walk-in,2026-03-06T16:23:33.540856,2026-03-06T16:23:33.540856,False,False,ED,discharge,2026-03-06T18:21:38.769496,0.0,123.27
P003941,2026-03-06T16:28:24.237799,4,walk-in,2026-03-06T16:34:46.274609,2026-03-06T16:34:46.274609,False,True,ED,discharge,2026-03-06T18:13:13.834669,0.0,104.83
P003942,2026-03-06T16:48:10.141829,3,walk-in,2026-03-06T16:53:54.093471,2026-03-06T16:53:54.093471,False,False,ED,discharge,2026-03-06T21:20:02.774086,0.0,271.88
P003943,2026-03-06T16:52:41.009812,4,walk-in,2026-03-06T17:01:41.011058,2026-03-06T17:01:41.011058,True,False,ED,discharge,2026-03-06T17:53:18.131292,0.0,60.62
P003944,2026-03-06T16:53:06.501646,3,walk-in,2026-03-06T17:02:39.408279,2026-03-06T17:02:39.408279,True,True,ED,discharge,2026-03-07T01:45:00.169990,0.0,531.89
P003945,2026-03-06T17:03:13.358831,3,walk-in,2026-03-06T17:10:48.259207,2026-03-06T17:10:48.259207,False,False,ED,admit,2026-03-06T20:26:56.876076,0.0,203.73
P003946,2026-03-06T17:16:08.712384,5,walk-in,2026-03-06T17:24:53.677043,2026-03-06T17:24:53.677043,False,False,ED,discharge,2026-03-06T18:01:53.078847,0.0,45.74
P003947,2026-03-06T17:16:43.349634,5,walk-in,2026-03-06T17:25:29.652256,2026-03-06T17:25:29.652256,False,False,ED,discharge,2026-03-06T19:22:20.569517,0.0,125.62
P003948,2026-03-06T17:17:58.746197,4,walk-in,2026-03-06T17:27:11.130587,2026-03-06T17:27:11.130587,True,False,ED,discharge,2026-03-06T21:04:26.523726,0.0,226.46
P003949,2026-03-06T17:28:29.289633,3,walk-in,2026-03-06T17:37:32.392470,2026-03-06T17:37:32.392470,False,True,ED,discharge,2026-03-06T21:38:13.783626,0.0,249.74
P003950,2026-03-06T17:28:42.306849,5,walk-in,2026-03-06T17:32:56.287200,2026-03-06T17:32:56.287200,False,False,ED,discharge,2026-03-06T18:52:04.438622,0.0,83.37
P003951,2026-03-06T17:41:49.963562,3,walk-in,2026-03-06T17:46:58.737910,2026-03-06T17:46:58.737910,False,False,ED,discharge,2026-03-06T19:52:49.445347,0.0,130.99
P003952,2026-03-06T17:52:27.120446,3,walk-in,2026-03-06T17:58:56.737166,2026-03-06T17:58:56.737166,False,False,ED,admit,2026-03-06T19:58:56.737166,0.0,126.49
P003953,2026-03-06T17:57:44.696337,2,walk-in,2026-03-06T18:05:39.166387,2026-03-06T18:05:39.166387,False,True,ED,discharge,2026-03-07T00:17:23.408006,0.0,379.65
P003954,2026-03-06T18:09:25.627879,3,walk-in,2026-03-06T18:18:43.737823,2026-03-06T18:18:43.737823,False,False,ED,discharge,2026-03-06T20:51:49.679219,0.0,162.4
P003955,2026-03-06T18:17:07.695229,3,walk-in,2026-03-06T18:22:32.286531,2026-03-06T18:22:32.286531,False,False,ED,discharge,2026-03-06T22:04:53.508771,0.0,227.76
P003956,2026-03-06T18:29:39.593259,3,walk-in,2026-03-06T18:33:21.160621,2026-03-06T18:33:21.160621,False,False,ED,admit,2026-03-06T20:33:21.160621,0.0,123.69
P003957,2026-03-06T18:33:46.376773,3,transfer,2026-03-06T18:37:42.614334,2026-03-06T18:37:42.614334,False,False,ED,discharge,2026-03-06T21:33:14.476103,0.0,179.47
P003958,2026-03-06T18:41:23.453525,4,walk-in,2026-03-06T18:49:18.387381,2026-03-06T18:49:18.387381,False,False,ED,discharge,2026-03-06T19:48:18.124390,0.0,66.91
P003959,2026-03-06T18:44:01.267229,3,walk-in,2026-03-06T18:48:59.862366,2026-03-06T18:48:59.862366,False,False,ED,discharge,2026-03-06T20:49:55.295177,0.0,125.9
P003960,2026-03-06T18:59:43.596507,4,walk-in,2026-03-06T19:04:38.654544,2026-03-06T19:04:38.654544,False,False,ED,discharge,2026-03-06T20:34:11.718823,0.0,94.47
P003961,2026-03-06T19:25:13.907859,3,walk-in,2026-03-06T19:30:18.151883,2026-03-06T19:30:18.151883,False,True,ED,discharge,2026-03-07T04:15:36.762758,0.0,530.38
P003962,2026-03-06T19:28:01.323991,2,walk-in,2026-03-06T19:34:56.119266,2026-03-06T19:34:56.119266,True,True,ED,discharge,2026-03-06T21:57:40.327864,0.0,149.65
P003963,2026-03-06T19:28:12.076544,3,walk-in,2026-03-06T19:33:01.139370,2026-03-06T19:33:01.139370,True,False,ED,discharge,2026-03-06T21:33:01.139370,0.0,124.82
P003964,2026-03-06T19:39:16.681421,4,walk-in,2026-03-06T19:48:20.666619,2026-03-06T19:48:20.666619,False,False,ED,discharge,2026-03-06T21:06:02.144404,0.0,86.76
P003965,2026-03-06T19:44:07.371891,3,walk-in,2026-03-06T19:51:05.879760,2026-03-06T19:51:05.879760,False,False,ED,admit,2026-03-06T23:47:17.882234,0.0,243.18
P003966,2026-03-06T19:58:17.072791,5,walk-in,2026-03-06T20:02:06.202876,2026-03-06T20:02:06.202876,False,False,ED,discharge,2026-03-06T21:03:13.193878,0.0,64.94
P003967,2026-03-06T20:15:47.403577,3,walk-in,2026-03-06T20:22:03.710790,2026-03-06T20:22:03.710790,True,False,ED,discharge,2026-03-06T23:53:58.754587,0.0,218.19
P003968,2026-03-06T20:20:02.272672,4,walk-in,2026-03-06T20:25:05.105655,2026-03-06T20:25:05.105655,False,False,ED,discharge,2026-03-06T21:34:42.086630,0.0,74.66
P003969,2026-03-06T20:29:52.726468,3,walk-in,2026-03-06T20:33:01.357382,2026-03-06T20:33:01.357382,False,False,ED,discharge,2026-03-07T03:43:19.363185,0.0,433.44
P003970,2026-03-06T20:34:30.915475,2,ambulance,2026-03-06T20:40:16.164382,2026-03-06T20:40:16.164382,False,True,ED,admit,2026-03-07T02:19:19.691860,0.0,344.81
P003971,2026-03-06T20:58:52.948880,3,walk-in,2026-03-06T21:08:42.313349,2026-03-06T21:08:42.313349,False,False,ED,discharge,2026-03-07T02:10:11.700266,0.0,311.31
P003972,2026-03-06T21:03:19.458427,4,walk-in,2026-03-06T21:10:40.579161,2026-03-06T21:10:40.579161,False,False,ED,discharge,2026-03-06T22:29:48.071811,0.0,86.48
P003973,2026-03-06T21:25:41.977087,3,walk-in,2026-03-06T21:31:48.366687,2026-03-06T21:31:48.366687,True,False,ED,discharge,2026-03-07T02:18:18.740120,0.0,292.61
P003974,2026-03-06T21:28:12.536977,3,walk-in,2026-03-06T21:37:54.805288,2026-03-06T21:37:54.805288,False,False,ED,discharge,2026-03-06T23:37:54.805288,0.0,129.7
P003975,2026-03-06T21:35:24.444518,3,walk-in,2026-03-06T21:43:56.725425,2026-03-06T21:43:56.725425,False,False,ED,discharge,2026-03-06T23:43:56.725425,0.0,128.54
P003976,2026-03-06T21:48:39.443257,4,walk-in,2026-03-06T21:55:59.976232,2026-03-06T21:55:59.976232,False,False,ED,discharge,2026-03-06T23:12:30.065666,0.0,83.84
P003977,2026-03-06T21:49:37.531069,2,walk-in,2026-03-06T21:55:09.549495,2026-03-06T21:55:09.549495,True,False,ED,admit,2026-03-07T00:32:24.240107,0.0,162.78
P003978,2026-03-06T21:56:22.296487,3,transfer,2026-03-06T22:05:36.220479,2026-03-06T22:05:36.220479,True,False,ED,discharge,2026-03-07T01:40:24.180286,0.0,224.03
P003979,2026-03-06T21:59:39.688036,2,walk-in,2026-03-06T22:09:05.222492,2026-03-06T22:09:05.222492,True,False,ED,admit,2026-03-07T04:44:02.365041,0.0,404.38
P003980,2026-03-06T22:00:11.606688,4,walk-in,2026-03-06T22:10:09.044083,2026-03-06T22:10:09.044083,False,False,ED,discharge,2026-03-07T01:49:48.405758,0.0,229.61
P003981,2026-03-06T22:16:01.619566,5,walk-in,2026-03-06T22:23:33.611246,2026-03-06T22:23:33.611246,False,False,ED,discharge,2026-03-06T22:56:58.357625,0.0,40.95
P003982,2026-03-06T22:19:48.023580,3,walk-in,2026-03-06T22:23:14.724040,2026-03-06T22:23:14.724040,False,False,ED,discharge,2026-03-07T00:23:14.724040,0.0,123.45
P003983,2026-03-06T22:33:19.161116,4,walk-in,2026-03-06T22:41:56.264890,2026-03-06T22:41:56.264890,False,False,ED,discharge,2026-03-06T23:35:20.840059,0.0,62.03
P003984,2026-03-06T22:36:11.365915,3,walk-in,2026-03-06T22:44:56.473486,2026-03-06T22:44:56.473486,False,False,ED,discharge,2026-03-07T02:26:37.492329,0.0,230.44
P003985,2026-03-06T22:46:49.249029,1,ambulance,2026-03-06T22:50:41.848351,2026-03-06T22:50:41.848351,True,True,ICU,admit,2026-03-07T04:35:22.243794,0.0,348.55
P003986,2026-03-06T22:59:45.679417,3,ambulance,2026-03-06T23:09:03.821876,2026-03-06T23:09:03.821876,False,False,ED,discharge,2026-03-07T01:09:03.821876,0.0,129.3
P003987,2026-03-06T23:32:32.638484,2,walk-in,2026-03-06T23:39:58.791211,2026-03-06T23:39:58.791211,False,False,ED,discharge,2026-03-07T05:53:49.807038,0.0,381.29
P003988,2026-03-06T23:36:09.855271,4,walk-in,2026-03-06T23:40:25.029370,2026-03-06T23:40:25.029370,False,False,ED,discharge,2026-03-07T00:42:55.340534,0.0,66.76
P003989,2026-03-06T23:50:29.384680,2,walk-in,2026-03-06T23:54:38.062538,2026-03-06T23:54:38.062538,True,False,ED,admit,2026-03-07T05:54:51.253245,0.0,364.36
P003990,2026-03-06T23:53:54.589398,3,walk-in,2026-03-06T23:57:35.340209,2026-03-06T23:57:35.340209,False,False,ED,discharge,2026-03-07T08:14:36.931815,0.0,500.71
P003991,2026-03-07T00:04:52.235175,4,walk-in,2026-03-07T00:14:07.401395,2026-03-07T00:14:07.401395,False,False,ED,discharge,2026-03-07T01:18:04.376776,0.0,73.2
P003992,2026-03-07T00:11:50.201576,4,walk-in,2026-03-07T00:18:28.346129,2026-03-07T00:18:28.346129,False,False,ED,discharge,2026-03-07T01:39:25.258001,0.0,87.58
P003993,2026-03-07T00:12:13.823895,4,walk-in,2026-03-07T00:18:13.488711,2026-03-07T00:18:13.488711,False,False,ED,discharge,2026-03-07T01:00:30.896163,0.0,48.28
P003994,2026-03-07T00:37:23.074178,3,walk-in,2026-03-07T00:40:31.251341,2026-03-07T00:40:31.251341,True,False,ED,discharge,2026-03-07T03:41:30.106121,0.0,184.12
P003995,2026-03-07T00:53:18.873922,5,walk-in,2026-03-07T01:03:07.097086,2026-03-07T01:03:07.097086,False,False,ED,discharge,2026-03-07T01:33:54.967197,0.0,40.6
P003996,2026-03-07T01:16:32.765698,2,ambulance,2026-03-07T01:26:08.038690,2026-03-07T01:26:08.038690,False,False,ED,discharge,2026-03-07T04:52:31.841404,0.0,215.98
P003997,2026-03-07T01:44:25.365749,3,walk-in,2026-03-07T01:50:45.621474,2026-03-07T01:50:45.621474,False,False,ED,discharge,2026-03-07T07:13:22.988169,0.0,328.96
P003998,2026-03-07T01:55:48.309757,4,walk-in,2026-03-07T02:02:13.082283,2026-03-07T02:02:13.082283,False,False,ED,discharge,2026-03-07T03:18:49.676454,0.0,83.02
P003999,2026-03-07T02:00:36.080301,4,transfer,2026-03-07T02:05:55.844223,2026-03-07T02:05:55.844223,False,False,ED,discharge,2026-03-07T03:26:12.262130,0.0,85.6
P004000,2026-03-07T04:06:41.591354,2,ambulance,2026-03-07T04:10:44.606154,2026-03-07T04:10:44.606154,False,True,ED,admit,2026-03-07T06:02:14.336414,0.0,115.55
P004001,2026-03-07T04:19:38.545866,4,walk-in,2026-03-07T04:24:00.552194,2026-03-07T04:24:00.552194,False,False,ED,discharge,2026-03-07T05:09:36.007005,0.0,49.96
P004002,2026-03-07T05:05:00.646243,3,walk-in,2026-03-07T05:10:18.276852,2026-03-07T05:10:18.276852,False,False,ED,discharge,2026-03-07T07:10:18.276852,0.0,125.29
P004003,2026-03-07T05:05:53.668158,3,walk-in,2026-03-07T05:10:41.352109,2026-03-07T05:10:41.352109,True,False,ED,discharge,2026-03-07T08:04:08.032921,0.0,178.24
P004004,2026-03-07T05:06:22.349070,3,walk-in,2026-03-07T05:09:46.239140,2026-03-07T05:09:46.239140,True,False,ED,discharge,2026-03-07T16:21:22.341262,0.0,675.0
P004005,2026-03-07T05:07:06.288498,4,walk-in,2026-03-07T05:14:17.794849,2026-03-07T05:14:17.794849,False,True,ED,discharge,2026-03-07T06:56:01.361077,0.0,108.92
P004006,2026-03-07T05:19:39.107006,2,walk-in,2026-03-07T05:26:57.975203,2026-03-07T05:26:57.975203,True,True,ED,admit,2026-03-07T11:27:17.502474,0.0,367.64
P004007,2026-03-07T05:47:10.956857,2,walk-in,2026-03-07T05:55:05.418279,2026-03-07T05:55:05.418279,False,True,ICU,admit,2026-03-07T09:36:26.965640,0.0,229.27
P004008,2026-03-07T06:13:21.761550,3,ambulance,2026-03-07T06:18:59.935206,2026-03-07T06:18:59.935206,False,False,ED,discharge,2026-03-07T12:55:56.134976,0.0,402.57
P004009,2026-03-07T06:53:47.327567,4,walk-in,2026-03-07T06:57:18.121204,2026-03-07T06:57:18.121204,False,False,ED,discharge,2026-03-07T08:02:13.841118,0.0,68.44
P004010,2026-03-07T06:58:38.634832,4,walk-in,2026-03-07T07:06:23.126432,2026-03-07T07:06:23.126432,False,False,ED,discharge,2026-03-07T07:56:21.962008,0.0,57.72
P004011,2026-03-07T07:28:36.866374,2,walk-in,2026-03-07T07:31:38.389100,2026-03-07T07:31:38.389100,True,False,ED,discharge,2026-03-07T11:00:27.251710,0.0,211.84
P004012,2026-03-07T07:36:14.042363,4,walk-in,2026-03-07T07:44:41.624239,2026-03-07T07:44:41.624239,False,True,ED,discharge,2026-03-07T10:34:01.467907,0.0,177.79
P004013,2026-03-07T07:37:21.231632,4,walk-in,2026-03-07T07:45:58.163322,2026-03-07T07:45:58.163322,False,False,ED,discharge,2026-03-07T09:00:46.180911,0.0,83.42
P004014,2026-03-07T07:38:52.633787,4,walk-in,2026-03-07T07:45:20.261191,2026-03-07T07:45:20.261191,False,False,ED,discharge,2026-03-07T09:12:39.582692,0.0,93.78
P004015,2026-03-07T07:42:10.705390,4,walk-in,2026-03-07T07:51:38.044072,2026-03-07T07:51:38.044072,True,False,ED,discharge,2026-03-07T08:49:05.672981,0.0,66.92
P004016,2026-03-07T07:59:39.332297,3,walk-in,2026-03-07T08:09:32.349228,2026-03-07T08:09:32.349228,False,False,ED,discharge,2026-03-07T10:09:32.349228,0.0,129.88
P004017,2026-03-07T08:05:19.223633,2,ambulance,2026-03-07T08:13:38.105382,2026-03-07T08:13:38.105382,True,False,ED,admit,2026-03-07T14:40:31.162212,0.0,395.2
P004018,2026-03-07T08:12:08.614088,3,walk-in,2026-03-07T08:20:08.242407,2026-03-07T08:20:08.242407,False,False,ED,discharge,2026-03-07T15:44:00.968501,0.0,451.87
P004019,2026-03-07T08:39:28.323936,3,ambulance,2026-03-07T08:42:52.373912,2026-03-07T08:42:52.373912,False,True,ED,discharge,2026-03-07T12:16:39.932947,0.0,217.19
P004020,2026-03-07T08:47:22.583169,3,walk-in,2026-03-07T08:52:32.119586,2026-03-07T08:52:32.119586,False,False,ED,discharge,2026-03-07T11:49:47.873397,0.0,182.42
P004021,2026-03-07T08:48:36.869521,2,walk-in,2026-03-07T08:57:17.871664,2026-03-07T08:57:17.871664,True,True,ED,admit,2026-03-07T15:31:06.506265,0.0,402.49
P004022,2026-03-07T08:51:46.151701,3,walk-in,2026-03-07T08:55:56.486795,2026-03-07T08:55:56.486795,False,False,ED,discharge,2026-03-07T16:19:58.339853,0.0,448.2
P004023,2026-03-07T08:55:09.639200,2,transfer,2026-03-07T09:03:56.388214,2026-03-07T09:03:56.388214,True,False,ED,admit,2026-03-07T12:51:36.971326,0.0,236.46
P004024,2026-03-07T08:56:06.338536,3,walk-in,2026-03-07T09:00:17.695316,2026-03-07T09:00:17.695316,True,False,ED,discharge,2026-03-07T11:00:17.695316,0.0,124.19
P004025,2026-03-07T08:58:50.331813,4,walk-in,2026-03-07T09:05:45.542434,2026-03-07T09:05:45.542434,False,False,ED,discharge,2026-03-07T09:45:45.542434,0.0,46.92
P004026,2026-03-07T08:59:56.145791,5,walk-in,2026-03-07T09:07:14.920684,2026-03-07T09:07:14.920684,False,False,ED,discharge,2026-03-07T10:16:24.260357,0.0,76.47
P004027,2026-03-07T09:01:08.418137,3,ambulance,2026-03-07T09:09:20.474511,2026-03-07T09:09:20.474511,False,False,ED,discharge,2026-03-07T13:57:12.561863,0.0,296.07
P004028,2026-03-07T09:06:20.998118,3,walk-in,2026-03-07T09:10:46.970975,2026-03-07T09:10:46.970975,False,False,ED,discharge,2026-03-07T16:35:41.957877,0.0,449.35
P004029,2026-03-07T09:08:21.363889,3,walk-in,2026-03-07T09:12:16.823548,2026-03-07T09:12:16.823548,False,True,ED,discharge,2026-03-07T12:42:38.840863,0.0,214.29
P004030,2026-03-07T09:15:44.486902,3,walk-in,2026-03-07T09:20:27.073395,2026-03-07T09:20:27.073395,False,False,ED,discharge,2026-03-07T13:07:02.655043,0.0,231.3
P004031,2026-03-07T09:16:43.536144,4,walk-in,2026-03-07T09:22:29.774653,2026-03-07T09:22:29.774653,False,False,ED,discharge,2026-03-07T10:14:25.221119,0.0,57.69
P004032,2026-03-07T09:17:37.594391,4,walk-in,2026-03-07T09:27:27.289290,2026-03-07T09:27:27.289290,False,False,ED,discharge,2026-03-07T10:23:39.388678,0.0,66.03
P004033,2026-03-07T09:27:08.379711,3,walk-in,2026-03-07T09:30:29.332556,2026-03-07T09:30:29.332556,False,False,ED,admit,2026-03-07T18:25:20.396440,0.0,538.2
P004034,2026-03-07T09:35:39.920226,3,walk-in,2026-03-07T09:40:12.859941,2026-03-07T09:40:12.859941,True,False,ED,discharge,2026-03-07T13:34:05.445323,0.0,238.43
P004035,2026-03-07T09:50:07.225955,2,ambulance,2026-03-07T09:55:45.647378,2026-03-07T09:55:45.647378,True,True,ED,admit,2026-03-07T13:13:28.039781,0.0,203.35
P004036,2026-03-07T09:50:50.511366,4,walk-in,2026-03-07T09:56:22.855011,2026-03-07T09:56:22.855011,False,False,ED,discharge,2026-03-07T11:15:48.103434,0.0,84.96
P004037,2026-03-07T10:03:16.255480,5,walk-in,2026-03-07T10:11:17.231638,2026-03-07T10:11:17.231638,False,False,ED,discharge,2026-03-07T11:30:01.381085,0.0,86.75
P004038,2026-03-07T10:05:58.753681,4,walk-in,2026-03-07T10:12:29.595576,2026-03-07T10:12:29.595576,False,False,ED,discharge,2026-03-07T11:34:33.466488,0.0,88.58
P004039,2026-03-07T10:08:41.082511,3,walk-in,2026-03-07T10:15:31.052372,2026-03-07T10:15:31.052372,False,False,ED,discharge,2026-03-07T14:30:41.212154,0.0,262.0
P004040,2026-03-07T10:13:00.466402,4,walk-in,2026-03-07T10:16:14.050776,2026-03-07T10:16:14.050776,False,False,ED,discharge,2026-03-07T11:18:56.480987,0.0,65.93
P004041,2026-03-07T10:16:19.598737,3,walk-in,2026-03-07T10:24:56.612398,2026-03-07T10:24:56.612398,True,True,ED,discharge,2026-03-07T13:48:50.305056,0.0,212.51
P004042,2026-03-07T10:27:46.243824,2,walk-in,2026-03-07T10:34:22.628867,2026-03-07T10:34:22.628867,False,False,ED,admit,2026-03-07T13:33:28.996954,0.0,185.71
P004043,2026-03-07T10:40:44.375668,4,walk-in,2026-03-07T10:49:33.657995,2026-03-07T10:49:33.657995,False,False,ED,discharge,2026-03-07T11:43:40.517158,0.0,62.94
P004044,2026-03-07T10:45:52.251230,1,transfer,2026-03-07T10:55:29.445500,2026-03-07T10:55:29.445500,False,True,ICU,admit,2026-03-07T14:05:47.872926,0.0,199.93
P004045,2026-03-07T10:48:51.744584,3,walk-in,2026-03-07T10:53:55.793359,2026-03-07T10:53:55.793359,True,False,ED,discharge,2026-03-07T22:53:55.793359,0.0,725.07
P004046,2026-03-07T10:52:21.751799,4,walk-in,2026-03-07T11:01:42.640993,2026-03-07T11:01:42.640993,False,False,ED,discharge,2026-03-07T13:01:28.449720,0.0,129.11
P004047,2026-03-07T10:57:34.918217,3,transfer,2026-03-07T11:07:18.513920,2026-03-07T11:07:18.513920,True,False,ED,admit,2026-03-07T16:10:36.775490,0.0,313.03
P004048,2026-03-07T10:58:08.662541,4,walk-in,2026-03-07T11:04:26.260334,2026-03-07T11:04:26.260334,False,False,ED,discharge,2026-03-07T13:01:14.239531,0.0,123.09
P004049,2026-03-07T10:59:00.213334,3,walk-in,2026-03-07T11:02:39.204464,2026-03-07T11:02:39.204464,False,False,ED,admit,2026-03-07T17:59:39.029025,0.0,420.65
P004050,2026-03-07T11:01:15.642822,3,walk-in,2026-03-07T11:07:54.679841,2026-03-07T11:07:54.679841,True,False,ED,discharge,2026-03-07T23:07:54.679841,0.0,726.65
P004051,2026-03-07T11:21:05.820771,3,walk-in,2026-03-07T11:24:30.705171,2026-03-07T11:24:30.705171,False,False,ED,discharge,2026-03-07T17:00:17.438594,0.0,339.19
P004052,2026-03-07T11:24:11.764378,5,walk-in,2026-03-07T11:31:48.300395,2026-03-07T11:31:48.300395,False,False,ED,discharge,2026-03-07T12:21:12.270278,0.0,57.01
P004053,2026-03-07T11:24:19.439455,4,walk-in,2026-03-07T11:27:48.530272,2026-03-07T11:27:48.530272,False,False,ED,discharge,2026-03-07T13:17:20.258801,0.0,113.01
P004054,2026-03-07T11:25:59.594290,5,walk-in,2026-03-07T11:31:27.012329,2026-03-07T11:31:27.012329,False,False,ED,discharge,2026-03-07T11:58:02.043997,0.0,32.04
P004055,2026-03-07T11:27:12.966651,4,walk-in,2026-03-07T11:34:32.710202,2026-03-07T11:34:32.710202,False,True,ED,discharge,2026-03-07T13:17:10.093124,0.0,109.95
P004056,2026-03-07T11:27:28.733494,5,walk-in,2026-03-07T11:34:34.451436,2026-03-07T11:34:34.451436,False,False,ED,discharge,2026-03-07T12:53:19.628330,0.0,85.85
P004057,2026-03-07T11:33:30.189582,5,walk-in,2026-03-07T11:38:26.855665,2026-03-07T11:38:26.855665,False,False,ED,discharge,2026-03-07T12:49:28.473988,0.0,75.97
P004058,2026-03-07T11:34:48.773135,4,walk-in,2026-03-07T11:38:59.993834,2026-03-07T11:38:59.993834,False,False,ED,discharge,2026-03-07T14:23:58.203757,0.0,169.16
P004059,2026-03-07T11:35:56.701360,5,walk-in,2026-03-07T11:40:40.782961,2026-03-07T11:40:40.782961,False,False,ED,discharge,2026-03-07T12:36:07.017006,0.0,60.17
P004060,2026-03-07T11:48:19.476033,3,ambulance,2026-03-07T11:55:23.127692,2026-03-07T11:55:23.127692,False,False,ED,discharge,2026-03-07T17:49:01.151294,0.0,360.69
P004061,2026-03-07T11:58:34.634923,4,walk-in,2026-03-07T12:05:16.694249,2026-03-07T12:05:16.694249,False,False,ED,discharge,2026-03-07T14:02:13.286935,0.0,123.64
P004062,2026-03-07T12:02:53.372259,3,walk-in,2026-03-07T12:11:58.362351,2026-03-07T12:11:58.362351,False,False,ED,discharge,2026-03-07T21:24:05.391213,0.0,561.2
P004063,2026-03-07T12:02:55.285566,4,walk-in,2026-03-07T12:09:37.506136,2026-03-07T12:09:37.506136,False,False,ED,discharge,2026-03-07T14:33:55.544224,0.0,151.0
P004064,2026-03-07T12:10:20.292196,4,walk-in,2026-03-07T12:19:17.376611,2026-03-07T12:19:17.376611,False,True,ED,discharge,2026-03-07T13:42:06.430623,0.0,91.77
P004065,2026-03-07T12:15:13.088266,3,walk-in,2026-03-07T12:22:09.133482,2026-03-07T12:22:09.133482,False,True,ED,discharge,2026-03-07T16:55:30.946922,0.0,280.3
P004066,2026-03-07T12:15:32.502656,3,walk-in,2026-03-07T12:19:32.277230,2026-03-07T12:19:32.277230,False,True,ED,discharge,2026-03-07T16:46:30.321702,0.0,270.96
P004067,2026-03-07T12:18:18.993121,3,walk-in,2026-03-07T12:24:31.436458,2026-03-07T12:24:31.436458,False,False,ED,admit,2026-03-07T16:50:55.202841,0.0,272.6
P004068,2026-03-07T12:19:33.788606,3,walk-in,2026-03-07T12:24:30.274145,2026-03-07T12:24:30.274145,False,False,ED,discharge,2026-03-07T18:35:34.041874,0.0,376.0
P004069,2026-03-07T12:19:53.087688,4,walk-in,2026-03-07T12:26:45.055583,2026-03-07T12:26:45.055583,False,False,ED,discharge,2026-03-07T14:15:18.374533,0.0,115.42
P004070,2026-03-07T12:19:53.978277,4,walk-in,2026-03-07T12:26:22.020658,2026-03-07T12:26:22.020658,False,False,ED,discharge,2026-03-07T14:11:07.181908,0.0,111.22
P004071,2026-03-07T12:25:50.670183,3,walk-in,2026-03-07T12:30:22.415016,2026-03-07T12:30:22.415016,False,False,ED,discharge,2026-03-07T19:30:50.010762,0.0,424.99
P004072,2026-03-07T12:33:47.466788,4,walk-in,2026-03-07T12:37:20.582313,2026-03-07T12:37:20.582313,False,True,ED,discharge,2026-03-07T14:04:43.822530,0.0,90.94
P004073,2026-03-07T12:36:57.195522,5,walk-in,2026-03-07T12:44:44.991257,2026-03-07T12:44:44.991257,False,False,ED,discharge,2026-03-07T13:09:11.201629,0.0,32.23
P004074,2026-03-07T12:38:32.633466,4,walk-in,2026-03-07T12:45:35.099283,2026-03-07T12:45:35.099283,False,False,ED,discharge,2026-03-07T15:15:06.798383,0.0,156.57
P004075,2026-03-07T12:39:53.399855,5,walk-in,2026-03-07T12:47:16.852115,2026-03-07T12:47:16.852115,False,False,ED,discharge,2026-03-07T13:47:04.564923,0.0,67.19
P004076,2026-03-07T12:40:41.362955,3,walk-in,2026-03-07T12:48:56.091087,2026-03-07T12:48:56.091087,False,False,ED,discharge,2026-03-07T16:53:48.857556,0.0,253.12
P004077,2026-03-07T12:42:09.558792,2,transfer,2026-03-07T12:46:30.525668,2026-03-07T12:46:30.525668,True,True,ED,discharge,2026-03-07T17:04:18.389413,0.0,262.15
P004078,2026-03-07T12:43:21.052998,4,walk-in,2026-03-07T12:47:21.066364,2026-03-07T12:47:21.066364,True,False,ED,discharge,2026-03-07T13:27:21.066364,0.0,44.0
P004079,2026-03-07T12:43:54.747126,3,walk-in,2026-03-07T12:50:40.991755,2026-03-07T12:50:40.991755,False,False,ED,discharge,2026-03-07T18:40:15.037513,0.0,356.34
P004080,2026-03-07T12:46:23.432717,3,transfer,2026-03-07T12:55:54.763609,2026-03-07T12:55:54.763609,False,False,ED,discharge,2026-03-08T00:55:54.763609,0.0,729.52
P004081,2026-03-07T12:50:23.471150,2,walk-in,2026-03-07T12:57:07.663780,2026-03-07T12:57:07.663780,True,False,ED,discharge,2026-03-07T14:29:57.740175,0.0,99.57
P004082,2026-03-07T12:53:57.774306,2,walk-in,2026-03-07T13:01:29.565915,2026-03-07T13:01:29.565915,False,True,ED,discharge,2026-03-07T18:33:03.451432,0.0,339.09
P004083,2026-03-07T12:54:42.568612,3,walk-in,2026-03-07T13:03:56.400224,2026-03-07T13:03:56.400224,False,False,ED,discharge,2026-03-07T17:49:18.168036,0.0,294.59
P004084,2026-03-07T13:00:15.061036,2,walk-in,2026-03-07T13:09:51.540692,2026-03-07T13:09:51.540692,False,False,ED,admit,2026-03-07T16:52:21.772443,0.0,232.11
P004085,2026-03-07T13:00:50.128944,5,walk-in,2026-03-07T13:05:07.653906,2026-03-07T13:05:07.653906,False,False,ED,discharge,2026-03-07T13:29:44.879351,0.0,28.91
P004086,2026-03-07T13:01:06.235985,4,walk-in,2026-03-07T13:10:40.761023,2026-03-07T13:10:40.761023,False,False,ED,discharge,2026-03-07T14:40:53.465850,0.0,99.79
P004087,2026-03-07T13:03:15.649875,4,walk-in,2026-03-07T13:07:35.443664,2026-03-07T13:07:35.443664,False,False,ED,discharge,2026-03-07T14:16:02.055989,0.0,72.77
P004088,2026-03-07T13:09:07.604482,4,ambulance,2026-03-07T13:14:30.136889,2026-03-07T13:14:30.136889,False,True,ED,discharge,2026-03-07T13:54:30.136889,0.0,45.38
P004089,2026-03-07T13:23:30.150724,2,ambulance,2026-03-07T13:28:30.366649,2026-03-07T13:28:30.366649,True,False,ED,admit,2026-03-07T16:43:37.904824,0.0,200.13
P004090,2026-03-07T13:27:10.551905,4,walk-in,2026-03-07T13:35:50.705803,2026-03-07T13:35:50.705803,False,False,ED,discharge,2026-03-07T14:19:38.435239,0.0,52.46
P004091,2026-03-07T13:30:17.081330,3,walk-in,2026-03-07T13:37:11.607768,2026-03-07T13:37:11.607768,False,False,ED,discharge,2026-03-07T15:37:11.607768,0.0,126.91
P004092,2026-03-07T13:31:41.466842,3,walk-in,2026-03-07T13:38:26.136973,2026-03-07T13:38:26.136973,True,False,ED,discharge,2026-03-07T15:44:28.985591,0.0,132.79
P004093,2026-03-07T13:33:25.631875,3,walk-in,2026-03-07T13:42:49.457111,2026-03-07T13:42:49.457111,False,False,ED,discharge,2026-03-07T18:01:30.953371,0.0,268.09
P004094,2026-03-07T13:42:42.079221,3,walk-in,2026-03-07T13:45:48.115136,2026-03-07T13:45:48.115136,True,False,ED,discharge,2026-03-07T16:57:22.399219,0.0,194.67
P004095,2026-03-07T13:42:43.738672,2,walk-in,2026-03-07T13:48:39.067180,2026-03-07T13:48:39.067180,True,True,ED,admit,2026-03-07T17:22:02.986972,0.0,219.32
P004096,2026-03-07T13:45:35.248182,4,walk-in,2026-03-07T13:53:07.458312,2026-03-07T13:53:07.458312,False,False,ED,discharge,2026-03-07T15:15:10.854549,0.0,89.59
P004097,2026-03-07T13:53:33.140594,2,transfer,2026-03-07T13:57:50.351882,2026-03-07T13:57:50.351882,True,False,ICU,admit,2026-03-07T17:04:10.218438,0.0,190.62
P004098,2026-03-07T13:54:22.658479,3,walk-in,2026-03-07T13:59:05.594758,2026-03-07T13:59:05.594758,False,False,ED,discharge,2026-03-07T18:22:47.086319,0.0,268.41
P004099,2026-03-07T13:56:19.725079,3,walk-in,2026-03-07T14:05:01.697304,2026-03-07T14:05:01.697304,False,False,ED,discharge,2026-03-08T02:05:01.697304,0.0,728.7
P004100,2026-03-07T14:00:00.251670,5,walk-in,2026-03-07T14:08:28.329972,2026-03-07T14:08:28.329972,False,False,ED,discharge,2026-03-07T14:38:47.109608,0.0,38.78
P004101,2026-03-07T14:00:22.832518,4,walk-in,2026-03-07T14:03:38.543456,2026-03-07T14:03:38.543456,True,False,ED,discharge,2026-03-07T16:06:06.663529,0.0,125.73
P004102,2026-03-07T14:03:35.939599,5,ambulance,2026-03-07T14:08:39.778274,2026-03-07T14:08:39.778274,False,False,ED,discharge,2026-03-07T15:22:21.452881,0.0,78.76
P004103,2026-03-07T14:05:35.244262,2,walk-in,2026-03-07T14:10:44.423918,2026-03-07T14:10:44.423918,True,True,ED,admit,2026-03-07T18:27:36.597467,0.0,262.02
P004104,2026-03-07T14:16:25.999648,5,walk-in,2026-03-07T14:19:55.493762,2026-03-07T14:19:55.493762,False,False,ED,discharge,2026-03-07T14:39:55.493762,0.0,23.49
P004105,2026-03-07T14:21:17.758000,3,walk-in,2026-03-07T14:28:34.470679,2026-03-07T14:28:34.470679,False,False,ED,discharge,2026-03-07T21:15:03.410962,0.0,413.76
P004106,2026-03-07T14:25:56.823349,4,walk-in,2026-03-07T14:29:17.502880,2026-03-07T14:29:17.502880,False,False,ED,discharge,2026-03-07T15:16:49.314239,0.0,50.87
P004107,2026-03-07T14:40:12.388354,5,walk-in,2026-03-07T14:49:43.613901,2026-03-07T14:49:43.613901,False,False,ED,discharge,2026-03-07T15:47:51.233429,0.0,67.65
P004108,2026-03-07T14:42:08.030473,3,walk-in,2026-03-07T14:51:09.496401,2026-03-07T14:51:09.496401,True,False,ED,discharge,2026-03-07T16:51:09.496401,0.0,129.02
P004109,2026-03-07T14:55:55.885739,4,walk-in,2026-03-07T15:00:52.047217,2026-03-07T15:00:52.047217,False,False,ED,discharge,2026-03-07T16:27:59.295065,0.0,92.06
P004110,2026-03-07T14:58:19.932461,5,walk-in,2026-03-07T15:06:13.032355,2026-03-07T15:06:13.032355,False,False,ED,discharge,2026-03-07T16:01:34.749864,0.0,63.25
P004111,2026-03-07T15:03:31.651539,5,walk-in,2026-03-07T15:07:26.472879,2026-03-07T15:07:26.472879,False,True,ED,discharge,2026-03-07T15:46:00.986377,0.0,42.49
P004112,2026-03-07T15:08:02.014927,3,walk-in,2026-03-07T15:11:52.642694,2026-03-07T15:11:52.642694,False,False,ED,discharge,2026-03-07T20:14:29.528440,0.0,306.46
P004113,2026-03-07T15:09:47.492072,2,walk-in,2026-03-07T15:13:33.031228,2026-03-07T15:13:33.031228,True,True,ED,admit,2026-03-07T17:09:41.313056,0.0,119.9
P004114,2026-03-07T15:26:57.769193,3,walk-in,2026-03-07T15:31:31.342452,2026-03-07T15:31:31.342452,False,False,ED,discharge,2026-03-07T21:52:22.869396,0.0,385.42
P004115,2026-03-07T15:28:05.686597,4,walk-in,2026-03-07T15:37:20.298977,2026-03-07T15:37:20.298977,False,True,ED,discharge,2026-03-07T17:04:26.148842,0.0,96.34
P004116,2026-03-07T15:28:46.899182,4,ambulance,2026-03-07T15:34:40.444739,2026-03-07T15:34:40.444739,False,False,ED,discharge,2026-03-07T16:58:57.393158,0.0,90.17
P004117,2026-03-07T15:35:23.265489,4,walk-in,2026-03-07T15:42:45.616596,2026-03-07T15:42:45.616596,False,False,ED,discharge,2026-03-07T17:02:38.931907,0.0,87.26
P004118,2026-03-07T15:40:08.874353,3,walk-in,2026-03-07T15:45:43.073985,2026-03-07T15:45:43.073985,True,False,ED,discharge,2026-03-07T22:29:58.815547,0.0,409.83
P004119,2026-03-07T15:40:51.783241,3,walk-in,2026-03-07T15:47:30.782666,2026-03-07T15:47:30.782666,True,True,ED,discharge,2026-03-07T18:26:44.898261,0.0,165.89
P004120,2026-03-07T15:44:36.733241,5,walk-in,2026-03-07T15:52:50.983599,2026-03-07T15:52:50.983599,True,False,ED,discharge,2026-03-07T17:47:09.943934,0.0,122.55
P004121,2026-03-07T15:48:21.672115,4,walk-in,2026-03-07T15:58:03.443681,2026-03-07T15:58:03.443681,False,False,ED,discharge,2026-03-07T16:38:03.443681,0.0,49.7
P004122,2026-03-07T15:49:36.714356,4,walk-in,2026-03-07T15:58:24.494512,2026-03-07T15:58:24.494512,False,False,ED,discharge,2026-03-07T18:02:10.333341,0.0,132.56
P004123,2026-03-07T15:49:47.484227,3,walk-in,2026-03-07T15:58:25.376785,2026-03-07T15:58:25.376785,True,False,ED,discharge,2026-03-07T21:10:22.687624,0.0,320.59
P004124,2026-03-07T15:49:55.697328,4,walk-in,2026-03-07T15:53:31.238470,2026-03-07T15:53:31.238470,False,False,ED,discharge,2026-03-07T17:56:12.102693,0.0,126.27
P004125,2026-03-07T15:50:38.004899,3,walk-in,2026-03-07T15:59:10.681260,2026-03-07T15:59:10.681260,True,False,ED,discharge,2026-03-07T17:59:10.681260,0.0,128.54
P004126,2026-03-07T15:51:49.732061,4,walk-in,2026-03-07T15:54:58.718981,2026-03-07T15:54:58.718981,False,False,ED,discharge,2026-03-07T17:31:07.421331,0.0,99.29
P004127,2026-03-07T16:03:16.531965,5,walk-in,2026-03-07T16:08:54.941961,2026-03-07T16:08:54.941961,False,False,ED,discharge,2026-03-07T16:41:25.970888,0.0,38.16
P004128,2026-03-07T16:10:35.902278,4,walk-in,2026-03-07T16:18:54.177615,2026-03-07T16:18:54.177615,False,True,ED,discharge,2026-03-07T17:24:57.109864,0.0,74.35
P004129,2026-03-07T16:15:21.844729,5,walk-in,2026-03-07T16:20:11.087168,2026-03-07T16:20:11.087168,False,False,ED,discharge,2026-03-07T16:56:44.325486,0.0,41.37
P004130,2026-03-07T16:22:32.189934,5,walk-in,2026-03-07T16:29:49.425404,2026-03-07T16:29:49.425404,False,False,ED,discharge,2026-03-07T16:53:20.330539,0.0,30.8
P004131,2026-03-07T16:27:41.176489,4,walk-in,2026-03-07T16:37:17.552929,2026-03-07T16:37:17.552929,True,False,ED,discharge,2026-03-07T17:20:09.684571,0.0,52.48
P004132,2026-03-07T16:29:24.316710,4,walk-in,2026-03-07T16:38:13.504351,2026-03-07T16:38:13.504351,False,False,ED,discharge,2026-03-07T17:30:01.647484,0.0,60.62
P004133,2026-03-07T16:36:38.782288,4,walk-in,2026-03-07T16:43:02.529959,2026-03-07T16:43:02.529959,False,False,ED,discharge,2026-03-07T18:10:25.671684,0.0,93.78
P004134,2026-03-07T16:46:16.669344,3,walk-in,2026-03-07T16:56:06.256025,2026-03-07T16:56:06.256025,False,True,ED,discharge,2026-03-08T02:49:10.471970,0.0,602.9
P004135,2026-03-07T16:53:44.517065,3,walk-in,2026-03-07T17:00:07.492798,2026-03-07T17:00:07.492798,False,False,ED,discharge,2026-03-08T01:25:07.256969,0.0,511.38
P004136,2026-03-07T16:59:46.437549,4,walk-in,2026-03-07T17:03:40.457907,2026-03-07T17:03:40.457907,False,False,ED,discharge,2026-03-07T17:50:20.395803,0.0,50.57
P004137,2026-03-07T17:15:50.109651,3,walk-in,2026-03-07T17:21:59.761285,2026-03-07T17:21:59.761285,False,False,ED,discharge,2026-03-07T21:50:49.305708,0.0,274.99
P004138,2026-03-07T17:20:40.701956,3,walk-in,2026-03-07T17:30:08.186206,2026-03-07T17:30:08.186206,False,False,ED,admit,2026-03-07T23:20:11.147340,0.0,359.51
P004139,2026-03-07T17:21:45.009672,4,walk-in,2026-03-07T17:28:51.971986,2026-03-07T17:28:51.971986,False,False,ED,discharge,2026-03-07T18:35:55.333589,0.0,74.17
P004140,2026-03-07T17:23:03.710785,3,walk-in,2026-03-07T17:29:52.989316,2026-03-07T17:29:52.989316,False,False,ED,discharge,2026-03-07T19:29:52.989316,0.0,126.82
P004141,2026-03-07T17:34:08.177594,3,walk-in,2026-03-07T17:41:05.412536,2026-03-07T17:41:05.412536,True,False,ED,discharge,2026-03-08T03:04:32.470281,0.0,570.4
P004142,2026-03-07T17:36:35.256959,3,ambulance,2026-03-07T17:44:39.687083,2026-03-07T17:44:39.687083,False,False,ED,discharge,2026-03-07T22:22:02.949199,0.0,285.46
P004143,2026-03-07T17:36:58.418256,3,walk-in,2026-03-07T17:42:30.584736,2026-03-07T17:42:30.584736,True,False,ED,discharge,2026-03-07T20:12:33.368554,0.0,155.58
P004144,2026-03-07T17:41:10.668833,2,walk-in,2026-03-07T17:47:23.896927,2026-03-07T17:47:23.896927,False,False,ED,admit,2026-03-07T23:21:30.118744,0.0,340.32
P004145,2026-03-07T17:42:32.985904,4,walk-in,2026-03-07T17:52:04.248929,2026-03-07T17:52:04.248929,False,True,ED,discharge,2026-03-07T19:26:28.503146,0.0,103.93
P004146,2026-03-07T17:43:35.553282,4,walk-in,2026-03-07T17:48:11.476126,2026-03-07T17:48:11.476126,False,False,ED,discharge,2026-03-07T20:51:32.435185,0.0,187.95
P004147,2026-03-07T17:55:41.226520,4,walk-in,2026-03-07T18:02:02.956199,2026-03-07T18:02:02.956199,True,False,ED,discharge,2026-03-07T20:48:49.958259,0.0,173.15
P004148,2026-03-07T18:05:29.052067,4,walk-in,2026-03-07T18:09:59.558952,2026-03-07T18:09:59.558952,False,False,ED,discharge,2026-03-07T18:49:59.558952,0.0,44.51
P004149,2026-03-07T18:22:23.826585,5,transfer,2026-03-07T18:28:44.646925,2026-03-07T18:28:44.646925,False,False,ED,discharge,2026-03-07T19:50:29.355075,0.0,88.09
P004150,2026-03-07T18:28:57.192101,2,transfer,2026-03-07T18:37:23.828953,2026-03-07T18:37:23.828953,True,False,ED,discharge,2026-03-07T21:58:27.124481,0.0,209.5
P004151,2026-03-07T18:46:00.897316,3,walk-in,2026-03-07T18:50:38.518924,2026-03-07T18:50:38.518924,True,False,ED,discharge,2026-03-07T20:50:38.518924,0.0,124.63
P004152,2026-03-07T18:48:47.152530,3,walk-in,2026-03-07T18:52:46.966229,2026-03-07T18:52:46.966229,False,True,ED,discharge,2026-03-07T21:19:42.249512,0.0,150.92
P004153,2026-03-07T18:51:46.790797,3,walk-in,2026-03-07T19:00:26.638147,2026-03-07T19:00:26.638147,True,False,ED,discharge,2026-03-07T21:36:32.132522,0.0,164.76
P004154,2026-03-07T18:53:28.321467,3,walk-in,2026-03-07T19:03:09.614650,2026-03-07T19:03:09.614650,True,False,ED,discharge,2026-03-07T22:32:19.843738,0.0,218.86
P004155,2026-03-07T18:58:07.066933,3,walk-in,2026-03-07T19:07:27.189741,2026-03-07T19:07:27.189741,False,False,ED,admit,2026-03-08T00:24:41.626839,0.0,326.58
P004156,2026-03-07T19:05:32.510379,4,walk-in,2026-03-07T19:14:58.023303,2026-03-07T19:14:58.023303,False,True,ED,discharge,2026-03-07T20:26:00.026790,0.0,80.46
P004157,2026-03-07T19:18:29.882530,3,walk-in,2026-03-07T19:21:40.753502,2026-03-07T19:21:40.753502,False,False,ED,discharge,2026-03-07T22:15:04.908735,0.0,176.58
P004158,2026-03-07T19:18:30.907511,2,walk-in,2026-03-07T19:25:43.373504,2026-03-07T19:25:43.373504,False,True,ED,admit,2026-03-07T21:59:19.510473,0.0,160.81
P004159,2026-03-07T19:25:54.590573,3,transfer,2026-03-07T19:35:24.288425,2026-03-07T19:35:24.288425,False,False,ED,discharge,2026-03-08T07:33:56.984924,0.0,728.04
P004160,2026-03-07T19:27:01.680759,2,walk-in,2026-03-07T19:32:56.922652,2026-03-07T19:32:56.922652,False,False,ED,discharge,2026-03-07T21:02:56.922652,0.0,95.92
P004161,2026-03-07T19:37:33.505003,4,walk-in,2026-03-07T19:46:11.322664,2026-03-07T19:46:11.322664,False,False,ED,discharge,2026-03-07T21:41:54.063095,0.0,124.34
P004162,2026-03-07T19:48:06.702908,3,walk-in,2026-03-07T19:51:46.048141,2026-03-07T19:51:46.048141,True,False,ED,admit,2026-03-08T01:10:41.994611,0.0,322.59
P004163,2026-03-07T19:48:35.313669,4,walk-in,2026-03-07T19:57:46.691758,2026-03-07T19:57:46.691758,False,False,ED,discharge,2026-03-07T21:15:24.483350,0.0,86.82
P004164,2026-03-07T19:50:15.702583,3,walk-in,2026-03-07T19:54:45.500983,2026-03-07T19:54:45.500983,False,True,ED,discharge,2026-03-08T02:55:13.796488,0.0,424.97
P004165,2026-03-07T19:51:49.842141,3,walk-in,2026-03-07T20:00:36.923531,2026-03-07T20:00:36.923531,True,False,ED,discharge,2026-03-07T22:26:03.174814,0.0,154.22
P004166,2026-03-07T19:53:50.497879,5,walk-in,2026-03-07T20:02:04.560661,2026-03-07T20:02:04.560661,False,False,ED,discharge,2026-03-07T20:48:19.432296,0.0,54.48
P004167,2026-03-07T20:17:46.816212,3,walk-in,2026-03-07T20:23:49.765367,2026-03-07T20:23:49.765367,False,True,ED,admit,2026-03-07T22:23:49.765367,0.0,126.05
P004168,2026-03-07T20:24:29.927403,4,walk-in,2026-03-07T20:32:26.178936,2026-03-07T20:32:26.178936,False,False,ED,discharge,2026-03-07T21:26:59.131251,0.0,62.49
P004169,2026-03-07T20:29:40.249810,3,walk-in,2026-03-07T20:34:30.352405,2026-03-07T20:34:30.352405,True,False,ED,discharge,2026-03-07T22:34:30.352405,0.0,124.84
P004170,2026-03-07T20:47:25.107079,4,walk-in,2026-03-07T20:56:27.776607,2026-03-07T20:56:27.776607,False,False,ED,discharge,2026-03-07T22:36:56.036065,0.0,109.52
P004171,2026-03-07T20:48:56.919397,4,transfer,2026-03-07T20:53:56.084091,2026-03-07T20:53:56.084091,False,False,ED,discharge,2026-03-07T22:14:17.377774,0.0,85.34
P004172,2026-03-07T20:49:46.842637,4,walk-in,2026-03-07T20:56:01.386055,2026-03-07T20:56:01.386055,False,False,ED,discharge,2026-03-07T22:02:47.866136,0.0,73.02
P004173,2026-03-07T21:05:22.729468,5,walk-in,2026-03-07T21:10:12.112756,2026-03-07T21:10:12.112756,False,False,ED,discharge,2026-03-07T22:13:50.527407,0.0,68.46
P004174,2026-03-07T21:09:56.809786,4,walk-in,2026-03-07T21:13:21.781485,2026-03-07T21:13:21.781485,False,False,ED,discharge,2026-03-07T23:33:31.439031,0.0,143.58
P004175,2026-03-07T21:10:52.138969,3,walk-in,2026-03-07T21:15:23.919399,2026-03-07T21:15:23.919399,False,False,ED,discharge,2026-03-08T04:29:41.837251,0.0,438.83
P004176,2026-03-07T21:34:11.569606,3,walk-in,2026-03-07T21:39:21.507443,2026-03-07T21:39:21.507443,False,False,ED,discharge,2026-03-08T07:13:37.481128,0.0,579.43
P004177,2026-03-07T21:39:56.749573,4,walk-in,2026-03-07T21:43:03.832864,2026-03-07T21:43:03.832864,False,False,ED,discharge,2026-03-07T22:31:03.619224,0.0,51.11
P004178,2026-03-07T21:48:11.109555,2,walk-in,2026-03-07T21:57:39.553719,2026-03-07T21:57:39.553719,False,False,ED,admit,2026-03-08T03:07:03.934934,0.0,318.88
P004179,2026-03-07T22:16:37.284177,2,ambulance,2026-03-07T22:24:56.066723,2026-03-07T22:24:56.066723,False,False,ED,admit,2026-03-08T01:06:57.779280,0.0,170.34
P004180,2026-03-07T22:20:03.893778,4,walk-in,2026-03-07T22:24:03.612790,2026-03-07T22:24:03.612790,False,False,ED,discharge,2026-03-07T23:23:45.747241,0.0,63.7
P004181,2026-03-07T22:52:12.342025,5,walk-in,2026-03-07T23:01:25.349458,2026-03-07T23:01:25.349458,False,False,ED,discharge,2026-03-08T00:00:07.371695,0.0,67.92
P004182,2026-03-07T23:02:00.534483,5,walk-in,2026-03-07T23:06:32.783361,2026-03-07T23:06:32.783361,False,False,ED,discharge,2026-03-07T23:40:01.233799,0.0,38.01
P004183,2026-03-07T23:23:31.960923,3,walk-in,2026-03-07T23:33:19.819797,2026-03-07T23:33:19.819797,False,False,ED,discharge,2026-03-08T02:41:58.682922,0.0,198.45
P004184,2026-03-07T23:24:44.670776,5,walk-in,2026-03-07T23:31:26.997096,2026-03-07T23:31:26.997096,False,False,ED,discharge,2026-03-07T23:55:01.647648,0.0,30.28
P004185,2026-03-07T23:28:36.703177,3,walk-in,2026-03-07T23:33:00.105443,2026-03-07T23:33:00.105443,False,True,ED,discharge,2026-03-08T04:07:49.157503,0.0,279.21
P004186,2026-03-08T00:00:18.596508,2,walk-in,2026-03-08T00:08:41.002721,2026-03-08T00:08:41.002721,False,False,ED,discharge,2026-03-08T06:32:10.882204,0.0,391.87
P004187,2026-03-08T00:09:14.093216,3,walk-in,2026-03-08T00:16:47.303254,2026-03-08T00:16:47.303254,False,False,ED,discharge,2026-03-08T03:33:53.362309,0.0,204.65
P004188,2026-03-08T00:18:56.939125,4,walk-in,2026-03-08T00:28:47.138961,2026-03-08T00:28:47.138961,False,False,ED,discharge,2026-03-08T01:41:57.967295,0.0,83.02
P004189,2026-03-08T00:23:41.770563,4,walk-in,2026-03-08T00:27:20.253520,2026-03-08T00:27:20.253520,True,False,ED,discharge,2026-03-08T01:07:20.253520,0.0,43.64
P004190,2026-03-08T00:53:20.496385,1,ambulance,2026-03-08T01:01:29.242722,2026-03-08T01:01:29.242722,True,True,ICU,admit,2026-03-08T02:17:20.625762,0.0,84.0
P004191,2026-03-08T03:06:17.036959,2,walk-in,2026-03-08T03:15:38.638869,2026-03-08T03:15:38.638869,True,False,ED,admit,2026-03-08T06:31:08.682426,0.0,204.86
P004192,2026-03-08T03:27:45.758979,3,walk-in,2026-03-08T03:36:28.342395,2026-03-08T03:36:28.342395,True,False,ED,discharge,2026-03-08T08:40:58.881856,0.0,313.22
P004193,2026-03-08T05:01:45.087085,5,walk-in,2026-03-08T05:07:51.115984,2026-03-08T05:07:51.115984,False,False,ED,discharge,2026-03-08T05:50:27.546324,0.0,48.71
P004194,2026-03-08T05:03:28.528333,3,walk-in,2026-03-08T05:09:43.309542,2026-03-08T05:09:43.309542,True,False,ED,discharge,2026-03-08T10:58:48.959924,0.0,355.34
P004195,2026-03-08T05:09:39.387907,2,walk-in,2026-03-08T05:16:09.293909,2026-03-08T05:16:09.293909,True,False,ICU,admit,2026-03-08T06:56:04.226102,0.0,106.41
P004196,2026-03-08T05:27:15.196387,2,walk-in,2026-03-08T05:34:43.321294,2026-03-08T05:34:43.321294,True,True,ED,admit,2026-03-08T08:46:39.631280,0.0,199.41
P004197,2026-03-08T06:27:07.200448,4,walk-in,2026-03-08T06:32:18.311533,2026-03-08T06:32:18.311533,False,False,ED,discharge,2026-03-08T07:12:18.311533,0.0,45.19
P004198,2026-03-08T06:44:18.043824,5,walk-in,2026-03-08T06:50:56.951999,2026-03-08T06:50:56.951999,False,False,ED,discharge,2026-03-08T07:53:06.842639,0.0,68.81
P004199,2026-03-08T07:03:39.431834,3,walk-in,2026-03-08T07:08:31.131905,2026-03-08T07:08:31.131905,True,True,ED,admit,2026-03-08T12:49:49.066405,0.0,346.16
P004200,2026-03-08T07:08:00.738315,3,walk-in,2026-03-08T07:12:17.222385,2026-03-08T07:12:17.222385,False,False,ED,discharge,2026-03-08T10:01:44.836686,0.0,173.73
P004201,2026-03-08T07:09:30.016810,4,walk-in,2026-03-08T07:13:18.242862,2026-03-08T07:13:18.242862,False,False,ED,discharge,2026-03-08T08:09:47.272500,0.0,60.29
P004202,2026-03-08T07:24:16.808635,2,walk-in,2026-03-08T07:29:34.444337,2026-03-08T07:29:34.444337,False,True,ED,admit,2026-03-08T11:31:58.907729,0.0,247.7
P004203,2026-03-08T07:29:01.630708,4,walk-in,2026-03-08T07:38:13.168204,2026-03-08T07:38:13.168204,False,False,ED,discharge,2026-03-08T09:52:24.805972,0.0,143.39
P004204,2026-03-08T07:33:52.800388,3,walk-in,2026-03-08T07:38:27.655234,2026-03-08T07:38:27.655234,False,True,ED,discharge,2026-03-08T12:32:02.235506,0.0,298.16
P004205,2026-03-08T07:41:04.892415,4,walk-in,2026-03-08T07:46:31.954370,2026-03-08T07:46:31.954370,False,False,ED,discharge,2026-03-08T09:28:00.862778,0.0,106.93
P004206,2026-03-08T08:07:04.361865,3,transfer,2026-03-08T08:15:22.282428,2026-03-08T08:15:22.282428,False,False,ED,discharge,2026-03-08T10:15:22.282428,0.0,128.3
P004207,2026-03-08T08:08:56.563503,3,walk-in,2026-03-08T08:12:41.874696,2026-03-08T08:12:41.874696,False,False,ED,discharge,2026-03-08T14:16:42.637388,0.0,367.77
P004208,2026-03-08T08:15:07.499360,4,walk-in,2026-03-08T08:18:21.192626,2026-03-08T08:18:21.192626,True,False,ED,discharge,2026-03-08T10:02:06.619885,0.0,106.99
P004209,2026-03-08T08:20:01.772846,4,walk-in,2026-03-08T08:23:35.162371,2026-03-08T08:23:35.162371,False,False,ED,discharge,2026-03-08T09:52:07.264863,0.0,92.09
P004210,2026-03-08T08:29:08.293671,3,transfer,2026-03-08T08:37:06.506670,2026-03-08T08:37:06.506670,False,True,ED,discharge,2026-03-08T20:37:06.506670,0.0,727.97
P004211,2026-03-08T09:02:34.740139,3,walk-in,2026-03-08T09:06:18.886435,2026-03-08T09:06:18.886435,False,False,ED,discharge,2026-03-08T15:18:38.758627,0.0,376.07
P004212,2026-03-08T09:15:49.457724,4,walk-in,2026-03-08T09:20:47.807038,2026-03-08T09:20:47.807038,False,False,ED,discharge,2026-03-08T12:39:14.522692,0.0,203.42
P004213,2026-03-08T09:15:52.430907,1,ambulance,2026-03-08T09:24:25.630360,2026-03-08T09:24:25.630360,False,False,ICU,admit,2026-03-08T13:32:57.964778,0.0,257.09
P004214,2026-03-08T09:20:29.945194,3,walk-in,2026-03-08T09:27:44.054385,2026-03-08T09:27:44.054385,False,False,ED,discharge,2026-03-08T17:45:02.191342,0.0,504.54
P004215,2026-03-08T09:23:51.229694,4,walk-in,2026-03-08T09:29:47.958091,2026-03-08T09:29:47.958091,False,False,ED,discharge,2026-03-08T10:09:47.958091,0.0,45.95
P004216,2026-03-08T09:23:52.107943,5,walk-in,2026-03-08T09:33:01.107246,2026-03-08T09:33:01.107246,False,False,ED,discharge,2026-03-08T10:04:25.047886,0.0,40.55
P004217,2026-03-08T09:27:59.808773,4,walk-in,2026-03-08T09:34:48.183712,2026-03-08T09:34:48.183712,False,False,ED,discharge,2026-03-08T10:50:07.860237,0.0,82.13
P004218,2026-03-08T09:37:42.355072,1,ambulance,2026-03-08T09:42:04.304275,2026-03-08T09:42:04.304275,True,True,ICU,admit,2026-03-08T12:20:59.597966,0.0,163.29
P004219,2026-03-08T09:42:32.047709,3,walk-in,2026-03-08T09:50:36.362717,2026-03-08T09:50:36.362717,False,False,ED,discharge,2026-03-08T14:19:01.116044,0.0,276.48
P004220,2026-03-08T09:48:33.115088,5,walk-in,2026-03-08T09:57:50.961169,2026-03-08T09:57:50.961169,False,False,ED,discharge,2026-03-08T10:42:31.654653,0.0,53.98
P004221,2026-03-08T09:49:46.659414,4,walk-in,2026-03-08T09:59:23.459061,2026-03-08T09:59:23.459061,False,False,ED,discharge,2026-03-08T10:39:23.459061,0.0,49.61
P004222,2026-03-08T10:01:45.070671,4,walk-in,2026-03-08T10:07:52.113806,2026-03-08T10:07:52.113806,False,False,ED,discharge,2026-03-08T14:18:43.693778,0.0,256.98
P004223,2026-03-08T10:06:56.452567,4,walk-in,2026-03-08T10:15:41.460290,2026-03-08T10:15:41.460290,False,False,ED,discharge,2026-03-08T11:17:56.954536,0.0,71.01
P004224,2026-03-08T10:07:31.171050,4,walk-in,2026-03-08T10:14:36.346868,2026-03-08T10:14:36.346868,False,False,ED,discharge,2026-03-08T11:07:14.287278,0.0,59.72
P004225,2026-03-08T10:29:21.134092,4,walk-in,2026-03-08T10:36:51.977525,2026-03-08T10:36:51.977525,False,False,ED,discharge,2026-03-08T12:22:32.113306,0.0,113.18
P004226,2026-03-08T10:33:22.389940,3,walk-in,2026-03-08T10:38:54.951849,2026-03-08T10:38:54.951849,False,False,ED,discharge,2026-03-08T15:14:00.211396,0.0,280.63
P004227,2026-03-08T10:34:51.650239,4,walk-in,2026-03-08T10:40:39.651210,2026-03-08T10:40:39.651210,False,False,ED,discharge,2026-03-08T12:15:56.949923,0.0,101.09
P004228,2026-03-08T10:37:14.351558,3,transfer,2026-03-08T10:44:07.488391,2026-03-08T10:44:07.488391,False,True,ED,discharge,2026-03-08T14:09:41.280673,0.0,212.45
P004229,2026-03-08T10:42:07.515611,2,walk-in,2026-03-08T10:49:20.125209,2026-03-08T10:49:20.125209,False,False,ED,admit,2026-03-08T18:31:15.357649,0.0,469.13
P004230,2026-03-08T10:43:28.191446,3,walk-in,2026-03-08T10:50:51.622699,2026-03-08T10:50:51.622699,True,True,ED,discharge,2026-03-08T12:50:51.622699,0.0,127.39
P004231,2026-03-08T10:45:21.139932,3,walk-in,2026-03-08T10:53:10.823711,2026-03-08T10:53:10.823711,True,False,ED,admit,2026-03-08T15:57:28.424782,0.0,312.12
P004232,2026-03-08T10:56:57.843569,5,walk-in,2026-03-08T11:01:05.773055,2026-03-08T11:01:05.773055,False,False,ED,discharge,2026-03-08T11:49:15.910726,0.0,52.3
P004233,2026-03-08T10:59:31.554845,3,walk-in,2026-03-08T11:08:25.055140,2026-03-08T11:08:25.055140,False,False,ED,discharge,2026-03-08T19:04:22.540686,0.0,484.85
P004234,2026-03-08T11:06:14.749244,4,walk-in,2026-03-08T11:16:06.370606,2026-03-08T11:16:06.370606,False,False,ED,discharge,2026-03-08T12:15:19.045421,0.0,69.07
P004235,2026-03-08T11:23:16.905254,4,walk-in,2026-03-08T11:29:28.774371,2026-03-08T11:29:28.774371,True,False,ED,discharge,2026-03-08T14:39:44.239538,0.0,196.46
P004236,2026-03-08T11:23:26.542073,5,walk-in,2026-03-08T11:31:14.499405,2026-03-08T11:31:14.499405,False,False,ED,discharge,2026-03-08T11:51:45.167981,0.0,28.31
P004237,2026-03-08T11:25:10.397847,5,walk-in,2026-03-08T11:34:17.160083,2026-03-08T11:34:17.160083,False,False,ED,discharge,2026-03-08T12:15:18.730105,0.0,50.14
P004238,2026-03-08T11:26:39.328412,1,ambulance,2026-03-08T11:34:13.719368,2026-03-08T11:34:13.719368,True,False,ICU,admit,2026-03-08T19:34:13.719368,0.0,487.57
P004239,2026-03-08T11:26:48.015240,4,walk-in,2026-03-08T11:34:19.134320,2026-03-08T11:34:19.134320,False,False,ED,discharge,2026-03-08T16:34:19.134320,0.0,307.52
P004240,2026-03-08T11:27:07.195595,4,walk-in,2026-03-08T11:36:23.630949,2026-03-08T11:36:23.630949,False,False,ED,discharge,2026-03-08T13:01:07.255226,0.0,94.0
P004241,2026-03-08T11:28:03.928961,2,walk-in,2026-03-08T11:36:43.632836,2026-03-08T11:36:43.632836,True,False,ED,admit,2026-03-08T14:50:39.401157,0.0,202.59
P004242,2026-03-08T11:34:58.589592,3,transfer,2026-03-08T11:44:40.551485,2026-03-08T11:44:40.551485,False,False,ED,discharge,2026-03-08T20:08:29.818076,0.0,513.52
P004243,2026-03-08T11:35:33.237890,4,walk-in,2026-03-08T11:42:52.786356,2026-03-08T11:42:52.786356,False,False,ED,discharge,2026-03-08T12:50:18.350129,0.0,74.75
P004244,2026-03-08T11:47:26.620070,3,walk-in,2026-03-08T11:55:10.055172,2026-03-08T11:55:10.055172,False,False,ED,discharge,2026-03-08T14:05:32.339420,0.0,138.1
P004245,2026-03-08T11:47:40.809148,4,walk-in,2026-03-08T11:50:47.281370,2026-03-08T11:50:47.281370,False,False,ED,discharge,2026-03-08T12:49:03.453034,0.0,61.38
P004246,2026-03-08T11:49:44.154558,3,walk-in,2026-03-08T11:57:18.195972,2026-03-08T11:57:18.195972,True,False,ED,discharge,2026-03-08T16:33:36.468533,0.0,283.87
P004247,2026-03-08T11:59:19.131602,3,walk-in,2026-03-08T12:04:44.890751,2026-03-08T12:04:44.890751,False,False,ED,discharge,2026-03-08T14:18:19.321263,0.0,139.0
P004248,2026-03-08T12:13:30.450098,5,walk-in,2026-03-08T12:18:22.746894,2026-03-08T12:18:22.746894,False,False,ED,discharge,2026-03-08T13:20:40.417991,0.0,67.17
P004249,2026-03-08T12:19:51.752097,5,walk-in,2026-03-08T12:23:38.610143,2026-03-08T12:23:38.610143,True,False,ED,discharge,2026-03-08T13:06:34.898149,0.0,46.72
P004250,2026-03-08T12:31:44.412849,3,walk-in,2026-03-08T12:39:05.528573,2026-03-08T12:39:05.528573,False,False,ED,admit,2026-03-08T22:58:08.845250,0.0,626.41
P004251,2026-03-08T12:31:53.882810,3,walk-in,2026-03-08T12:36:54.273545,2026-03-08T12:36:54.273545,True,False,ED,discharge,2026-03-08T15:03:36.936974,0.0,151.72
P004252,2026-03-08T12:34:09.378070,3,ambulance,2026-03-08T12:41:22.788308,2026-03-08T12:41:22.788308,False,True,ED,discharge,2026-03-08T23:11:07.982885,0.0,636.98
P004253,2026-03-08T12:38:41.202442,3,walk-in,2026-03-08T12:45:25.825591,2026-03-08T12:45:25.825591,False,False,ED,discharge,2026-03-08T15:16:07.658737,0.0,157.44
P004254,2026-03-08T12:38:45.932849,4,walk-in,2026-03-08T12:46:25.304853,2026-03-08T12:46:25.304853,False,False,ED,discharge,2026-03-08T15:04:08.453439,0.0,145.38
P004255,2026-03-08T12:48:19.682861,4,walk-in,2026-03-08T12:58:03.633745,2026-03-08T12:58:03.633745,False,False,ED,discharge,2026-03-08T15:13:17.966608,0.0,144.97
P004256,2026-03-08T12:56:21.457486,4,walk-in,2026-03-08T13:05:56.607800,2026-03-08T13:05:56.607800,False,False,ED,discharge,2026-03-08T13:50:19.881304,0.0,53.97
P004257,2026-03-08T12:58:43.674112,1,ambulance,2026-03-08T13:04:03.047218,2026-03-08T13:04:03.047218,True,True,ICU,admit,2026-03-08T15:03:55.685872,0.0,125.2
P004258,2026-03-08T13:05:23.032902,3,walk-in,2026-03-08T13:15:10.133394,2026-03-08T13:15:10.133394,False,False,ED,discharge,2026-03-08T15:15:10.133394,0.0,129.79
P004259,2026-03-08T13:12:44.135120,4,walk-in,2026-03-08T13:18:39.658125,2026-03-08T13:18:39.658125,False,False,ED,discharge,2026-03-08T14:04:59.046176,0.0,52.25
P004260,2026-03-08T13:14:06.825591,3,walk-in,2026-03-08T13:20:46.697994,2026-03-08T13:20:46.697994,True,False,ED,discharge,2026-03-08T16:57:08.557910,0.0,223.03
P004261,2026-03-08T13:25:45.258027,4,walk-in,2026-03-08T13:29:13.542511,2026-03-08T13:29:13.542511,False,False,ED,discharge,2026-03-08T14:44:45.526953,0.0,79.0
P004262,2026-03-08T13:29:01.348783,4,walk-in,2026-03-08T13:34:57.715617,2026-03-08T13:34:57.715617,False,False,ED,discharge,2026-03-08T14:49:17.875853,0.0,80.28
P004263,2026-03-08T13:32:23.762480,5,transfer,2026-03-08T13:39:07.002757,2026-03-08T13:39:07.002757,False,False,ED,discharge,2026-03-08T13:59:07.002757,0.0,26.72
P004264,2026-03-08T13:52:11.623373,4,walk-in,2026-03-08T14:01:17.429970,2026-03-08T14:01:17.429970,True,False,ED,discharge,2026-03-08T15:01:05.358906,0.0,68.9
P004265,2026-03-08T14:01:27.123267,3,walk-in,2026-03-08T14:10:31.187799,2026-03-08T14:10:31.187799,True,False,ED,discharge,2026-03-08T16:10:31.187799,0.0,129.07
P004266,2026-03-08T14:01:54.711580,4,walk-in,2026-03-08T14:11:50.113511,2026-03-08T14:11:50.113511,False,False,ED,discharge,2026-03-08T17:34:39.101691,0.0,212.74
P004267,2026-03-08T14:02:48.303119,4,walk-in,2026-03-08T14:11:02.943679,2026-03-08T14:11:02.943679,False,False,ED,discharge,2026-03-08T17:01:34.794418,0.0,178.77
P004268,2026-03-08T14:04:59.222647,4,walk-in,2026-03-08T14:13:23.237142,2026-03-08T14:13:23.237142,False,False,ED,discharge,2026-03-08T15:06:40.922722,0.0,61.7
P004269,2026-03-08T14:37:32.932411,4,walk-in,2026-03-08T14:44:01.174873,2026-03-08T14:44:01.174873,True,False,ED,discharge,2026-03-08T15:24:01.174873,0.0,46.47
P004270,2026-03-08T14:41:41.051076,4,walk-in,2026-03-08T14:47:20.793517,2026-03-08T14:47:20.793517,False,False,ED,discharge,2026-03-08T15:27:20.793517,0.0,45.66
P004271,2026-03-08T14:43:40.493288,3,walk-in,2026-03-08T14:51:25.977147,2026-03-08T14:51:25.977147,True,False,ED,discharge,2026-03-08T18:49:05.580684,0.0,245.42
P004272,2026-03-08T14:58:24.132749,4,walk-in,2026-03-08T15:01:55.144093,2026-03-08T15:01:55.144093,False,False,ED,discharge,2026-03-08T15:41:55.144093,0.0,43.52
P004273,2026-03-08T15:03:42.389746,3,walk-in,2026-03-08T15:09:01.314887,2026-03-08T15:09:01.314887,True,False,ED,discharge,2026-03-08T18:48:06.438527,0.0,224.4
P004274,2026-03-08T15:04:20.639028,5,walk-in,2026-03-08T15:08:00.673158,2026-03-08T15:08:00.673158,False,False,ED,discharge,2026-03-08T16:26:51.836244,0.0,82.52
P004275,2026-03-08T15:05:47.121550,2,walk-in,2026-03-08T15:14:20.720936,2026-03-08T15:14:20.720936,True,True,ED,discharge,2026-03-08T17:21:08.836174,0.0,135.36
P004276,2026-03-08T15:15:19.440941,5,walk-in,2026-03-08T15:22:54.598893,2026-03-08T15:22:54.598893,False,False,ED,discharge,2026-03-08T15:50:07.438499,0.0,34.8
P004277,2026-03-08T15:16:28.512294,4,walk-in,2026-03-08T15:25:10.085610,2026-03-08T15:25:10.085610,False,False,ED,discharge,2026-03-08T20:25:10.085610,0.0,308.69
P004278,2026-03-08T15:27:16.354157,1,ambulance,2026-03-08T15:33:59.301425,2026-03-08T15:33:59.301425,True,True,ED,admit,2026-03-08T17:17:37.939513,0.0,110.36
P004279,2026-03-08T15:29:29.197992,3,walk-in,2026-03-08T15:32:44.217511,2026-03-08T15:32:44.217511,False,False,ED,discharge,2026-03-08T22:01:57.417467,0.0,392.47
P004280,2026-03-08T15:30:13.617727,5,walk-in,2026-03-08T15:36:47.447660,2026-03-08T15:36:47.447660,False,False,ED,discharge,2026-03-08T16:20:54.299576,0.0,50.68
P004281,2026-03-08T15:39:23.713766,5,walk-in,2026-03-08T15:47:50.436222,2026-03-08T15:47:50.436222,False,False,ED,discharge,2026-03-08T17:25:55.750489,0.0,106.53
P004282,2026-03-08T15:43:52.470614,3,transfer,2026-03-08T15:52:39.228887,2026-03-08T15:52:39.228887,False,False,ED,discharge,2026-03-08T21:39:11.785979,0.0,355.32
P004283,2026-03-08T15:48:17.796427,4,walk-in,2026-03-08T15:55:42.255059,2026-03-08T15:55:42.255059,True,False,ED,discharge,2026-03-08T17:16:10.065706,0.0,87.87
P004284,2026-03-08T15:49:33.177336,2,walk-in,2026-03-08T15:52:39.695461,2026-03-08T15:52:39.695461,True,False,ED,admit,2026-03-09T01:52:39.695461,0.0,603.11
P004285,2026-03-08T16:06:26.331470,4,walk-in,2026-03-08T16:16:12.220282,2026-03-08T16:16:12.220282,True,False,ED,discharge,2026-03-08T17:04:00.209627,0.0,57.56
P004286,2026-03-08T16:13:11.550118,4,walk-in,2026-03-08T16:17:20.348209,2026-03-08T16:17:20.348209,False,False,ED,discharge,2026-03-08T18:19:15.052939,0.0,126.06
P004287,2026-03-08T16:14:07.897302,3,walk-in,2026-03-08T16:21:09.041900,2026-03-08T16:21:09.041900,False,False,ED,discharge,2026-03-08T18:21:09.041900,0.0,127.02
P004288,2026-03-08T16:32:37.348955,3,walk-in,2026-03-08T16:38:00.099069,2026-03-08T16:38:00.099069,True,False,ED,admit,2026-03-08T21:49:16.925561,0.0,316.66
P004289,2026-03-08T16:40:44.092979,5,walk-in,2026-03-08T16:44:04.845971,2026-03-08T16:44:04.845971,False,False,ED,discharge,2026-03-08T17:34:05.025819,0.0,53.35
P004290,2026-03-08T16:48:40.470788,4,walk-in,2026-03-08T16:56:59.777661,2026-03-08T16:56:59.777661,False,False,ED,discharge,2026-03-08T17:56:09.426262,0.0,67.48
P004291,2026-03-08T16:58:26.992355,3,walk-in,2026-03-08T17:03:16.716427,2026-03-08T17:03:16.716427,False,False,ED,discharge,2026-03-09T00:25:50.196722,0.0,447.39
P004292,2026-03-08T17:00:01.498634,2,ambulance,2026-03-08T17:04:21.584834,2026-03-08T17:04:21.584834,True,False,ED,discharge,2026-03-08T23:54:28.426021,0.0,414.45
P004293,2026-03-08T17:01:48.476501,3,walk-in,2026-03-08T17:07:08.299040,2026-03-08T17:07:08.299040,False,False,ED,discharge,2026-03-08T20:47:15.290278,0.0,225.45
P004294,2026-03-08T17:03:10.552169,3,walk-in,2026-03-08T17:08:50.417781,2026-03-08T17:08:50.417781,False,False,ED,discharge,2026-03-08T19:43:01.357875,0.0,159.85
P004295,2026-03-08T17:04:48.194015,5,walk-in,2026-03-08T17:09:43.608518,2026-03-08T17:09:43.608518,False,False,ED,discharge,2026-03-08T18:16:29.115552,0.0,71.68
P004296,2026-03-08T17:23:32.303328,5,walk-in,2026-03-08T17:29:44.819572,2026-03-08T17:29:44.819572,False,False,ED,discharge,2026-03-08T18:03:05.908406,0.0,39.56
P004297,2026-03-08T17:30:07.623214,4,ambulance,2026-03-08T17:36:22.896351,2026-03-08T17:36:22.896351,False,False,ED,discharge,2026-03-08T18:58:54.803577,0.0,88.79
P004298,2026-03-08T17:42:58.063737,3,walk-in,2026-03-08T17:52:45.301061,2026-03-08T17:52:45.301061,False,False,ED,discharge,2026-03-08T22:56:53.011650,0.0,313.92
P004299,2026-03-08T17:56:29.658983,4,walk-in,2026-03-08T18:00:52.737858,2026-03-08T18:00:52.737858,False,False,ED,discharge,2026-03-08T18:49:41.849530,0.0,53.2
P004300,2026-03-08T18:05:21.696825,3,walk-in,2026-03-08T18:12:10.131203,2026-03-08T18:12:10.131203,False,False,ED,discharge,2026-03-08T20:44:46.052964,0.0,159.41
P004301,2026-03-08T18:10:26.750118,2,walk-in,2026-03-08T18:17:36.233437,2026-03-08T18:17:36.233437,True,False,ED,discharge,2026-03-08T22:48:25.738333,0.0,277.98
P004302,2026-03-08T18:10:31.002277,2,walk-in,2026-03-08T18:20:00.678901,2026-03-08T18:20:00.678901,True,True,ED,discharge,2026-03-08T21:10:16.611227,0.0,179.76
P004303,2026-03-08T18:27:05.758395,3,walk-in,2026-03-08T18:30:17.269114,2026-03-08T18:30:17.269114,False,False,ED,discharge,2026-03-08T22:55:13.142875,0.0,268.12
P004304,2026-03-08T18:30:27.267858,2,ambulance,2026-03-08T18:33:58.520152,2026-03-08T18:33:58.520152,True,False,ED,discharge,2026-03-08T21:47:38.981173,0.0,197.2
P004305,2026-03-08T18:35:07.512820,3,walk-in,2026-03-08T18:41:13.478418,2026-03-08T18:41:13.478418,True,False,ED,admit,2026-03-08T23:36:20.988322,0.0,301.22
P004306,2026-03-08T18:50:55.168758,4,walk-in,2026-03-08T18:55:52.576361,2026-03-08T18:55:52.576361,False,False,ED,discharge,2026-03-08T21:51:39.258721,0.0,180.73
P004307,2026-03-08T18:59:20.544320,4,walk-in,2026-03-08T19:03:07.977837,2026-03-08T19:03:07.977837,False,False,ED,discharge,2026-03-08T21:04:20.955073,0.0,125.01
P004308,2026-03-08T19:06:03.059502,3,walk-in,2026-03-08T19:12:36.614532,2026-03-08T19:12:36.614532,False,False,ED,discharge,2026-03-08T21:12:36.614532,0.0,126.56
P004309,2026-03-08T19:08:27.829816,4,walk-in,2026-03-08T19:13:50.774899,2026-03-08T19:13:50.774899,False,False,ED,discharge,2026-03-08T20:13:41.504101,0.0,65.23
P004310,2026-03-08T19:13:16.342980,2,walk-in,2026-03-08T19:17:34.112483,2026-03-08T19:17:34.112483,False,False,ED,discharge,2026-03-09T01:16:45.072213,0.0,363.48
P004311,2026-03-08T19:15:07.680934,4,ambulance,2026-03-08T19:21:30.143549,2026-03-08T19:21:30.143549,False,False,ED,discharge,2026-03-08T20:01:30.143549,0.0,46.37
P004312,2026-03-08T19:18:02.510494,3,walk-in,2026-03-08T19:23:02.264517,2026-03-08T19:23:02.264517,False,False,ED,discharge,2026-03-09T01:53:45.192686,0.0,395.71
P004313,2026-03-08T19:18:52.158364,3,walk-in,2026-03-08T19:24:26.186202,2026-03-08T19:24:26.186202,False,False,ED,discharge,2026-03-08T22:06:31.521435,0.0,167.66
P004314,2026-03-08T19:19:12.720057,4,walk-in,2026-03-08T19:28:46.980202,2026-03-08T19:28:46.980202,False,True,ED,discharge,2026-03-08T20:24:51.089384,0.0,65.64
P004315,2026-03-08T19:29:32.250866,4,walk-in,2026-03-08T19:38:08.991856,2026-03-08T19:38:08.991856,False,False,ED,discharge,2026-03-08T21:21:15.855290,0.0,111.73
P004316,2026-03-08T19:40:49.490409,4,walk-in,2026-03-08T19:48:59.813427,2026-03-08T19:48:59.813427,False,False,ED,discharge,2026-03-08T20:28:59.813427,0.0,48.17
P004317,2026-03-08T19:45:13.265141,3,walk-in,2026-03-08T19:52:44.103410,2026-03-08T19:52:44.103410,True,False,ED,discharge,2026-03-08T23:52:36.909856,0.0,247.39
P004318,2026-03-08T19:52:19.476767,3,walk-in,2026-03-08T19:57:03.785940,2026-03-08T19:57:03.785940,False,False,ED,admit,2026-03-09T00:57:41.041141,0.0,305.36
P004319,2026-03-08T20:02:02.423777,3,walk-in,2026-03-08T20:10:02.786026,2026-03-08T20:10:02.786026,True,False,ED,discharge,2026-03-09T00:05:19.889247,0.0,243.29
P004320,2026-03-08T20:16:08.097398,2,transfer,2026-03-08T20:21:13.413450,2026-03-08T20:21:13.413450,True,False,ED,discharge,2026-03-08T23:09:42.060284,0.0,173.57
P004321,2026-03-08T20:21:10.576645,4,walk-in,2026-03-08T20:26:35.573245,2026-03-08T20:26:35.573245,False,False,ED,discharge,2026-03-08T22:40:52.916489,0.0,139.71
P004322,2026-03-08T20:36:37.526408,4,walk-in,2026-03-08T20:41:21.458937,2026-03-08T20:41:21.458937,False,False,ED,discharge,2026-03-08T22:51:26.070734,0.0,134.81
P004323,2026-03-08T20:39:09.798926,4,walk-in,2026-03-08T20:47:23.723802,2026-03-08T20:47:23.723802,False,False,ED,discharge,2026-03-08T22:39:53.333156,0.0,120.73
P004324,2026-03-08T20:39:46.839408,3,walk-in,2026-03-08T20:43:12.769516,2026-03-08T20:43:12.769516,False,False,ED,discharge,2026-03-08T23:10:26.660621,0.0,150.66
P004325,2026-03-08T20:42:40.831136,3,walk-in,2026-03-08T20:51:45.854315,2026-03-08T20:51:45.854315,True,False,ED,discharge,2026-03-09T00:01:10.747346,0.0,198.5
P004326,2026-03-08T20:45:04.006394,2,ambulance,2026-03-08T20:49:00.793312,2026-03-08T20:49:00.793312,False,False,ED,admit,2026-03-09T00:41:50.550895,0.0,236.78
P004327,2026-03-08T20:48:20.002019,3,walk-in,2026-03-08T20:57:55.828773,2026-03-08T20:57:55.828773,True,False,ED,discharge,2026-03-09T00:18:42.332840,0.0,210.37
P004328,2026-03-08T20:50:23.674267,3,walk-in,2026-03-08T20:53:46.625114,2026-03-08T20:53:46.625114,False,False,ED,discharge,2026-03-08T22:53:46.625114,0.0,123.38
P004329,2026-03-08T20:54:43.922191,4,walk-in,2026-03-08T21:03:22.275197,2026-03-08T21:03:22.275197,False,False,ED,discharge,2026-03-08T22:03:05.321459,0.0,68.36
P004330,2026-03-08T20:57:52.394952,3,walk-in,2026-03-08T21:02:43.653011,2026-03-08T21:02:43.653011,True,True,ED,admit,2026-03-09T00:26:04.802836,0.0,208.21
P004331,2026-03-08T21:15:05.024541,4,walk-in,2026-03-08T21:18:17.297591,2026-03-08T21:18:17.297591,False,False,ED,discharge,2026-03-08T22:12:52.408149,0.0,57.79
P004332,2026-03-08T21:29:02.379075,3,walk-in,2026-03-08T21:32:08.855151,2026-03-08T21:32:08.855151,False,False,ED,discharge,2026-03-09T04:55:31.872000,0.0,446.49
P004333,2026-03-08T21:31:59.029079,2,walk-in,2026-03-08T21:37:24.165596,2026-03-08T21:37:24.165596,True,False,ED,discharge,2026-03-09T04:12:39.907507,0.0,400.68
P004334,2026-03-08T21:55:04.888887,3,walk-in,2026-03-08T21:58:32.205751,2026-03-08T21:58:32.205751,False,False,ED,admit,2026-03-09T06:16:57.252577,0.0,501.87
P004335,2026-03-08T22:04:19.251990,2,ambulance,2026-03-08T22:12:17.180182,2026-03-08T22:12:17.180182,True,False,ED,discharge,2026-03-09T01:46:46.683961,0.0,222.46
P004336,2026-03-08T22:28:07.002165,3,ambulance,2026-03-08T22:31:51.118334,2026-03-08T22:31:51.118334,False,False,ED,discharge,2026-03-09T10:31:51.118334,0.0,723.74
P004337,2026-03-08T22:49:06.022902,4,walk-in,2026-03-08T22:58:43.782991,2026-03-08T22:58:43.782991,False,False,ED,discharge,2026-03-08T23:43:58.345453,0.0,54.87
P004338,2026-03-08T22:54:46.293457,2,walk-in,2026-03-08T23:00:01.494693,2026-03-08T23:00:01.494693,True,False,ED,discharge,2026-03-09T02:44:04.980728,0.0,229.31
P004339,2026-03-08T23:11:24.516038,4,walk-in,2026-03-08T23:14:32.916382,2026-03-08T23:14:32.916382,False,False,ED,discharge,2026-03-09T00:00:14.949193,0.0,48.84
P004340,2026-03-08T23:12:08.359760,4,walk-in,2026-03-08T23:16:46.971347,2026-03-08T23:16:46.971347,True,False,ED,discharge,2026-03-09T00:07:22.209640,0.0,55.23
P004341,2026-03-08T23:20:34.051757,4,walk-in,2026-03-08T23:29:02.550395,2026-03-08T23:29:02.550395,False,False,ED,discharge,2026-03-09T01:02:29.844259,0.0,101.93
P004342,2026-03-08T23:54:01.083216,2,walk-in,2026-03-09T00:01:47.946296,2026-03-09T00:01:47.946296,True,False,ED,admit,2026-03-09T01:31:47.946296,0.0,97.78
P004343,2026-03-09T00:08:02.155900,3,walk-in,2026-03-09T00:15:30.535540,2026-03-09T00:15:30.535540,False,False,ED,discharge,2026-03-09T02:15:30.535540,0.0,127.47
P004344,2026-03-09T00:41:28.196895,4,walk-in,2026-03-09T00:46:05.572709,2026-03-09T00:46:05.572709,False,False,ED,discharge,2026-03-09T02:40:23.809725,0.0,118.93
P004345,2026-03-09T02:11:17.790512,3,walk-in,2026-03-09T02:18:30.987603,2026-03-09T02:18:30.987603,False,False,ED,discharge,2026-03-09T04:27:15.938489,0.0,135.97
P004346,2026-03-09T02:11:52.191026,4,walk-in,2026-03-09T02:18:52.609927,2026-03-09T02:18:52.609927,True,False,ED,discharge,2026-03-09T03:14:05.570833,0.0,62.22
P004347,2026-03-09T02:49:53.321923,2,ambulance,2026-03-09T02:55:41.109693,2026-03-09T02:55:41.109693,False,True,ICU,discharge,2026-03-09T05:12:09.541096,0.0,142.27
P004348,2026-03-09T03:13:24.186177,5,walk-in,2026-03-09T03:22:06.173566,2026-03-09T03:22:06.173566,False,False,ED,discharge,2026-03-09T04:26:59.362436,0.0,73.59
P004349,2026-03-09T03:36:30.300386,3,walk-in,2026-03-09T03:45:37.256133,2026-03-09T03:45:37.256133,False,False,ED,discharge,2026-03-09T06:50:49.291313,0.0,194.32
P004350,2026-03-09T03:42:34.924561,3,walk-in,2026-03-09T03:51:30.887779,2026-03-09T03:51:30.887779,False,True,ED,discharge,2026-03-09T06:13:26.234337,0.0,150.86
P004351,2026-03-09T05:02:33.539546,4,walk-in,2026-03-09T05:07:39.767710,2026-03-09T05:07:39.767710,False,False,ED,discharge,2026-03-09T06:17:20.069892,0.0,74.78
P004352,2026-03-09T06:45:57.374172,4,walk-in,2026-03-09T06:55:08.477918,2026-03-09T06:55:08.477918,False,False,ED,discharge,2026-03-09T09:35:35.909651,0.0,169.64
P004353,2026-03-09T06:49:34.556976,2,ambulance,2026-03-09T06:56:49.563966,2026-03-09T06:56:49.563966,True,True,ED,admit,2026-03-09T10:29:05.561408,0.0,219.52
P004354,2026-03-09T06:57:51.360317,3,walk-in,2026-03-09T07:05:40.039585,2026-03-09T07:05:40.039585,False,False,ED,discharge,2026-03-09T10:20:39.077236,0.0,202.8
P004355,2026-03-09T07:03:24.195995,3,walk-in,2026-03-09T07:13:20.217794,2026-03-09T07:13:20.217794,False,False,ED,discharge,2026-03-09T10:01:59.769667,0.0,178.59
P004356,2026-03-09T07:07:03.542630,4,walk-in,2026-03-09T07:10:35.337776,2026-03-09T07:10:35.337776,True,False,ED,discharge,2026-03-09T08:49:19.677663,0.0,102.27
P004357,2026-03-09T07:14:56.680944,3,walk-in,2026-03-09T07:19:12.007334,2026-03-09T07:19:12.007334,False,False,ED,discharge,2026-03-09T19:19:12.007334,0.0,724.26
P004358,2026-03-09T08:00:03.740703,3,walk-in,2026-03-09T08:04:31.409527,2026-03-09T08:04:31.409527,False,False,ED,discharge,2026-03-09T10:14:08.754161,0.0,134.08
P004359,2026-03-09T08:05:27.669803,2,walk-in,2026-03-09T08:11:39.969410,2026-03-09T08:11:39.969410,False,True,ED,admit,2026-03-09T10:04:02.822513,0.0,118.59
P004360,2026-03-09T08:10:38.506981,3,walk-in,2026-03-09T08:18:21.300231,2026-03-09T08:18:21.300231,False,False,ED,discharge,2026-03-09T10:27:58.177945,0.0,137.33
P004361,2026-03-09T08:27:58.457353,1,transfer,2026-03-09T08:32:18.303662,2026-03-09T08:32:18.303662,True,True,ED,admit,2026-03-09T12:10:37.563685,0.0,222.65
P004362,2026-03-09T08:51:55.573096,5,walk-in,2026-03-09T08:55:20.625718,2026-03-09T08:55:20.625718,False,False,ED,discharge,2026-03-09T09:47:16.917487,0.0,55.36
P004363,2026-03-09T08:57:38.297344,3,walk-in,2026-03-09T09:07:36.236240,2026-03-09T09:07:36.236240,False,True,ED,discharge,2026-03-09T13:11:20.150898,0.0,253.7
P004364,2026-03-09T09:17:38.529753,4,walk-in,2026-03-09T09:25:36.218604,2026-03-09T09:25:36.218604,False,False,ED,discharge,2026-03-09T10:54:01.456710,0.0,96.38
P004365,2026-03-09T09:33:42.936930,4,walk-in,2026-03-09T09:40:32.121305,2026-03-09T09:40:32.121305,True,False,ED,discharge,2026-03-09T10:42:06.885353,0.0,68.4
P004366,2026-03-09T09:36:23.361857,4,walk-in,2026-03-09T09:39:48.634600,2026-03-09T09:39:48.634600,False,False,ED,discharge,2026-03-09T12:04:11.606839,0.0,147.8
P004367,2026-03-09T09:42:27.695222,2,walk-in,2026-03-09T09:45:38.468629,2026-03-09T09:45:38.468629,False,True,ED,admit,2026-03-09T13:52:07.211449,0.0,249.66
P004368,2026-03-09T09:45:43.103718,3,walk-in,2026-03-09T09:50:08.051304,2026-03-09T09:50:08.051304,False,False,ED,discharge,2026-03-09T21:46:00.925960,0.0,720.3
P004369,2026-03-09T09:52:28.168027,3,walk-in,2026-03-09T09:59:22.049372,2026-03-09T09:59:22.049372,False,False,ED,discharge,2026-03-09T12:15:57.940777,0.0,143.5
P004370,2026-03-09T10:01:37.077211,3,transfer,2026-03-09T10:09:57.078031,2026-03-09T10:09:57.078031,True,True,ED,discharge,2026-03-09T13:32:39.087451,0.0,211.03
P004371,2026-03-09T10:05:48.613031,4,walk-in,2026-03-09T10:11:44.236397,2026-03-09T10:11:44.236397,False,False,ED,discharge,2026-03-09T13:56:35.820346,0.0,230.79
P004372,2026-03-09T10:25:04.008420,3,walk-in,2026-03-09T10:32:44.412002,2026-03-09T10:32:44.412002,False,False,ED,admit,2026-03-09T14:48:16.982352,0.0,263.22
P004373,2026-03-09T10:33:32.212284,2,walk-in,2026-03-09T10:40:37.553678,2026-03-09T10:40:37.553678,False,False,ED,admit,2026-03-09T13:01:01.969262,0.0,147.5
P004374,2026-03-09T10:35:54.444344,3,walk-in,2026-03-09T10:41:12.723102,2026-03-09T10:41:12.723102,False,False,ED,discharge,2026-03-09T15:07:59.177519,0.0,272.08
P004375,2026-03-09T10:38:53.452663,3,walk-in,2026-03-09T10:48:05.337379,2026-03-09T10:48:05.337379,False,False,ED,discharge,2026-03-09T15:43:10.667077,0.0,304.29
P004376,2026-03-09T10:47:42.727808,3,walk-in,2026-03-09T10:56:04.946337,2026-03-09T10:56:04.946337,False,True,ED,discharge,2026-03-09T14:37:53.620697,0.0,230.18
P004377,2026-03-09T10:47:59.946186,5,walk-in,2026-03-09T10:54:07.381716,2026-03-09T10:54:07.381716,False,False,ED,discharge,2026-03-09T11:22:44.991978,0.0,34.75
P004378,2026-03-09T10:50:00.685580,2,walk-in,2026-03-09T10:56:09.997990,2026-03-09T10:56:09.997990,False,True,ED,discharge,2026-03-09T14:55:00.972732,0.0,245.0
P004379,2026-03-09T11:01:23.846255,3,ambulance,2026-03-09T11:10:09.493401,2026-03-09T11:10:09.493401,False,False,ED,discharge,2026-03-09T21:35:39.125837,0.0,634.25
P004380,2026-03-09T11:04:30.039168,3,walk-in,2026-03-09T11:13:25.884315,2026-03-09T11:13:25.884315,False,True,ED,admit,2026-03-09T17:58:20.865485,0.0,413.85
P004381,2026-03-09T11:15:31.360218,4,walk-in,2026-03-09T11:21:29.570970,2026-03-09T11:21:29.570970,False,False,ED,discharge,2026-03-09T12:42:02.857502,0.0,86.52
P004382,2026-03-09T11:19:51.930304,5,walk-in,2026-03-09T11:23:11.570244,2026-03-09T11:23:11.570244,False,False,ED,discharge,2026-03-09T12:37:33.993076,0.0,77.7
P004383,2026-03-09T11:23:28.062057,3,walk-in,2026-03-09T11:29:43.509002,2026-03-09T11:29:43.509002,True,False,ED,discharge,2026-03-09T13:29:43.509002,0.0,126.26
P004384,2026-03-09T11:25:51.888771,5,walk-in,2026-03-09T11:35:05.371577,2026-03-09T11:35:05.371577,False,False,ED,discharge,2026-03-09T12:19:03.917300,0.0,53.2
P004385,2026-03-09T11:26:44.790795,4,walk-in,2026-03-09T11:33:26.357866,2026-03-09T11:33:26.357866,False,False,ED,discharge,2026-03-09T12:31:10.235206,0.0,64.42
P004386,2026-03-09T11:35:28.165158,3,walk-in,2026-03-09T11:43:18.317541,2026-03-09T11:43:18.317541,True,False,ED,discharge,2026-03-09T15:17:05.499360,0.0,221.62
P004387,2026-03-09T11:42:58.277400,4,walk-in,2026-03-09T11:51:02.517193,2026-03-09T11:51:02.517193,False,False,ED,discharge,2026-03-09T12:39:42.582155,0.0,56.74
P004388,2026-03-09T11:49:43.063461,5,walk-in,2026-03-09T11:57:52.414694,2026-03-09T11:57:52.414694,False,False,ED,discharge,2026-03-09T13:15:50.711530,0.0,86.13
P004389,2026-03-09T11:53:11.848560,3,walk-in,2026-03-09T12:02:25.552733,2026-03-09T12:02:25.552733,False,False,ED,discharge,2026-03-09T15:32:49.079154,0.0,219.62
P004390,2026-03-09T11:53:44.864037,3,walk-in,2026-03-09T12:01:12.767410,2026-03-09T12:01:12.767410,False,False,ED,discharge,2026-03-09T18:26:29.749020,0.0,392.75
P004391,2026-03-09T11:58:33.948270,3,transfer,2026-03-09T12:08:32.515177,2026-03-09T12:08:32.515177,False,True,ED,discharge,2026-03-09T19:14:57.949240,0.0,436.4
P004392,2026-03-09T12:01:07.154959,3,walk-in,2026-03-09T12:05:40.691002,2026-03-09T12:05:40.691002,False,False,ED,admit,2026-03-09T20:39:10.604852,0.0,518.06
P004393,2026-03-09T12:06:37.277319,4,walk-in,2026-03-09T12:12:02.539221,2026-03-09T12:12:02.539221,False,False,ED,discharge,2026-03-09T13:32:13.608531,0.0,85.61
P004394,2026-03-09T12:09:50.312201,4,walk-in,2026-03-09T12:15:10.276041,2026-03-09T12:15:10.276041,False,False,ED,discharge,2026-03-09T13:28:10.970012,0.0,78.34
P004395,2026-03-09T12:16:27.942777,4,transfer,2026-03-09T12:23:42.345837,2026-03-09T12:23:42.345837,False,False,ED,discharge,2026-03-09T13:48:02.574257,0.0,91.58
P004396,2026-03-09T12:21:36.246114,5,walk-in,2026-03-09T12:26:18.637362,2026-03-09T12:26:18.637362,False,False,ED,discharge,2026-03-09T12:48:43.815116,0.0,27.13
P004397,2026-03-09T12:22:18.487020,5,walk-in,2026-03-09T12:30:10.120377,2026-03-09T12:30:10.120377,False,False,ED,discharge,2026-03-09T14:27:31.825601,0.0,125.22
P004398,2026-03-09T12:29:00.265870,2,ambulance,2026-03-09T12:38:38.402035,2026-03-09T12:38:38.402035,False,False,ED,discharge,2026-03-09T15:15:48.279489,0.0,166.8
P004399,2026-03-09T12:33:45.024650,4,walk-in,2026-03-09T12:42:05.469474,2026-03-09T12:42:05.469474,False,False,ED,discharge,2026-03-09T13:46:27.812354,0.0,72.71
P004400,2026-03-09T12:38:41.191035,3,walk-in,2026-03-09T12:45:24.991832,2026-03-09T12:45:24.991832,False,False,ED,admit,2026-03-10T00:45:24.991832,0.0,726.73
P004401,2026-03-09T12:57:05.459255,3,walk-in,2026-03-09T13:02:48.567254,2026-03-09T13:02:48.567254,False,False,ED,discharge,2026-03-09T18:51:58.293779,0.0,354.88
P004402,2026-03-09T13:00:30.914411,4,walk-in,2026-03-09T13:10:23.889894,2026-03-09T13:10:23.889894,False,False,ED,discharge,2026-03-09T13:53:33.422608,0.0,53.04
P004403,2026-03-09T13:00:41.660674,3,walk-in,2026-03-09T13:07:45.070914,2026-03-09T13:07:45.070914,False,True,ED,admit,2026-03-09T15:07:45.070914,0.0,127.06
P004404,2026-03-09T13:01:35.432612,4,walk-in,2026-03-09T13:10:36.395429,2026-03-09T13:10:36.395429,False,False,ED,discharge,2026-03-09T13:56:59.464083,0.0,55.4
P004405,2026-03-09T13:13:42.695354,2,transfer,2026-03-09T13:18:46.396773,2026-03-09T13:18:46.396773,False,False,ED,admit,2026-03-09T19:42:08.817493,0.0,388.44
P004406,2026-03-09T13:15:48.698391,4,walk-in,2026-03-09T13:20:39.008987,2026-03-09T13:20:39.008987,False,False,ED,discharge,2026-03-09T15:55:57.043443,0.0,160.14
P004407,2026-03-09T13:19:01.429506,5,walk-in,2026-03-09T13:26:04.620616,2026-03-09T13:26:04.620616,False,False,ED,discharge,2026-03-09T14:18:58.085005,0.0,59.94
P004408,2026-03-09T13:23:46.472736,5,walk-in,2026-03-09T13:27:49.902877,2026-03-09T13:27:49.902877,False,False,ED,discharge,2026-03-09T14:24:09.659259,0.0,60.39
P004409,2026-03-09T13:26:50.871672,2,walk-in,2026-03-09T13:29:51.954787,2026-03-09T13:29:51.954787,False,False,ED,discharge,2026-03-09T15:30:26.013417,0.0,123.59
P004410,2026-03-09T13:29:20.635758,5,walk-in,2026-03-09T13:35:19.476622,2026-03-09T13:35:19.476622,False,False,ED,discharge,2026-03-09T14:09:16.801985,0.0,39.94
P004411,2026-03-09T13:30:59.957114,3,walk-in,2026-03-09T13:40:46.064416,2026-03-09T13:40:46.064416,True,False,ED,admit,2026-03-09T16:14:33.944677,0.0,163.57
P004412,2026-03-09T13:31:57.166827,3,walk-in,2026-03-09T13:35:04.283798,2026-03-09T13:35:04.283798,False,False,ED,admit,2026-03-09T19:23:47.709448,0.0,351.84
P004413,2026-03-09T13:33:18.775625,3,walk-in,2026-03-09T13:39:46.087815,2026-03-09T13:39:46.087815,True,True,ED,discharge,2026-03-09T16:26:54.338676,0.0,173.59
P004414,2026-03-09T13:38:30.069248,5,walk-in,2026-03-09T13:43:49.666010,2026-03-09T13:43:49.666010,False,False,ED,discharge,2026-03-09T14:08:28.778582,0.0,29.98
P004415,2026-03-09T13:47:32.572048,4,walk-in,2026-03-09T13:53:11.721541,2026-03-09T13:53:11.721541,False,False,ED,discharge,2026-03-09T14:47:59.287679,0.0,60.45
P004416,2026-03-09T13:48:23.902221,5,walk-in,2026-03-09T13:53:26.874702,2026-03-09T13:53:26.874702,False,False,ED,discharge,2026-03-09T14:35:09.314954,0.0,46.76
P004417,2026-03-09T13:50:49.472100,3,walk-in,2026-03-09T13:57:37.126066,2026-03-09T13:57:37.126066,True,False,ED,admit,2026-03-09T17:49:52.870068,0.0,239.06
P004418,2026-03-09T14:00:05.923972,5,walk-in,2026-03-09T14:06:02.553102,2026-03-09T14:06:02.553102,False,False,ED,discharge,2026-03-09T15:26:21.626539,0.0,86.26
P004419,2026-03-09T14:02:34.984003,4,ambulance,2026-03-09T14:08:16.684548,2026-03-09T14:08:16.684548,False,False,ED,discharge,2026-03-09T14:54:01.902441,0.0,51.45
P004420,2026-03-09T14:12:46.470903,4,walk-in,2026-03-09T14:19:13.489451,2026-03-09T14:19:13.489451,True,True,ED,discharge,2026-03-09T16:03:07.643674,0.0,110.35
P004421,2026-03-09T14:38:53.416083,3,walk-in,2026-03-09T14:48:42.735629,2026-03-09T14:48:42.735629,True,False,ED,discharge,2026-03-09T19:10:27.148683,0.0,271.56
P004422,2026-03-09T14:39:29.840499,3,walk-in,2026-03-09T14:44:39.311523,2026-03-09T14:44:39.311523,False,False,ED,admit,2026-03-09T16:44:39.311523,0.0,125.16
P004423,2026-03-09T14:39:42.356466,4,walk-in,2026-03-09T14:44:48.537686,2026-03-09T14:44:48.537686,False,True,ED,discharge,2026-03-09T15:34:38.055364,0.0,54.93
P004424,2026-03-09T14:43:46.524375,4,walk-in,2026-03-09T14:53:38.787748,2026-03-09T14:53:38.787748,True,False,ED,discharge,2026-03-09T16:34:19.666284,0.0,110.55
P004425,2026-03-09T14:44:41.482422,5,walk-in,2026-03-09T14:50:50.678707,2026-03-09T14:50:50.678707,False,False,ED,discharge,2026-03-09T15:49:54.463628,0.0,65.22
P004426,2026-03-09T14:44:55.710565,4,walk-in,2026-03-09T14:49:19.301397,2026-03-09T14:49:19.301397,True,True,ED,discharge,2026-03-09T16:13:24.876127,0.0,88.49
P004427,2026-03-09T14:45:45.190577,4,walk-in,2026-03-09T14:53:33.823665,2026-03-09T14:53:33.823665,False,False,ED,discharge,2026-03-09T16:00:43.599763,0.0,74.97
P004428,2026-03-09T14:48:29.885253,3,walk-in,2026-03-09T14:56:13.994802,2026-03-09T14:56:13.994802,False,False,ED,discharge,2026-03-10T01:38:55.789094,0.0,650.43
P004429,2026-03-09T14:51:22.488853,3,walk-in,2026-03-09T14:54:36.226956,2026-03-09T14:54:36.226956,False,False,ED,admit,2026-03-09T20:13:59.621688,0.0,322.62
P004430,2026-03-09T15:04:59.680067,3,walk-in,2026-03-09T15:11:46.408538,2026-03-09T15:11:46.408538,False,False,ED,discharge,2026-03-09T17:11:46.408538,0.0,126.78
P004431,2026-03-09T15:06:34.410943,3,ambulance,2026-03-09T15:12:44.332912,2026-03-09T15:12:44.332912,True,True,ED,admit,2026-03-09T17:12:44.332912,0.0,126.17
P004432,2026-03-09T15:07:30.496334,4,walk-in,2026-03-09T15:15:00.329053,2026-03-09T15:15:00.329053,False,False,ED,discharge,2026-03-09T16:00:25.266220,0.0,52.91
P004433,2026-03-09T15:11:12.547666,2,ambulance,2026-03-09T15:21:02.070598,2026-03-09T15:21:02.070598,False,True,ED,discharge,2026-03-09T19:41:24.556353,0.0,270.2
P004434,2026-03-09T15:27:19.860386,2,ambulance,2026-03-09T15:30:50.057003,2026-03-09T15:30:50.057003,True,False,ED,admit,2026-03-10T00:43:40.392198,0.0,556.34
P004435,2026-03-09T15:39:53.354412,5,walk-in,2026-03-09T15:45:23.636609,2026-03-09T15:45:23.636609,False,False,ED,discharge,2026-03-09T16:50:17.443624,0.0,70.4
P004436,2026-03-09T15:53:51.581753,2,ambulance,2026-03-09T15:58:36.933347,2026-03-09T15:58:36.933347,False,True,ED,admit,2026-03-09T19:19:54.990483,0.0,206.06
P004437,2026-03-09T16:01:09.578641,5,walk-in,2026-03-09T16:06:51.357238,2026-03-09T16:06:51.357238,False,False,ED,discharge,2026-03-09T17:10:04.544643,0.0,68.92
P004438,2026-03-09T16:01:28.515515,5,walk-in,2026-03-09T16:09:29.448825,2026-03-09T16:09:29.448825,False,False,ED,discharge,2026-03-09T16:48:31.570689,0.0,47.05
P004439,2026-03-09T16:12:26.958290,4,walk-in,2026-03-09T16:16:17.844402,2026-03-09T16:16:17.844402,True,False,ED,discharge,2026-03-09T17:42:49.445327,0.0,90.37
P004440,2026-03-09T16:21:15.195095,2,walk-in,2026-03-09T16:26:24.514672,2026-03-09T16:26:24.514672,False,True,ED,admit,2026-03-09T22:30:03.608808,0.0,368.81
P004441,2026-03-09T16:22:52.881755,4,walk-in,2026-03-09T16:28:45.638774,2026-03-09T16:28:45.638774,True,False,ED,discharge,2026-03-09T18:00:36.121932,0.0,97.72
P004442,2026-03-09T16:26:03.012912,4,walk-in,2026-03-09T16:29:39.990557,2026-03-09T16:29:39.990557,False,False,ED,discharge,2026-03-09T19:17:30.588570,0.0,171.46
P004443,2026-03-09T16:28:05.978092,4,walk-in,2026-03-09T16:34:16.975858,2026-03-09T16:34:16.975858,False,False,ED,discharge,2026-03-09T18:25:13.519963,0.0,117.13
P004444,2026-03-09T16:35:46.412703,4,walk-in,2026-03-09T16:40:04.851835,2026-03-09T16:40:04.851835,False,False,ED,discharge,2026-03-09T18:20:38.517414,0.0,104.87
P004445,2026-03-09T16:37:31.265241,3,walk-in,2026-03-09T16:46:45.455255,2026-03-09T16:46:45.455255,True,False,ED,discharge,2026-03-10T01:09:40.805407,0.0,512.16
P004446,2026-03-09T16:38:33.963309,4,walk-in,2026-03-09T16:48:26.152898,2026-03-09T16:48:26.152898,False,False,ED,discharge,2026-03-09T18:11:06.302939,0.0,92.54
P004447,2026-03-09T16:40:04.374346,3,walk-in,2026-03-09T16:49:23.867980,2026-03-09T16:49:23.867980,False,False,ED,discharge,2026-03-09T20:29:30.530803,0.0,229.44
P004448,2026-03-09T16:47:29.231255,4,walk-in,2026-03-09T16:52:48.401941,2026-03-09T16:52:48.401941,False,False,ED,discharge,2026-03-09T17:51:57.773874,0.0,64.48
P004449,2026-03-09T16:53:11.076589,5,walk-in,2026-03-09T17:02:00.801457,2026-03-09T17:02:00.801457,False,False,ED,discharge,2026-03-09T17:46:34.585968,0.0,53.39
P004450,2026-03-09T16:53:12.993005,3,walk-in,2026-03-09T16:59:46.745575,2026-03-09T16:59:46.745575,False,False,ED,discharge,2026-03-09T19:39:51.696599,0.0,166.65
P004451,2026-03-09T16:58:26.699711,4,walk-in,2026-03-09T17:02:37.035524,2026-03-09T17:02:37.035524,False,False,ED,discharge,2026-03-09T19:22:47.575000,0.0,144.35
P004452,2026-03-09T16:58:43.173366,3,walk-in,2026-03-09T17:03:51.477265,2026-03-09T17:03:51.477265,True,False,ED,discharge,2026-03-09T19:47:04.682470,0.0,168.36
P004453,2026-03-09T16:59:57.875274,3,walk-in,2026-03-09T17:07:17.106973,2026-03-09T17:07:17.106973,False,False,ED,discharge,2026-03-09T19:07:17.106973,0.0,127.32
P004454,2026-03-09T17:00:34.664751,2,walk-in,2026-03-09T17:08:36.642235,2026-03-09T17:08:36.642235,True,True,ED,discharge,2026-03-09T18:44:38.428871,0.0,104.06
P004455,2026-03-09T17:01:14.298364,3,walk-in,2026-03-09T17:10:56.996596,2026-03-09T17:10:56.996596,False,True,ED,discharge,2026-03-09T21:31:47.743638,0.0,270.56
P004456,2026-03-09T17:26:07.632547,2,ambulance,2026-03-09T17:35:04.573114,2026-03-09T17:35:04.573114,True,True,ICU,discharge,2026-03-09T23:33:14.909573,0.0,367.12
P004457,2026-03-09T17:29:33.752720,3,walk-in,2026-03-09T17:35:49.041142,2026-03-09T17:35:49.041142,False,False,ED,admit,2026-03-09T22:57:55.044943,0.0,328.35
P004458,2026-03-09T17:35:03.722717,3,walk-in,2026-03-09T17:42:22.932634,2026-03-09T17:42:22.932634,False,False,ED,discharge,2026-03-10T04:12:00.159400,0.0,636.94
P004459,2026-03-09T17:49:46.024682,4,walk-in,2026-03-09T17:55:33.815234,2026-03-09T17:55:33.815234,False,False,ED,discharge,2026-03-09T19:26:19.899901,0.0,96.56
P004460,2026-03-09T17:50:39.203796,5,walk-in,2026-03-09T17:56:06.849286,2026-03-09T17:56:06.849286,False,False,ED,discharge,2026-03-09T18:53:08.504293,0.0,62.49
P004461,2026-03-09T18:08:55.137053,3,walk-in,2026-03-09T18:13:56.918964,2026-03-09T18:13:56.918964,False,False,ED,discharge,2026-03-09T23:16:01.341011,0.0,307.1
P004462,2026-03-09T18:11:20.492628,3,walk-in,2026-03-09T18:17:53.025050,2026-03-09T18:17:53.025050,False,False,ED,discharge,2026-03-09T21:02:40.403533,0.0,171.33
P004463,2026-03-09T18:13:06.758418,4,walk-in,2026-03-09T18:20:33.457491,2026-03-09T18:20:33.457491,True,False,ED,discharge,2026-03-09T19:22:39.045860,0.0,69.54
P004464,2026-03-09T18:15:52.878534,4,walk-in,2026-03-09T18:25:41.554339,2026-03-09T18:25:41.554339,False,False,ED,discharge,2026-03-09T19:18:00.624287,0.0,62.13
P004465,2026-03-09T19:02:15.371201,4,walk-in,2026-03-09T19:06:43.667203,2026-03-09T19:06:43.667203,False,False,ED,discharge,2026-03-09T21:17:44.725877,0.0,135.49
P004466,2026-03-09T19:24:04.216992,5,walk-in,2026-03-09T19:30:05.396891,2026-03-09T19:30:05.396891,False,False,ED,discharge,2026-03-09T19:54:47.929046,0.0,30.73
P004467,2026-03-09T19:26:38.077810,3,walk-in,2026-03-09T19:33:02.927770,2026-03-09T19:33:02.927770,True,False,ED,discharge,2026-03-10T00:24:02.856141,0.0,297.41
P004468,2026-03-09T19:31:23.602327,5,walk-in,2026-03-09T19:35:13.038000,2026-03-09T19:35:13.038000,False,False,ED,discharge,2026-03-09T19:55:57.788289,0.0,24.57
P004469,2026-03-09T19:38:34.394452,3,walk-in,2026-03-09T19:48:01.780160,2026-03-09T19:48:01.780160,False,False,ED,discharge,2026-03-09T21:48:01.780160,0.0,129.46
P004470,2026-03-09T19:40:07.231537,5,walk-in,2026-03-09T19:45:14.213246,2026-03-09T19:45:14.213246,False,False,ED,discharge,2026-03-09T20:23:23.362330,0.0,43.27
P004471,2026-03-09T19:46:19.278020,3,walk-in,2026-03-09T19:52:33.186311,2026-03-09T19:52:33.186311,False,False,ED,discharge,2026-03-09T21:52:33.186311,0.0,126.23
P004472,2026-03-09T19:50:23.448643,3,walk-in,2026-03-09T19:57:46.818977,2026-03-09T19:57:46.818977,True,False,ED,discharge,2026-03-09T21:57:46.818977,0.0,127.39
P004473,2026-03-09T19:57:03.978681,2,walk-in,2026-03-09T20:05:50.604601,2026-03-09T20:05:50.604601,False,False,ED,admit,2026-03-09T23:20:56.898973,0.0,203.88
P004474,2026-03-09T20:02:15.092202,3,walk-in,2026-03-09T20:06:41.145743,2026-03-09T20:06:41.145743,False,False,ED,admit,2026-03-09T22:16:23.207119,0.0,134.14
P004475,2026-03-09T20:12:37.779740,3,walk-in,2026-03-09T20:19:17.870453,2026-03-09T20:19:17.870453,False,False,ED,discharge,2026-03-09T23:48:18.631774,0.0,215.68
P004476,2026-03-09T20:18:37.782997,4,walk-in,2026-03-09T20:24:44.851236,2026-03-09T20:24:44.851236,False,False,ED,discharge,2026-03-09T21:43:57.745806,0.0,85.33
P004477,2026-03-09T20:32:55.337132,5,walk-in,2026-03-09T20:37:37.125713,2026-03-09T20:37:37.125713,False,False,ED,discharge,2026-03-09T21:07:58.298914,0.0,35.05
P004478,2026-03-09T20:33:44.110094,4,walk-in,2026-03-09T20:40:12.223358,2026-03-09T20:40:12.223358,False,False,ED,discharge,2026-03-09T21:37:07.471835,0.0,63.39
P004479,2026-03-09T20:37:21.440646,3,walk-in,2026-03-09T20:44:32.253025,2026-03-09T20:44:32.253025,False,True,ED,discharge,2026-03-10T05:41:42.326451,0.0,544.35
P004480,2026-03-09T20:43:58.734405,2,walk-in,2026-03-09T20:51:28.347349,2026-03-09T20:51:28.347349,False,False,ED,admit,2026-03-10T00:59:41.345396,0.0,255.71
P004481,2026-03-09T20:52:24.762799,3,walk-in,2026-03-09T21:01:54.567424,2026-03-09T21:01:54.567424,True,False,ED,discharge,2026-03-10T00:59:27.950011,0.0,247.05
P004482,2026-03-09T21:26:59.707233,2,ambulance,2026-03-09T21:34:22.777136,2026-03-09T21:34:22.777136,True,False,ICU,discharge,2026-03-10T03:22:15.462540,0.0,355.26
P004483,2026-03-09T21:35:22.669686,5,walk-in,2026-03-09T21:44:20.202518,2026-03-09T21:44:20.202518,False,False,ED,discharge,2026-03-09T22:34:53.830067,0.0,59.52
P004484,2026-03-09T22:26:24.784495,3,walk-in,2026-03-09T22:32:14.277345,2026-03-09T22:32:14.277345,False,False,ED,discharge,2026-03-10T03:07:36.463941,0.0,281.19
P004485,2026-03-09T22:44:00.593848,2,ambulance,2026-03-09T22:48:18.225156,2026-03-09T22:48:18.225156,True,True,ED,discharge,2026-03-10T04:24:59.404550,0.0,340.98
P004486,2026-03-09T23:27:15.858748,3,walk-in,2026-03-09T23:32:53.775079,2026-03-09T23:32:53.775079,True,True,ED,discharge,2026-03-10T02:16:07.326338,0.0,168.86
P004487,2026-03-10T00:19:16.992247,2,ambulance,2026-03-10T00:23:17.102795,2026-03-10T00:23:17.102795,False,True,ED,admit,2026-03-10T02:05:35.797804,0.0,106.31
P004488,2026-03-10T00:43:41.838105,4,walk-in,2026-03-10T00:50:37.170182,2026-03-10T00:50:37.170182,False,False,ED,discharge,2026-03-10T03:04:19.248400,0.0,140.62
P004489,2026-03-10T01:21:00.256107,4,walk-in,2026-03-10T01:27:18.610139,2026-03-10T01:27:18.610139,False,False,ED,discharge,2026-03-10T02:52:22.582367,0.0,91.37
P004490,2026-03-10T01:35:19.828785,3,walk-in,2026-03-10T01:41:51.216237,2026-03-10T01:41:51.216237,True,False,ED,discharge,2026-03-10T07:46:48.020565,0.0,371.47
P004491,2026-03-10T02:53:36.909784,3,walk-in,2026-03-10T03:00:53.422261,2026-03-10T03:00:53.422261,False,False,ED,discharge,2026-03-10T06:29:57.732423,0.0,216.35
P004492,2026-03-10T03:27:19.549116,2,walk-in,2026-03-10T03:35:04.748599,2026-03-10T03:35:04.748599,True,False,ICU,discharge,2026-03-10T05:05:04.748599,0.0,97.75
P004493,2026-03-10T04:07:14.760973,4,walk-in,2026-03-10T04:10:58.784019,2026-03-10T04:10:58.784019,False,False,ED,discharge,2026-03-10T04:52:46.468299,0.0,45.53
P004494,2026-03-10T06:06:55.290581,4,walk-in,2026-03-10T06:13:51.039594,2026-03-10T06:13:51.039594,True,True,ED,discharge,2026-03-10T07:34:53.965253,0.0,87.98
P004495,2026-03-10T06:08:55.737481,3,walk-in,2026-03-10T06:13:48.586519,2026-03-10T06:13:48.586519,False,False,ED,discharge,2026-03-10T09:11:36.844320,0.0,182.69
P004496,2026-03-10T06:16:14.200380,3,walk-in,2026-03-10T06:24:09.770125,2026-03-10T06:24:09.770125,False,False,ED,discharge,2026-03-10T12:25:12.391102,0.0,368.97
P004497,2026-03-10T06:23:07.900408,3,walk-in,2026-03-10T06:27:09.222918,2026-03-10T06:27:09.222918,True,True,ED,discharge,2026-03-10T08:27:09.222918,0.0,124.02
P004498,2026-03-10T06:24:18.771874,5,walk-in,2026-03-10T06:29:50.598321,2026-03-10T06:29:50.598321,False,False,ED,discharge,2026-03-10T07:02:02.408666,0.0,37.73
P004499,2026-03-10T06:35:48.675458,4,walk-in,2026-03-10T06:38:50.445538,2026-03-10T06:38:50.445538,False,False,ED,discharge,2026-03-10T07:35:06.379596,0.0,59.3
P004500,2026-03-10T07:20:51.506512,3,walk-in,2026-03-10T07:29:33.112087,2026-03-10T07:29:33.112087,True,False,ED,discharge,2026-03-10T10:27:40.018003,0.0,186.81
P004501,2026-03-10T07:44:33.718107,4,walk-in,2026-03-10T07:50:24.281900,2026-03-10T07:50:24.281900,False,False,ED,discharge,2026-03-10T09:31:48.249541,0.0,107.24
P004502,2026-03-10T07:48:23.572776,5,walk-in,2026-03-10T07:51:25.176668,2026-03-10T07:51:25.176668,False,False,ED,discharge,2026-03-10T08:34:57.258380,0.0,46.56
P004503,2026-03-10T08:02:00.778130,4,transfer,2026-03-10T08:07:19.216957,2026-03-10T08:07:19.216957,False,False,ED,discharge,2026-03-10T09:40:29.110223,0.0,98.47
P004504,2026-03-10T08:08:36.268039,3,transfer,2026-03-10T08:17:07.130680,2026-03-10T08:17:07.130680,False,False,ED,discharge,2026-03-10T17:43:04.802037,0.0,574.48
P004505,2026-03-10T08:20:53.343842,5,walk-in,2026-03-10T08:28:13.182085,2026-03-10T08:28:13.182085,False,False,ED,discharge,2026-03-10T08:54:14.187130,0.0,33.35
P004506,2026-03-10T08:22:34.707880,3,walk-in,2026-03-10T08:26:32.630757,2026-03-10T08:26:32.630757,False,False,ED,discharge,2026-03-10T17:50:45.631951,0.0,568.18
P004507,2026-03-10T08:23:48.912259,4,walk-in,2026-03-10T08:32:44.881697,2026-03-10T08:32:44.881697,False,False,ED,discharge,2026-03-10T10:16:56.377319,0.0,113.12
P004508,2026-03-10T08:27:55.646017,3,walk-in,2026-03-10T08:33:51.244337,2026-03-10T08:33:51.244337,False,True,ED,discharge,2026-03-10T18:52:23.864841,0.0,624.47
P004509,2026-03-10T08:50:53.111251,4,walk-in,2026-03-10T08:55:09.175935,2026-03-10T08:55:09.175935,True,False,ED,discharge,2026-03-10T10:38:02.331755,0.0,107.15
P004510,2026-03-10T09:01:58.102316,4,walk-in,2026-03-10T09:11:46.882833,2026-03-10T09:11:46.882833,True,False,ED,discharge,2026-03-10T10:29:20.006956,0.0,87.37
P004511,2026-03-10T09:16:43.165337,5,walk-in,2026-03-10T09:21:08.846378,2026-03-10T09:21:08.846378,False,False,ED,discharge,2026-03-10T09:53:34.725031,0.0,36.86
P004512,2026-03-10T09:22:28.139666,4,ambulance,2026-03-10T09:30:37.067194,2026-03-10T09:30:37.067194,False,False,ED,discharge,2026-03-10T10:33:33.492008,0.0,71.09
P004513,2026-03-10T09:23:20.620966,4,walk-in,2026-03-10T09:33:06.033386,2026-03-10T09:33:06.033386,False,False,ED,discharge,2026-03-10T10:40:01.212831,0.0,76.68
P004514,2026-03-10T09:30:09.585511,4,walk-in,2026-03-10T09:37:23.872681,2026-03-10T09:37:23.872681,False,False,ED,discharge,2026-03-10T10:33:43.682219,0.0,63.57
P004515,2026-03-10T09:30:40.480736,5,walk-in,2026-03-10T09:36:06.740174,2026-03-10T09:36:06.740174,False,False,ED,discharge,2026-03-10T10:17:20.751884,0.0,46.67
P004516,2026-03-10T09:45:10.833181,4,walk-in,2026-03-10T09:54:28.604865,2026-03-10T09:54:28.604865,False,False,ED,discharge,2026-03-10T14:54:28.604865,0.0,309.3
P004517,2026-03-10T09:47:24.100142,5,walk-in,2026-03-10T09:51:25.888880,2026-03-10T09:51:25.888880,False,False,ED,discharge,2026-03-10T10:17:46.240666,0.0,30.37
P004518,2026-03-10T09:48:49.110748,4,walk-in,2026-03-10T09:53:02.074917,2026-03-10T09:53:02.074917,False,False,ED,discharge,2026-03-10T10:33:02.074917,0.0,44.22
P004519,2026-03-10T09:58:03.137376,3,transfer,2026-03-10T10:07:54.780718,2026-03-10T10:07:54.780718,False,False,ED,discharge,2026-03-10T20:23:10.557002,0.0,625.12
P004520,2026-03-10T10:02:04.716236,3,walk-in,2026-03-10T10:05:49.563150,2026-03-10T10:05:49.563150,False,False,ED,discharge,2026-03-10T17:08:52.080410,0.0,426.79
P004521,2026-03-10T10:11:11.404045,3,walk-in,2026-03-10T10:17:13.523788,2026-03-10T10:17:13.523788,False,False,ED,discharge,2026-03-10T15:03:13.689204,0.0,292.04
P004522,2026-03-10T10:27:03.973001,4,walk-in,2026-03-10T10:31:45.196183,2026-03-10T10:31:45.196183,False,True,ED,discharge,2026-03-10T11:40:36.359316,0.0,73.54
P004523,2026-03-10T10:32:26.653660,4,walk-in,2026-03-10T10:35:59.509281,2026-03-10T10:35:59.509281,False,False,ED,discharge,2026-03-10T11:15:59.509281,0.0,43.55
P004524,2026-03-10T10:40:09.991068,3,walk-in,2026-03-10T10:43:55.358318,2026-03-10T10:43:55.358318,False,False,ED,admit,2026-03-10T12:43:55.358318,0.0,123.76
P004525,2026-03-10T10:51:41.299055,4,walk-in,2026-03-10T11:00:04.536656,2026-03-10T11:00:04.536656,True,False,ED,discharge,2026-03-10T12:30:28.030887,0.0,98.78
P004526,2026-03-10T11:16:11.133612,3,walk-in,2026-03-10T11:19:38.510761,2026-03-10T11:19:38.510761,False,True,ED,discharge,2026-03-10T16:08:20.226021,0.0,292.15
P004527,2026-03-10T11:17:37.514551,5,walk-in,2026-03-10T11:22:49.193645,2026-03-10T11:22:49.193645,False,False,ED,discharge,2026-03-10T11:55:38.510154,0.0,38.02
P004528,2026-03-10T11:18:39.575424,5,walk-in,2026-03-10T11:22:39.979993,2026-03-10T11:22:39.979993,False,False,ED,discharge,2026-03-10T12:08:07.243233,0.0,49.46
P004529,2026-03-10T11:23:34.507307,3,ambulance,2026-03-10T11:29:18.765850,2026-03-10T11:29:18.765850,True,True,ED,admit,2026-03-10T13:29:18.765850,0.0,125.74
P004530,2026-03-10T11:32:27.629174,2,walk-in,2026-03-10T11:38:43.373259,2026-03-10T11:38:43.373259,False,False,ED,admit,2026-03-10T14:38:16.357629,0.0,185.81
P004531,2026-03-10T11:38:04.266255,4,walk-in,2026-03-10T11:45:08.652443,2026-03-10T11:45:08.652443,True,False,ED,discharge,2026-03-10T13:07:27.184115,0.0,89.38
P004532,2026-03-10T11:40:09.813078,3,walk-in,2026-03-10T11:44:41.401735,2026-03-10T11:44:41.401735,False,False,ED,discharge,2026-03-10T13:44:41.401735,0.0,124.53
P004533,2026-03-10T11:43:14.420283,3,walk-in,2026-03-10T11:47:16.819238,2026-03-10T11:47:16.819238,False,False,ED,discharge,2026-03-10T23:01:07.147229,0.0,677.88
P004534,2026-03-10T11:57:54.188308,3,walk-in,2026-03-10T12:05:36.068780,2026-03-10T12:05:36.068780,False,True,ED,admit,2026-03-10T14:05:36.068780,0.0,127.7
P004535,2026-03-10T11:59:26.816912,3,walk-in,2026-03-10T12:04:58.845281,2026-03-10T12:04:58.845281,False,False,ED,discharge,2026-03-10T17:52:20.963082,0.0,352.9
P004536,2026-03-10T12:04:55.349179,5,walk-in,2026-03-10T12:12:46.121495,2026-03-10T12:12:46.121495,False,False,ED,discharge,2026-03-10T13:12:27.583643,0.0,67.54
P004537,2026-03-10T12:13:54.741491,3,walk-in,2026-03-10T12:22:33.948406,2026-03-10T12:22:33.948406,False,False,ED,admit,2026-03-10T14:54:02.506086,0.0,160.13
P004538,2026-03-10T12:14:18.893861,4,walk-in,2026-03-10T12:22:57.745102,2026-03-10T12:22:57.745102,False,False,ED,discharge,2026-03-10T13:25:55.595808,0.0,71.61
P004539,2026-03-10T12:14:31.755203,4,walk-in,2026-03-10T12:21:17.765154,2026-03-10T12:21:17.765154,False,False,ED,discharge,2026-03-10T13:35:31.569418,0.0,81.0
P004540,2026-03-10T12:16:06.679361,3,walk-in,2026-03-10T12:19:57.667740,2026-03-10T12:19:57.667740,False,False,ED,discharge,2026-03-10T14:19:57.667740,0.0,123.85
P004541,2026-03-10T12:17:38.782094,3,walk-in,2026-03-10T12:24:36.490552,2026-03-10T12:24:36.490552,True,False,ED,admit,2026-03-10T16:25:26.341097,0.0,247.79
P004542,2026-03-10T12:29:58.744071,2,walk-in,2026-03-10T12:38:52.650527,2026-03-10T12:38:52.650527,True,False,ED,discharge,2026-03-10T20:51:43.057765,0.0,501.74
P004543,2026-03-10T12:37:22.472123,3,ambulance,2026-03-10T12:40:31.959978,2026-03-10T12:40:31.959978,False,False,ED,admit,2026-03-10T14:40:31.959978,0.0,123.16
P004544,2026-03-10T12:37:42.118679,4,walk-in,2026-03-10T12:42:27.743470,2026-03-10T12:42:27.743470,False,False,ED,discharge,2026-03-10T14:10:02.976579,0.0,92.35
P004545,2026-03-10T12:38:07.834761,2,walk-in,2026-03-10T12:47:52.961082,2026-03-10T12:47:52.961082,False,False,ED,admit,2026-03-10T15:29:01.219271,0.0,170.89
P004546,2026-03-10T12:44:36.866225,2,walk-in,2026-03-10T12:50:05.393318,2026-03-10T12:50:05.393318,False,False,ED,admit,2026-03-10T20:02:48.161081,0.0,438.19
P004547,2026-03-10T12:47:26.315437,3,walk-in,2026-03-10T12:57:12.152555,2026-03-10T12:57:12.152555,True,False,ED,discharge,2026-03-10T16:43:51.844091,0.0,236.43
P004548,2026-03-10T13:01:59.234093,2,ambulance,2026-03-10T13:06:03.468922,2026-03-10T13:06:03.468922,True,True,ICU,admit,2026-03-10T15:35:21.991110,0.0,153.38
P004549,2026-03-10T13:14:51.474255,4,walk-in,2026-03-10T13:18:03.393839,2026-03-10T13:18:03.393839,False,False,ED,discharge,2026-03-10T14:43:19.045482,0.0,88.46
P004550,2026-03-10T13:21:13.124034,5,walk-in,2026-03-10T13:27:20.346112,2026-03-10T13:27:20.346112,False,False,ED,discharge,2026-03-10T14:04:55.001482,0.0,43.7
P004551,2026-03-10T13:22:57.155989,2,walk-in,2026-03-10T13:27:16.027431,2026-03-10T13:27:16.027431,False,True,ED,discharge,2026-03-10T15:32:17.087698,0.0,129.33
P004552,2026-03-10T13:32:31.539604,3,walk-in,2026-03-10T13:37:30.482927,2026-03-10T13:37:30.482927,True,False,ED,admit,2026-03-10T17:48:31.501066,0.0,256.0
P004553,2026-03-10T13:37:04.436052,3,walk-in,2026-03-10T13:44:30.946593,2026-03-10T13:44:30.946593,False,False,ED,admit,2026-03-10T17:03:31.970278,0.0,206.46
P004554,2026-03-10T13:55:43.984769,3,walk-in,2026-03-10T14:00:07.913482,2026-03-10T14:00:07.913482,True,True,ED,discharge,2026-03-10T18:36:55.674748,0.0,281.19
P004555,2026-03-10T14:01:38.865563,3,ambulance,2026-03-10T14:09:16.832247,2026-03-10T14:09:16.832247,False,False,ED,discharge,2026-03-10T18:29:56.467489,0.0,268.29
P004556,2026-03-10T14:02:40.195893,4,walk-in,2026-03-10T14:12:38.245793,2026-03-10T14:12:38.245793,False,False,ED,discharge,2026-03-10T15:23:42.592098,0.0,81.04
P004557,2026-03-10T14:04:14.480255,5,walk-in,2026-03-10T14:08:40.114126,2026-03-10T14:08:40.114126,False,False,ED,discharge,2026-03-10T14:52:02.246160,0.0,47.8
P004558,2026-03-10T14:10:43.798101,4,walk-in,2026-03-10T14:14:30.430961,2026-03-10T14:14:30.430961,False,False,ED,discharge,2026-03-10T15:25:08.966842,0.0,74.42
P004559,2026-03-10T14:14:05.639563,4,walk-in,2026-03-10T14:19:46.460043,2026-03-10T14:19:46.460043,True,False,ED,discharge,2026-03-10T15:57:13.645542,0.0,103.13
P004560,2026-03-10T14:15:51.793485,3,transfer,2026-03-10T14:23:31.431260,2026-03-10T14:23:31.431260,True,True,ED,discharge,2026-03-10T20:26:24.315243,0.0,370.54
P004561,2026-03-10T14:29:30.029517,4,walk-in,2026-03-10T14:33:34.815125,2026-03-10T14:33:34.815125,False,False,ED,discharge,2026-03-10T19:33:27.587828,0.0,303.96
P004562,2026-03-10T14:54:41.085842,5,walk-in,2026-03-10T14:58:40.068364,2026-03-10T14:58:40.068364,False,False,ED,discharge,2026-03-10T15:18:40.068364,0.0,23.98
P004563,2026-03-10T14:59:28.736766,3,walk-in,2026-03-10T15:04:38.772533,2026-03-10T15:04:38.772533,False,False,ED,admit,2026-03-10T18:15:03.744000,0.0,195.58
P004564,2026-03-10T15:02:51.543910,3,walk-in,2026-03-10T15:08:35.634599,2026-03-10T15:08:35.634599,False,False,ED,discharge,2026-03-10T17:30:10.081628,0.0,147.31
P004565,2026-03-10T15:24:51.971428,2,ambulance,2026-03-10T15:31:22.895052,2026-03-10T15:31:22.895052,True,False,ICU,discharge,2026-03-10T22:31:30.540416,0.0,426.64
P004566,2026-03-10T15:25:38.160628,3,ambulance,2026-03-10T15:28:56.805156,2026-03-10T15:28:56.805156,False,False,ED,discharge,2026-03-10T21:31:45.586650,0.0,366.12
P004567,2026-03-10T15:34:14.899079,3,walk-in,2026-03-10T15:39:52.948323,2026-03-10T15:39:52.948323,True,False,ED,admit,2026-03-10T17:39:52.948323,0.0,125.63
P004568,2026-03-10T16:01:59.474455,2,walk-in,2026-03-10T16:08:21.423008,2026-03-10T16:08:21.423008,True,False,ED,admit,2026-03-10T17:38:21.423008,0.0,96.37
P004569,2026-03-10T16:09:42.467280,5,walk-in,2026-03-10T16:19:20.642396,2026-03-10T16:19:20.642396,False,False,ED,discharge,2026-03-10T16:56:27.270170,0.0,46.75
P004570,2026-03-10T16:23:56.839884,4,walk-in,2026-03-10T16:28:35.737326,2026-03-10T16:28:35.737326,False,False,ED,discharge,2026-03-10T17:12:43.823877,0.0,48.78
P004571,2026-03-10T16:25:05.234781,2,ambulance,2026-03-10T16:34:32.823172,2026-03-10T16:34:32.823172,False,False,ED,discharge,2026-03-10T23:47:57.252459,0.0,442.87
P004572,2026-03-10T16:28:16.216580,3,walk-in,2026-03-10T16:37:12.888189,2026-03-10T16:37:12.888189,False,True,ED,discharge,2026-03-10T19:13:42.047224,0.0,165.43
P004573,2026-03-10T16:29:06.786277,2,walk-in,2026-03-10T16:36:57.158516,2026-03-10T16:36:57.158516,False,False,ED,discharge,2026-03-10T19:50:52.469047,0.0,201.76
P004574,2026-03-10T16:34:49.925421,3,walk-in,2026-03-10T16:42:07.089569,2026-03-10T16:42:07.089569,True,False,ED,discharge,2026-03-10T19:33:15.465185,0.0,178.43
P004575,2026-03-10T16:40:53.651881,5,walk-in,2026-03-10T16:47:54.803629,2026-03-10T16:47:54.803629,True,False,ED,discharge,2026-03-10T17:29:39.583172,0.0,48.77
P004576,2026-03-10T16:46:04.995744,4,walk-in,2026-03-10T16:54:25.010107,2026-03-10T16:54:25.010107,True,False,ED,discharge,2026-03-10T17:59:45.000470,0.0,73.67
P004577,2026-03-10T16:51:46.187374,3,walk-in,2026-03-10T17:00:35.883461,2026-03-10T17:00:35.883461,False,False,ED,discharge,2026-03-10T22:15:28.082810,0.0,323.7
P004578,2026-03-10T17:17:50.913176,2,walk-in,2026-03-10T17:23:49.979389,2026-03-10T17:23:49.979389,False,False,ED,discharge,2026-03-10T22:19:14.779964,0.0,301.4
P004579,2026-03-10T17:29:11.897691,4,walk-in,2026-03-10T17:32:55.357288,2026-03-10T17:32:55.357288,False,False,ED,discharge,2026-03-10T18:40:08.819537,0.0,70.95
P004580,2026-03-10T17:38:57.100044,3,walk-in,2026-03-10T17:47:55.477836,2026-03-10T17:47:55.477836,True,False,ED,discharge,2026-03-10T21:06:21.752565,0.0,207.41
P004581,2026-03-10T17:49:55.243116,3,walk-in,2026-03-10T17:55:29.604168,2026-03-10T17:55:29.604168,False,False,ED,admit,2026-03-10T20:48:07.040922,0.0,178.2
P004582,2026-03-10T17:53:24.291273,3,walk-in,2026-03-10T18:00:29.346658,2026-03-10T18:00:29.346658,False,False,ED,discharge,2026-03-10T21:22:26.662709,0.0,209.04
P004583,2026-03-10T17:59:04.123951,3,walk-in,2026-03-10T18:07:23.745595,2026-03-10T18:07:23.745595,False,False,ED,admit,2026-03-10T20:07:23.745595,0.0,128.33
P004584,2026-03-10T18:11:54.272515,3,walk-in,2026-03-10T18:16:56.959482,2026-03-10T18:16:56.959482,False,False,ED,admit,2026-03-10T21:09:19.733116,0.0,177.42
P004585,2026-03-10T18:16:13.738671,3,walk-in,2026-03-10T18:25:31.173112,2026-03-10T18:25:31.173112,False,False,ED,admit,2026-03-10T21:15:49.998838,0.0,179.6
P004586,2026-03-10T18:30:31.248602,5,walk-in,2026-03-10T18:36:46.111425,2026-03-10T18:36:46.111425,False,False,ED,discharge,2026-03-10T19:47:43.592541,0.0,77.21
P004587,2026-03-10T18:45:28.350628,2,walk-in,2026-03-10T18:52:57.638894,2026-03-10T18:52:57.638894,True,True,ED,admit,2026-03-10T21:38:44.368576,0.0,173.27
P004588,2026-03-10T18:47:41.142045,5,walk-in,2026-03-10T18:53:19.861708,2026-03-10T18:53:19.861708,False,False,ED,discharge,2026-03-10T20:00:51.598628,0.0,73.17
P004589,2026-03-10T18:48:06.798317,2,walk-in,2026-03-10T18:55:56.027844,2026-03-10T18:55:56.027844,True,True,ED,discharge,2026-03-10T21:16:01.391489,0.0,147.91
P004590,2026-03-10T18:54:07.498144,4,walk-in,2026-03-10T18:57:20.796459,2026-03-10T18:57:20.796459,False,False,ED,discharge,2026-03-10T20:56:26.468417,0.0,122.32
P004591,2026-03-10T19:05:06.099556,4,walk-in,2026-03-10T19:09:14.459112,2026-03-10T19:09:14.459112,False,False,ED,discharge,2026-03-10T21:46:20.634015,0.0,161.24
P004592,2026-03-10T19:07:11.349144,4,walk-in,2026-03-10T19:15:54.495893,2026-03-10T19:15:54.495893,False,False,ED,discharge,2026-03-10T21:36:03.965217,0.0,148.88
P004593,2026-03-10T19:14:07.990772,5,walk-in,2026-03-10T19:20:34.886707,2026-03-10T19:20:34.886707,False,False,ED,discharge,2026-03-10T20:22:47.602740,0.0,68.66
P004594,2026-03-10T19:27:00.785146,4,walk-in,2026-03-10T19:32:13.133331,2026-03-10T19:32:13.133331,True,False,ED,discharge,2026-03-10T20:25:02.707670,0.0,58.03
P004595,2026-03-10T19:55:34.562506,4,walk-in,2026-03-10T20:00:15.530271,2026-03-10T20:00:15.530271,False,False,ED,discharge,2026-03-10T21:56:47.176294,0.0,121.21
P004596,2026-03-10T20:03:26.473664,4,walk-in,2026-03-10T20:10:49.946073,2026-03-10T20:10:49.946073,False,False,ED,discharge,2026-03-10T21:30:27.219394,0.0,87.01
P004597,2026-03-10T20:31:13.663329,3,walk-in,2026-03-10T20:40:41.007622,2026-03-10T20:40:41.007622,False,False,ED,discharge,2026-03-11T04:48:01.231913,0.0,496.79
P004598,2026-03-10T20:40:13.218517,3,walk-in,2026-03-10T20:43:16.164514,2026-03-10T20:43:16.164514,False,True,ED,discharge,2026-03-11T05:29:53.695490,0.0,529.67
P004599,2026-03-10T21:01:58.376326,4,walk-in,2026-03-10T21:10:20.157854,2026-03-10T21:10:20.157854,True,False,ED,discharge,2026-03-10T22:34:50.667783,0.0,92.87
P004600,2026-03-10T21:31:46.670600,4,walk-in,2026-03-10T21:41:16.984696,2026-03-10T21:41:16.984696,True,False,ED,discharge,2026-03-10T23:58:46.694597,0.0,147.0
P004601,2026-03-10T21:33:59.080476,3,walk-in,2026-03-10T21:41:25.827147,2026-03-10T21:41:25.827147,True,False,ED,admit,2026-03-11T02:47:56.472004,0.0,313.96
P004602,2026-03-10T21:45:45.935650,3,walk-in,2026-03-10T21:54:12.083433,2026-03-10T21:54:12.083433,True,False,ED,discharge,2026-03-11T01:45:53.368708,0.0,240.12
P004603,2026-03-10T21:50:26.348381,4,walk-in,2026-03-10T21:53:33.269379,2026-03-10T21:53:33.269379,False,True,ED,discharge,2026-03-10T23:10:16.920154,0.0,79.84
P004604,2026-03-10T22:24:42.920654,3,walk-in,2026-03-10T22:30:33.888329,2026-03-10T22:30:33.888329,True,True,ED,discharge,2026-03-11T03:51:26.772049,0.0,326.73
P004605,2026-03-10T22:27:58.492721,3,ambulance,2026-03-10T22:33:35.264087,2026-03-10T22:33:35.264087,True,False,ED,discharge,2026-03-11T04:46:07.973426,0.0,378.16
P004606,2026-03-10T22:44:05.142511,3,walk-in,2026-03-10T22:47:06.077967,2026-03-10T22:47:06.077967,False,False,ED,admit,2026-03-11T03:26:06.213299,0.0,282.02
P004607,2026-03-10T22:52:13.349553,4,walk-in,2026-03-10T23:01:13.547978,2026-03-10T23:01:13.547978,False,False,ED,discharge,2026-03-11T00:18:18.344103,0.0,86.08
P004608,2026-03-10T23:11:42.459485,2,walk-in,2026-03-10T23:16:32.732279,2026-03-10T23:16:32.732279,False,True,ED,admit,2026-03-11T04:27:36.966539,0.0,315.91
