patient_id,urgency_level,bed_assigned_type,admit_decision,arrival_ts,assessment_start_ts,discharge_ts,waiting_time_minutes,los_minutes
P00001,3,ED,admit,2026-02-13T00:00:58.400483,2026-02-13T00:00:58.400483,2026-02-13T01:01:03.800483,0.0,60.09
P00002,1,ED,admit,2026-02-13T00:00:59.054088,2026-02-13T00:00:59.054088,2026-02-13T05:15:30.854088,0.0,314.53
P00003,2,ED,admit,2026-02-13T00:01:33.856639,2026-02-13T00:01:33.856639,2026-02-13T03:36:23.056639,0.0,214.82
P00004,2,ED,admit,2026-02-13T00:01:50.692008,2026-02-13T00:01:50.692008,2026-02-13T03:28:46.492008,0.0,206.93
P00005,3,ED,admit,2026-02-13T00:02:06.320302,2026-02-13T00:02:06.320302,2026-02-13T01:57:04.520302,0.0,114.97
P00006,3,ED,admit,2026-02-13T00:03:33.674556,2026-02-13T00:03:33.674556,2026-02-13T01:23:40.274556,0.0,80.11
P00007,3,ED,admit,2026-02-13T00:09:11.049070,2026-02-13T00:09:11.049070,2026-02-13T01:28:06.849070,0.0,78.93
P00008,1,ICU,admit,2026-02-13T00:11:28.536595,2026-02-13T00:11:28.536595,2026-02-13T07:06:00.336595,0.0,414.53
P00009,2,ED,admit,2026-02-13T00:12:11.266023,2026-02-13T00:12:11.266023,2026-02-13T02:58:56.266023,0.0,166.75
P00010,1,ICU,admit,2026-02-13T00:12:12.217705,2026-02-13T00:12:12.217705,2026-02-13T05:26:42.217705,0.0,314.5
P00011,2,ED,admit,2026-02-13T00:12:48.785996,2026-02-13T00:12:48.785996,2026-02-13T02:26:16.985996,0.0,133.47
P00012,3,ED,admit,2026-02-13T00:13:22.392273,2026-02-13T00:13:22.392273,2026-02-13T01:43:22.392273,0.0,90.0
P00013,1,ICU,admit,2026-02-13T00:17:13.078162,2026-02-13T00:17:13.078162,2026-02-13T06:54:08.278162,0.0,396.92
P00014,2,ED,admit,2026-02-13T00:24:01.964313,2026-02-13T00:24:01.964313,2026-02-13T03:49:40.364313,0.0,205.64
P00015,3,ED,admit,2026-02-13T00:28:52.523688,2026-02-13T00:28:52.523688,2026-02-13T01:56:53.123688,0.0,88.01
P00016,3,ED,admit,2026-02-13T00:29:08.121574,2026-02-13T00:29:08.121574,2026-02-13T02:22:39.921574,0.0,113.53
P00017,2,ICU,admit,2026-02-13T00:31:23.535789,2026-02-13T00:31:23.535789,2026-02-13T02:49:18.735789,0.0,137.92
P00018,3,ED,admit,2026-02-13T00:31:33.274235,2026-02-13T00:31:33.274235,2026-02-13T01:50:39.874235,0.0,79.11
P00019,3,ED,admit,2026-02-13T00:37:03.563852,2026-02-13T00:37:03.563852,2026-02-13T01:57:22.763852,0.0,80.32
P00020,1,ICU,admit,2026-02-13T00:40:37.047624,2026-02-13T00:40:37.047624,2026-02-13T05:57:22.647624,0.0,316.76
P00021,3,ED,admit,2026-02-13T00:41:41.120965,2026-02-13T00:41:41.120965,2026-02-13T02:00:26.120965,0.0,78.75
P00022,3,ED,admit,2026-02-13T00:42:16.380101,2026-02-13T00:42:16.380101,2026-02-13T02:10:12.780101,0.0,87.94
P00023,2,ED,admit,2026-02-13T00:42:27.270115,2026-02-13T00:42:27.270115,2026-02-13T04:07:41.070115,0.0,205.23
P00024,2,ED,admit,2026-02-13T00:44:00.659822,2026-02-13T00:44:00.659822,2026-02-13T03:31:03.659822,0.0,167.05
P00025,3,ED,admit,2026-02-13T00:44:37.812830,2026-02-13T00:44:37.812830,2026-02-13T02:13:09.012830,0.0,88.52
P00026,2,ICU,admit,2026-02-13T00:44:45.492866,2026-02-13T00:44:45.492866,2026-02-13T02:57:06.492866,0.0,132.35
P00027,2,ED,admit,2026-02-13T00:46:37.868989,2026-02-13T00:46:37.868989,2026-02-13T03:34:43.868989,0.0,168.1
P00028,2,ED,admit,2026-02-13T00:49:53.711938,2026-02-13T00:49:53.711938,2026-02-13T04:27:33.911938,0.0,217.67
P00029,3,ED,admit,2026-02-13T00:50:51.562017,2026-02-13T00:50:51.562017,2026-02-13T02:30:37.162017,0.0,99.76
P00030,3,ED,admit,2026-02-13T00:53:57.033931,2026-02-13T00:53:57.033931,2026-02-13T02:27:15.633931,0.0,93.31
P00031,3,ED,admit,2026-02-13T00:55:50.810806,2026-02-13T00:55:50.810806,2026-02-13T02:42:07.610806,0.0,106.28
P00032,3,ED,admit,2026-02-13T00:57:21.040871,2026-02-13T00:57:21.040871,2026-02-13T02:51:33.040871,0.0,114.2
P00033,3,ED,admit,2026-02-13T00:58:04.495421,2026-02-13T00:58:04.495421,2026-02-13T02:32:45.295421,0.0,94.68
P00034,3,ED,admit,2026-02-13T01:01:28.961969,2026-02-13T01:01:28.961969,2026-02-13T02:58:04.961969,0.0,116.6
P00035,2,ED,admit,2026-02-13T01:03:24.875188,2026-02-13T01:03:24.875188,2026-02-13T03:51:54.875188,0.0,168.5
P00036,3,ED,admit,2026-02-13T01:09:42.560164,2026-02-13T01:09:42.560164,2026-02-13T02:58:57.560164,0.0,109.25
P00037,3,ED,admit,2026-02-13T01:11:28.502279,2026-02-13T01:11:28.502279,2026-02-13T02:30:33.902279,0.0,79.09
P00038,3,ED,admit,2026-02-13T01:17:50.954264,2026-02-13T01:17:50.954264,2026-02-13T02:40:55.754264,0.0,83.08
P00039,3,ED,admit,2026-02-13T01:18:34.772920,2026-02-13T01:18:34.772920,2026-02-13T02:22:52.772920,0.0,64.3
P00040,3,ED,admit,2026-02-13T01:20:30.507866,2026-02-13T01:20:30.507866,2026-02-13T02:59:02.307866,0.0,98.53
P00041,3,ED,admit,2026-02-13T01:23:23.073564,2026-02-13T01:23:23.073564,2026-02-13T02:53:56.673564,0.0,90.56
P00042,1,ICU,admit,2026-02-13T01:24:22.282296,2026-02-13T01:24:22.282296,2026-02-13T07:56:47.482296,0.0,392.42
P00043,2,ED,admit,2026-02-13T01:26:14.934536,2026-02-13T01:26:14.934536,2026-02-13T04:34:25.734536,0.0,188.18
P00044,2,ED,admit,2026-02-13T01:27:04.509468,2026-02-13T01:27:04.509468,2026-02-13T05:25:06.309468,0.0,238.03
P00045,1,ICU,admit,2026-02-13T01:27:48.591556,2026-02-13T01:27:48.591556,2026-02-13T06:52:50.991556,0.0,325.04
P00046,2,ED,admit,2026-02-13T01:28:45.641539,2026-02-13T01:28:45.641539,2026-02-13T03:35:05.441539,0.0,126.33
P00047,2,ED,admit,2026-02-13T01:31:11.771276,2026-02-13T01:31:11.771276,2026-02-13T04:21:42.971276,0.0,170.52
P00048,2,ED,admit,2026-02-13T01:31:55.521457,2026-02-13T01:31:55.521457,2026-02-13T04:59:09.921457,0.0,207.24
P00049,3,ED,admit,2026-02-13T01:31:58.539860,2026-02-13T01:31:58.539860,2026-02-13T03:20:30.339860,0.0,108.53
P00050,2,ED,admit,2026-02-13T01:32:50.383914,2026-02-13T01:32:50.383914,2026-02-13T03:48:44.383914,0.0,135.9
P00051,2,ED,admit,2026-02-13T01:35:12.343225,2026-02-13T01:35:12.343225,2026-02-13T03:53:20.743225,0.0,138.14
P00052,2,ED,admit,2026-02-13T01:36:29.832743,2026-02-13T01:36:29.832743,2026-02-13T05:19:56.232743,0.0,223.44
P00053,2,ED,admit,2026-02-13T01:37:14.813985,2026-02-13T01:37:14.813985,2026-02-13T05:36:28.613985,0.0,239.23
P00054,3,ED,admit,2026-02-13T01:37:37.468998,2026-02-13T01:37:37.468998,2026-02-13T02:58:19.468998,0.0,80.7
P00055,3,ED,admit,2026-02-13T01:39:15.244224,2026-02-13T01:39:15.244224,2026-02-13T03:24:01.444224,0.0,104.77
P00056,3,ED,admit,2026-02-13T01:41:59.565587,2026-02-13T01:41:59.565587,2026-02-13T03:34:12.765587,0.0,112.22
P00057,2,ED,admit,2026-02-13T01:42:33.039712,2026-02-13T01:42:33.039712,2026-02-13T03:47:28.239712,0.0,124.92
P00058,3,ED,admit,2026-02-13T01:46:08.491258,2026-02-13T01:46:08.491258,2026-02-13T03:06:14.491258,0.0,80.1
P00059,2,ED,admit,2026-02-13T01:46:50.914713,2026-02-13T01:46:50.914713,2026-02-13T05:14:58.114713,0.0,208.12
P00060,2,ED,admit,2026-02-13T01:47:32.994453,2026-02-13T01:47:32.994453,2026-02-13T05:08:17.394453,0.0,200.74
P00061,3,ED,admit,2026-02-13T01:47:45.353846,2026-02-13T01:47:45.353846,2026-02-13T03:04:45.353846,0.0,77.0
P00062,3,ED,admit,2026-02-13T01:50:58.850703,2026-02-13T01:50:58.850703,2026-02-13T03:48:00.650703,0.0,117.03
P00063,3,ED,admit,2026-02-13T01:52:09.442845,2026-02-13T01:52:09.442845,2026-02-13T03:46:08.842845,0.0,113.99
P00064,3,ED,admit,2026-02-13T01:53:41.716300,2026-02-13T01:56:53.123688,2026-02-13T03:56:14.723688,3.190123133333333,119.36
P00065,3,ED,admit,2026-02-13T01:57:59.278583,2026-02-13T01:57:59.278583,2026-02-13T03:17:23.278583,0.0,79.4
P00066,3,ED,admit,2026-02-13T01:58:41.762950,2026-02-13T01:58:41.762950,2026-02-13T03:56:02.162950,0.0,117.34
P00067,2,ED,admit,2026-02-13T02:01:19.089062,2026-02-13T02:01:19.089062,2026-02-13T05:00:22.089062,0.0,179.05
P00068,1,ED,admit,2026-02-13T02:02:15.568873,2026-02-13T02:10:12.780101,2026-02-13T06:36:45.780101,7.953520466666666,266.55
P00069,2,ICU,admit,2026-02-13T02:03:25.111743,2026-02-13T02:03:25.111743,2026-02-13T05:20:15.511743,0.0,196.84
P00070,2,ED,admit,2026-02-13T02:04:08.785781,2026-02-13T02:13:09.012830,2026-02-13T05:24:00.012830,9.00378415,190.85
P00071,2,ED,admit,2026-02-13T02:04:49.846091,2026-02-13T02:22:39.921574,2026-02-13T05:45:18.921574,17.834591383333336,202.65
P00072,3,ED,admit,2026-02-13T02:07:45.927486,2026-02-13T02:22:52.772920,2026-02-13T04:09:31.772920,15.114090566666667,106.65
P00073,3,ED,admit,2026-02-13T02:08:35.504622,2026-02-13T02:26:16.985996,2026-02-13T04:51:37.385996,17.691356233333334,145.34
P00074,2,ICU,admit,2026-02-13T02:09:58.237360,2026-02-13T02:09:58.237360,2026-02-13T04:56:04.237360,0.0,166.1
P00075,3,ED,admit,2026-02-13T02:11:14.226220,2026-02-13T02:27:15.633931,2026-02-13T04:31:15.033931,16.02346185,123.99
P00076,2,ED,admit,2026-02-13T02:11:20.794888,2026-02-13T02:30:33.902279,2026-02-13T04:57:20.702279,19.218456516666667,146.78
P00077,3,ED,admit,2026-02-13T02:13:57.501554,2026-02-13T02:30:37.162017,2026-02-13T03:59:29.962017,16.661007716666667,88.88
P00078,3,ED,admit,2026-02-13T02:14:03.389341,2026-02-13T02:32:45.295421,2026-02-13T04:28:57.295421,18.698434666666667,116.2
P00079,2,ICU,admit,2026-02-13T02:14:04.244817,2026-02-13T02:14:04.244817,2026-02-13T04:31:03.644817,0.0,136.99
P00080,2,ICU,admit,2026-02-13T02:17:37.853261,2026-02-13T02:17:37.853261,2026-02-13T04:38:18.053261,0.0,140.67
P00081,3,ED,admit,2026-02-13T02:20:32.904713,2026-02-13T02:40:55.754264,2026-02-13T05:00:22.154264,20.38082585,139.44
P00082,2,ED,admit,2026-02-13T02:21:25.982520,2026-02-13T02:42:07.610806,2026-02-13T06:40:12.410806,20.693804766666666,238.08
P00083,3,ED,admit,2026-02-13T02:23:23.257702,2026-02-13T02:51:33.040871,2026-02-13T05:19:53.440871,28.163052816666667,148.34
P00084,3,ED,admit,2026-02-13T02:24:11.606743,2026-02-13T02:53:56.673564,2026-02-13T04:58:36.873564,29.751113683333333,124.67
P00085,2,ICU,admit,2026-02-13T02:24:40.185718,2026-02-13T02:24:40.185718,2026-02-13T06:06:20.985718,0.0,221.68
P00086,2,ED,admit,2026-02-13T02:25:25.574260,2026-02-13T02:58:04.961969,2026-02-13T05:41:25.961969,32.65646181666667,163.35
P00087,3,ED,admit,2026-02-13T02:25:29.179504,2026-02-13T02:58:19.468998,2026-02-13T04:53:32.068998,32.83815823333334,115.21
P00088,3,ED,admit,2026-02-13T02:25:48.674868,2026-02-13T02:58:56.266023,2026-02-13T04:52:51.466023,33.12651925,113.92
P00089,2,ICU,admit,2026-02-13T02:26:03.427553,2026-02-13T02:26:03.427553,2026-02-13T04:54:20.227553,0.0,148.28
P00090,1,ICU,admit,2026-02-13T02:27:19.765696,2026-02-13T02:27:19.765696,2026-02-13T07:06:47.965696,0.0,279.47
P00091,2,ED,admit,2026-02-13T02:27:29.707527,2026-02-13T02:58:57.560164,2026-02-13T07:26:38.960164,31.464210616666666,267.69
P00092,3,ED,admit,2026-02-13T02:28:10.984658,2026-02-13T02:59:02.307866,2026-02-13T05:05:58.707866,30.8553868,126.94
P00093,3,ED,admit,2026-02-13T02:29:41.195272,2026-02-13T03:04:45.353846,2026-02-13T05:00:22.553846,35.06930956666667,115.62
P00094,2,ED,admit,2026-02-13T02:35:34.189545,2026-02-13T03:06:14.491258,2026-02-13T06:16:01.891258,30.671695216666667,189.79
P00095,1,ICU,admit,2026-02-13T02:35:40.231443,2026-02-13T02:35:40.231443,2026-02-13T08:48:27.631443,0.0,372.79
P00096,2,ED,admit,2026-02-13T02:42:21.052449,2026-02-13T03:17:23.278583,2026-02-13T06:09:49.078583,35.037102233333336,172.43
P00097,3,ED,admit,2026-02-13T02:51:59.875797,2026-02-13T03:20:30.339860,2026-02-13T05:57:32.739860,28.507734383333332,157.04
P00098,3,ED,admit,2026-02-13T02:52:40.531269,2026-02-13T03:24:01.444224,2026-02-13T05:32:53.044224,31.34854925,128.86
P00099,3,ED,admit,2026-02-13T02:53:12.353979,2026-02-13T03:28:46.492008,2026-02-13T05:51:02.092008,35.568967150000006,142.26
P00100,3,ED,admit,2026-02-13T02:58:22.615008,2026-02-13T03:31:03.659822,2026-02-13T06:13:28.859822,32.68408023333333,162.42
P00101,1,ICU,admit,2026-02-13T02:58:54.092286,2026-02-13T02:58:54.092286,2026-02-13T07:57:48.692286,0.0,298.91
P00102,3,ED,admit,2026-02-13T03:01:42.470282,2026-02-13T03:34:12.765587,2026-02-13T06:15:31.365587,32.50492175,161.31
P00103,3,ED,admit,2026-02-13T03:02:46.804486,2026-02-13T03:34:43.868989,2026-02-13T06:04:33.668989,31.95107505,149.83
P00104,3,ED,admit,2026-02-13T03:03:22.898712,2026-02-13T03:35:05.441539,2026-02-13T06:13:48.041539,31.709047116666667,158.71
P00105,2,ED,admit,2026-02-13T03:04:14.373670,2026-02-13T03:36:23.056639,2026-02-13T07:32:55.456639,32.14471615,236.54
P00106,3,ED,admit,2026-02-13T03:05:27.589833,2026-02-13T03:46:08.842845,2026-02-13T05:57:50.842845,40.687550200000004,131.7
P00107,2,ICU,admit,2026-02-13T03:07:54.296741,2026-02-13T03:07:54.296741,2026-02-13T06:55:06.896741,0.0,227.21
P00108,2,ED,admit,2026-02-13T03:08:13.796524,2026-02-13T03:47:28.239712,2026-02-13T08:00:43.839712,39.2407198,253.26
P00109,2,ED,admit,2026-02-13T03:09:57.290750,2026-02-13T03:48:00.650703,2026-02-13T07:46:29.450703,38.05599921666667,238.48
P00110,3,ED,admit,2026-02-13T03:10:03.320895,2026-02-13T03:48:44.383914,2026-02-13T06:10:13.183914,38.68438365,141.48
P00111,3,ED,admit,2026-02-13T03:10:19.933054,2026-02-13T03:49:40.364313,2026-02-13T06:06:47.564313,39.340520983333334,137.12
P00112,2,ED,admit,2026-02-13T03:11:05.262032,2026-02-13T03:51:54.875188,2026-02-13T07:12:49.475188,40.82688593333333,200.91
P00113,3,ED,admit,2026-02-13T03:11:43.834374,2026-02-13T03:53:20.743225,2026-02-13T06:15:08.143225,41.61514751666667,141.79
P00114,2,ED,admit,2026-02-13T03:12:15.596662,2026-02-13T03:56:02.162950,2026-02-13T08:12:49.562950,43.7761048,256.79
P00115,3,ED,admit,2026-02-13T03:13:30.909012,2026-02-13T03:56:14.723688,2026-02-13T05:50:53.123688,42.7302446,114.64
P00116,3,ED,admit,2026-02-13T03:15:20.144536,2026-02-13T03:59:29.962017,2026-02-13T06:18:21.562017,44.16362468333333,138.86
P00117,2,ED,admit,2026-02-13T03:16:29.424189,2026-02-13T04:07:41.070115,2026-02-13T07:03:04.470115,51.19409876666667,175.39
P00118,3,ED,admit,2026-02-13T03:17:27.971066,2026-02-13T04:09:31.772920,2026-02-13T06:23:40.772920,52.06336423333333,134.15
P00119,3,ED,admit,2026-02-13T03:17:37.191880,2026-02-13T04:21:42.971276,2026-02-13T06:59:56.771276,64.09632326666666,158.23
P00120,2,ED,admit,2026-02-13T03:17:48.358393,2026-02-13T04:27:33.911938,2026-02-13T07:45:35.711938,69.75922575,198.03
P00121,3,ED,admit,2026-02-13T03:21:18.118593,2026-02-13T04:28:57.295421,2026-02-13T07:04:44.695421,67.65294713333334,155.79
P00122,3,ED,admit,2026-02-13T03:21:21.328313,2026-02-13T04:31:15.033931,2026-02-13T07:22:09.633931,69.89509363333333,170.91
P00123,3,ED,admit,2026-02-13T03:22:31.587008,2026-02-13T04:34:25.734536,2026-02-13T06:59:14.934536,71.9024588,144.82
P00124,3,ED,admit,2026-02-13T03:25:42.504975,2026-02-13T04:51:37.385996,2026-02-13T07:33:36.785996,85.91468368333334,161.99
P00125,1,ICU,admit,2026-02-13T03:27:08.870742,2026-02-13T03:27:08.870742,2026-02-13T08:49:35.870742,0.0,322.45
P00126,2,ED,admit,2026-02-13T03:33:24.457648,2026-02-13T04:52:51.466023,2026-02-13T08:43:53.266023,79.45013958333334,231.03
P00127,1,ICU,admit,2026-02-13T03:35:53.891205,2026-02-13T03:35:53.891205,2026-02-13T10:19:08.291205,0.0,403.24
P00128,3,ED,admit,2026-02-13T03:36:07.315336,2026-02-13T04:53:32.068998,2026-02-13T07:14:45.268998,77.41256103333333,141.22
P00129,3,ED,admit,2026-02-13T03:37:58.724905,2026-02-13T04:57:20.702279,2026-02-13T07:38:18.302279,79.36628956666667,160.96
P00130,3,ED,admit,2026-02-13T03:41:10.170342,2026-02-13T04:58:36.873564,2026-02-13T07:42:09.873564,77.4450537,163.55
P00131,2,ED,admit,2026-02-13T03:43:47.471634,2026-02-13T04:59:09.921457,2026-02-13T09:39:30.921457,75.37416371666667,280.35
P00132,1,ICU,admit,2026-02-13T03:46:13.766361,2026-02-13T03:46:13.766361,2026-02-13T08:49:28.166361,0.0,303.24
P00133,3,ED,admit,2026-02-13T03:46:48.335752,2026-02-13T05:00:22.089062,2026-02-13T07:49:54.489062,73.56255516666667,169.54
P00134,3,ED,admit,2026-02-13T03:46:57.968578,2026-02-13T05:00:22.154264,2026-02-13T07:38:37.754264,73.40309476666667,158.26
P00135,1,ICU,admit,2026-02-13T03:48:55.219044,2026-02-13T03:48:55.219044,2026-02-13T10:41:44.419044,0.0,412.82
P00136,3,ED,admit,2026-02-13T03:48:55.652795,2026-02-13T05:00:22.553846,2026-02-13T07:55:47.753846,71.44835085,175.42
P00137,1,ICU,admit,2026-02-13T03:54:13.522615,2026-02-13T04:31:03.644817,2026-02-13T11:36:37.244817,36.835370033333334,425.56
P00138,3,ED,admit,2026-02-13T03:54:35.199844,2026-02-13T05:05:58.707866,2026-02-13T07:36:19.107866,71.39180036666667,150.34
P00139,3,ED,admit,2026-02-13T03:55:27.576294,2026-02-13T05:08:17.394453,2026-02-13T07:52:42.594453,72.83030265000001,164.42
P00140,2,ICU,admit,2026-02-13T03:55:55.139313,2026-02-13T04:38:18.053261,2026-02-13T08:50:09.053261,42.381899133333334,251.85
P00141,3,ED,admit,2026-02-13T03:56:41.998332,2026-02-13T05:14:58.114713,2026-02-13T07:36:58.714713,78.26860635,142.01
P00142,3,ED,admit,2026-02-13T03:57:35.757627,2026-02-13T05:15:30.854088,2026-02-13T08:35:47.054088,77.91827435,200.27
P00143,2,ED,admit,2026-02-13T03:58:21.366839,2026-02-13T05:19:53.440871,2026-02-13T09:10:03.640871,81.53456720000001,230.17
P00144,3,ED,admit,2026-02-13T04:00:25.599242,2026-02-13T05:19:56.232743,2026-02-13T08:23:26.832743,79.51055835000001,183.51
P00145,2,ED,admit,2026-02-13T04:01:45.472807,2026-02-13T05:24:00.012830,2026-02-13T09:59:48.612830,82.24233371666666,275.81
P00146,2,ED,admit,2026-02-13T04:01:54.267634,2026-02-13T05:25:06.309468,2026-02-13T09:36:23.109468,83.20069723333333,251.28
P00147,3,ED,admit,2026-02-13T04:04:57.089552,2026-02-13T05:32:53.044224,2026-02-13T08:47:13.444224,87.93257786666666,194.34
P00148,3,ED,admit,2026-02-13T04:05:59.901362,2026-02-13T05:36:28.613985,2026-02-13T08:02:49.613985,90.47854371666668,146.35
P00149,2,ED,admit,2026-02-13T04:08:50.543102,2026-02-13T05:41:25.961969,2026-02-13T09:33:15.761969,92.59031445000001,231.83
P00150,2,ED,admit,2026-02-13T04:08:56.743250,2026-02-13T05:45:18.921574,2026-02-13T08:59:45.321574,96.36963873333335,194.44
P00151,3,ED,admit,2026-02-13T04:10:51.110771,2026-02-13T05:50:53.123688,2026-02-13T08:22:57.323688,100.03354861666666,152.07
P00152,3,ED,admit,2026-02-13T04:12:30.380831,2026-02-13T05:51:02.092008,2026-02-13T08:18:32.092008,98.52851961666667,147.5
P00153,2,ED,admit,2026-02-13T04:13:35.071759,2026-02-13T05:57:32.739860,2026-02-13T09:19:23.139860,103.96113501666667,201.84
P00154,3,ED,admit,2026-02-13T04:15:43.231176,2026-02-13T05:57:50.842845,2026-02-13T08:32:15.442845,102.12686115,154.41
P00155,2,ED,admit,2026-02-13T04:18:15.351864,2026-02-13T06:04:33.668989,2026-02-13T09:37:06.668989,106.30528541666666,212.55
P00156,2,ED,admit,2026-02-13T04:18:56.091487,2026-02-13T06:06:47.564313,2026-02-13T09:21:09.164313,107.85788043333334,194.36
P00157,2,ED,admit,2026-02-13T04:20:50.138114,2026-02-13T06:09:49.078583,2026-02-13T09:33:26.278583,108.98234115,203.62
P00158,3,ED,admit,2026-02-13T04:23:37.106046,2026-02-13T06:10:13.183914,2026-02-13T09:27:35.383914,106.60129780000001,197.37
P00159,2,ICU,admit,2026-02-13T04:26:13.737455,2026-02-13T04:54:20.227553,2026-02-13T09:20:35.827553,28.1081683,266.26
P00160,2,ED,admit,2026-02-13T04:29:29.856225,2026-02-13T06:13:28.859822,2026-02-13T09:23:03.059822,103.98339328333333,189.57
P00161,1,ED,admit,2026-02-13T04:30:37.643693,2026-02-13T06:13:48.041539,2026-02-13T12:37:52.241539,103.17329743333333,384.07
P00162,3,ED,admit,2026-02-13T04:31:03.388648,2026-02-13T06:15:08.143225,2026-02-13T08:59:05.743225,104.07924295,163.96
P00163,2,ED,admit,2026-02-13T04:33:28.669860,2026-02-13T06:15:31.365587,2026-02-13T10:41:52.365587,102.04492878333333,266.35
P00164,3,ED,admit,2026-02-13T04:33:34.639856,2026-02-13T06:16:01.891258,2026-02-13T09:33:12.691258,102.45419003333333,197.18
P00165,3,ED,admit,2026-02-13T04:37:34.761806,2026-02-13T06:18:21.562017,2026-02-13T09:24:05.362017,100.78000351666667,185.73
P00166,1,ED,admit,2026-02-13T04:41:24.497423,2026-02-13T06:23:40.772920,2026-02-13T13:23:31.172920,102.27125828333332,419.84
P00167,2,ED,admit,2026-02-13T04:47:13.154496,2026-02-13T06:36:45.780101,2026-02-13T11:09:02.580101,109.54376008333334,272.28
P00168,3,ED,admit,2026-02-13T04:47:31.902786,2026-02-13T06:40:12.410806,2026-02-13T09:01:41.810806,112.67513366666667,141.49
P00169,2,ED,admit,2026-02-13T04:48:25.625445,2026-02-13T06:59:14.934536,2026-02-13T11:22:32.934536,130.82181818333333,263.3
P00170,2,ED,admit,2026-02-13T04:48:57.987658,2026-02-13T06:59:56.771276,2026-02-13T11:27:46.571276,130.97972696666668,267.83
P00171,3,ED,admit,2026-02-13T04:50:06.522722,2026-02-13T07:03:04.470115,2026-02-13T09:32:33.870115,132.96578988333334,149.49
P00172,3,ED,admit,2026-02-13T04:51:20.293033,2026-02-13T07:04:44.695421,2026-02-13T09:37:15.295421,133.40670646666666,152.51
P00173,3,ED,admit,2026-02-13T04:51:54.370911,2026-02-13T07:12:49.475188,2026-02-13T10:26:08.075188,140.91840461666666,193.31
P00174,3,ED,admit,2026-02-13T04:52:36.263478,2026-02-13T07:14:45.268998,2026-02-13T10:19:24.868998,142.150092,184.66
P00175,3,ED,admit,2026-02-13T04:55:59.561188,2026-02-13T07:22:09.633931,2026-02-13T10:16:16.833931,146.16787905,174.12
P00176,2,ED,admit,2026-02-13T04:58:59.769893,2026-02-13T07:26:38.960164,2026-02-13T12:16:12.560164,147.6531711833333,289.56
P00177,2,ED,admit,2026-02-13T05:04:24.139382,2026-02-13T07:32:55.456639,2026-02-13T11:35:23.656639,148.52195428333334,242.47
P00178,2,ICU,admit,2026-02-13T05:05:03.966698,2026-02-13T05:05:03.966698,2026-02-13T07:41:39.366698,0.0,156.59
P00179,2,ED,admit,2026-02-13T05:09:11.471556,2026-02-13T07:33:36.785996,2026-02-13T12:37:30.785996,144.42190733333334,303.9
P00180,3,ED,admit,2026-02-13T05:13:40.506385,2026-02-13T07:36:19.107866,2026-02-13T10:32:13.107866,142.64335801666667,175.9
P00181,3,ED,admit,2026-02-13T05:15:05.092562,2026-02-13T07:36:58.714713,2026-02-13T10:21:04.114713,141.89370251666665,164.09
P00182,3,ED,admit,2026-02-13T05:15:23.344250,2026-02-13T07:38:18.302279,2026-02-13T10:55:20.102279,142.91596715,197.03
P00183,3,ED,admit,2026-02-13T05:15:57.161034,2026-02-13T07:38:37.754264,2026-02-13T10:49:35.954264,142.67655383333334,190.97
P00184,2,ED,admit,2026-02-13T05:18:05.349638,2026-02-13T07:42:09.873564,2026-02-13T11:56:56.073564,144.07539876666667,254.77
P00185,2,ED,admit,2026-02-13T05:20:12.179960,2026-02-13T07:45:35.711938,2026-02-13T12:06:31.511938,145.39219963333335,260.93
P00186,2,ED,admit,2026-02-13T05:21:27.695288,2026-02-13T07:46:29.450703,2026-02-13T11:07:08.450703,145.02925691666667,200.65
P00187,3,ED,admit,2026-02-13T05:25:42.890430,2026-02-13T07:49:54.489062,2026-02-13T10:42:14.289062,144.19331053333332,172.33
P00188,2,ED,admit,2026-02-13T05:25:47.333016,2026-02-13T07:52:42.594453,2026-02-13T12:25:02.994453,146.92102394999998,272.34
P00189,2,ED,admit,2026-02-13T05:28:54.142160,2026-02-13T07:55:47.753846,2026-02-13T12:03:29.153846,146.8935281,247.69
P00190,2,ED,admit,2026-02-13T05:34:58.658138,2026-02-13T08:00:43.839712,2026-02-13T12:33:24.639712,145.75302623333334,272.68
P00191,2,ED,admit,2026-02-13T05:35:31.004897,2026-02-13T08:02:49.613985,2026-02-13T13:01:45.413985,147.31015146666667,298.93
P00192,2,ED,admit,2026-02-13T05:37:10.027904,2026-02-13T08:12:49.562950,2026-02-13T11:52:48.962950,155.65891743333336,219.99
P00193,2,ED,admit,2026-02-13T05:40:57.077882,2026-02-13T08:18:32.092008,2026-02-13T12:39:49.492008,157.58356876666667,261.29
P00194,3,ED,admit,2026-02-13T05:42:04.171819,2026-02-13T08:22:57.323688,2026-02-13T11:23:44.123688,160.88586448333334,180.78
P00195,2,ICU,admit,2026-02-13T05:42:06.850994,2026-02-13T05:42:06.850994,2026-02-13T07:55:32.650994,0.0,133.43
P00196,3,ED,admit,2026-02-13T05:42:42.847933,2026-02-13T08:23:26.832743,2026-02-13T11:14:52.032743,160.73308016666667,171.42
P00197,3,ED,admit,2026-02-13T05:42:57.680167,2026-02-13T08:32:15.442845,2026-02-13T11:37:42.442845,169.2960446333333,185.45
P00198,1,ED,admit,2026-02-13T05:52:09.245311,2026-02-13T08:35:47.054088,2026-02-13T15:20:36.254088,163.63014628333335,404.82
P00199,3,ED,admit,2026-02-13T05:52:58.961946,2026-02-13T08:43:53.266023,2026-02-13T11:45:37.066023,170.90506795000002,181.73
P00200,3,ED,admit,2026-02-13T05:53:55.804927,2026-02-13T08:47:13.444224,2026-02-13T12:12:10.444224,173.29398828333333,204.95
P00201,3,ED,admit,2026-02-13T05:57:26.103409,2026-02-13T08:59:05.743225,2026-02-13T12:14:35.143225,181.66066360000002,195.49
P00202,3,ED,admit,2026-02-13T05:59:15.958578,2026-02-13T08:59:45.321574,2026-02-13T12:22:36.921574,180.48938326666666,202.86
P00203,3,ED,admit,2026-02-13T05:59:20.330575,2026-02-13T09:01:41.810806,2026-02-13T12:34:53.210806,182.35800385,213.19
P00204,2,ED,admit,2026-02-13T05:59:47.267078,2026-02-13T09:10:03.640871,2026-02-13T14:24:36.640871,190.27289655,314.55
P00205,3,ED,admit,2026-02-13T06:00:33.633667,2026-02-13T09:19:23.139860,2026-02-13T12:47:15.939860,198.82510321666666,207.88
P00206,2,ED,admit,2026-02-13T06:02:52.688482,2026-02-13T09:21:09.164313,2026-02-13T14:30:00.164313,198.27459718333333,308.85
P00207,2,ED,admit,2026-02-13T06:03:26.534134,2026-02-13T09:23:03.059822,2026-02-13T14:23:34.259822,199.60876146666666,300.52
P00208,1,ED,admit,2026-02-13T06:07:22.029402,2026-02-13T09:24:05.362017,2026-02-13T15:20:17.362017,196.72221025,356.2
P00209,2,ED,admit,2026-02-13T06:09:35.246149,2026-02-13T09:27:35.383914,2026-02-13T14:55:20.983914,198.00229608333333,327.76
P00210,3,ED,admit,2026-02-13T06:11:21.381503,2026-02-13T09:32:33.870115,2026-02-13T12:43:12.870115,201.20814353333333,190.65
P00211,2,ED,admit,2026-02-13T06:12:27.519888,2026-02-13T09:33:12.691258,2026-02-13T13:54:56.491258,200.75285616666667,261.73
P00212,3,ED,admit,2026-02-13T06:12:42.104363,2026-02-13T09:33:15.761969,2026-02-13T13:14:28.361969,200.56096010000002,221.21
P00213,3,ED,admit,2026-02-13T06:13:34.429962,2026-02-13T09:33:26.278583,2026-02-13T12:30:05.878583,199.8641436833333,176.66
P00214,2,ED,admit,2026-02-13T06:14:38.410891,2026-02-13T09:36:23.109468,2026-02-13T13:26:35.109468,201.74497628333333,230.2
P00215,3,ED,admit,2026-02-13T06:15:12.317939,2026-02-13T09:37:06.668989,2026-02-13T13:05:31.268989,201.90585083333332,208.41
P00216,3,ED,admit,2026-02-13T06:15:49.617123,2026-02-13T09:37:15.295421,2026-02-13T13:20:04.495421,201.42797163333336,222.82
P00217,3,ED,admit,2026-02-13T06:16:03.092845,2026-02-13T09:39:30.921457,2026-02-13T12:41:23.721457,203.46381019999998,181.88
P00218,3,ED,admit,2026-02-13T06:17:32.807947,2026-02-13T09:59:48.612830,2026-02-13T13:20:25.212830,222.2634147166667,200.61
P00219,2,ED,admit,2026-02-13T06:19:08.771521,2026-02-13T10:16:16.833931,2026-02-13T15:27:21.633931,237.1343735,311.08
P00220,2,ED,admit,2026-02-13T06:21:36.684885,2026-02-13T10:19:24.868998,2026-02-13T15:56:21.868998,237.80306854999998,336.95
P00221,3,ED,admit,2026-02-13T06:21:54.354865,2026-02-13T10:21:04.114713,2026-02-13T13:37:34.114713,239.16266413333332,196.5
P00222,3,ED,admit,2026-02-13T06:21:58.876072,2026-02-13T10:26:08.075188,2026-02-13T14:07:01.475188,244.1533186,220.89
P00223,3,ED,admit,2026-02-13T06:23:47.932892,2026-02-13T10:32:13.107866,2026-02-13T14:14:22.707866,248.4195829,222.16
P00224,3,ED,admit,2026-02-13T06:26:41.582830,2026-02-13T10:41:52.365587,2026-02-13T14:36:58.365587,255.17971261666668,235.1
P00225,1,ICU,admit,2026-02-13T06:26:43.756219,2026-02-13T06:26:43.756219,2026-02-13T11:23:04.156219,0.0,296.34
P00226,3,ED,admit,2026-02-13T06:26:57.161940,2026-02-13T10:42:14.289062,2026-02-13T14:37:08.889062,255.28545203333334,234.91
P00227,3,ED,admit,2026-02-13T06:27:01.251626,2026-02-13T10:49:35.954264,2026-02-13T14:49:04.154264,262.5783773,239.47
P00228,3,ED,admit,2026-02-13T06:27:28.821249,2026-02-13T10:55:20.102279,2026-02-13T14:44:32.102279,267.85468383333335,229.2
P00229,2,ED,admit,2026-02-13T06:27:57.886359,2026-02-13T11:07:08.450703,2026-02-13T15:42:57.650703,279.17607239999995,275.82
P00230,3,ED,admit,2026-02-13T06:30:36.687572,2026-02-13T11:09:02.580101,2026-02-13T15:29:34.980101,278.43154215,260.54
P00231,1,ICU,admit,2026-02-13T06:31:36.987326,2026-02-13T06:31:36.987326,2026-02-13T13:11:20.787326,0.0,399.73
P00232,2,ED,admit,2026-02-13T06:31:39.123410,2026-02-13T11:14:52.032743,2026-02-13T17:12:04.032743,283.21515555,357.2
P00233,3,ED,admit,2026-02-13T06:34:31.655868,2026-02-13T11:22:32.934536,2026-02-13T15:28:23.334536,288.0213111333333,245.84
P00234,3,ED,admit,2026-02-13T06:34:35.281179,2026-02-13T11:23:44.123688,2026-02-13T15:43:02.123688,289.14737514999996,259.3
P00235,2,ED,admit,2026-02-13T06:36:35.781872,2026-02-13T11:27:46.571276,2026-02-13T16:04:42.971276,291.1798234,276.94
P00236,2,ED,admit,2026-02-13T06:37:43.750840,2026-02-13T11:35:23.656639,2026-02-13T17:51:45.856639,297.66509665,376.37
P00237,3,ED,admit,2026-02-13T06:38:50.005560,2026-02-13T11:37:42.442845,2026-02-13T15:59:50.842845,298.87395475,262.14
P00238,2,ED,admit,2026-02-13T06:39:33.212367,2026-02-13T11:45:37.066023,2026-02-13T16:34:44.866023,306.0642276,289.13
P00239,3,ED,admit,2026-02-13T06:40:38.699430,2026-02-13T11:52:48.962950,2026-02-13T16:12:44.762950,312.1710586666667,259.93
P00240,3,ED,admit,2026-02-13T06:42:52.645315,2026-02-13T11:56:56.073564,2026-02-13T15:43:38.073564,314.05713748333335,226.7
P00241,2,ED,admit,2026-02-13T06:42:59.433490,2026-02-13T12:03:29.153846,2026-02-13T17:53:58.553846,320.4953392666667,350.49
P00242,3,ED,admit,2026-02-13T06:43:41.950835,2026-02-13T12:06:31.511938,2026-02-13T15:59:22.511938,322.82601838333335,232.85
P00243,3,ED,admit,2026-02-13T06:45:23.593546,2026-02-13T12:12:10.444224,2026-02-13T15:58:59.044224,326.7808446333333,226.81
P00244,3,ED,admit,2026-02-13T06:46:31.313622,2026-02-13T12:14:35.143225,2026-02-13T16:15:21.943225,328.06382671666665,240.78
P00245,2,ED,admit,2026-02-13T06:50:29.994124,2026-02-13T12:16:12.560164,2026-02-13T17:34:59.360164,325.70943400000004,318.78
P00246,3,ED,admit,2026-02-13T06:51:58.422590,2026-02-13T12:22:36.921574,2026-02-13T16:46:30.321574,330.64164973333334,263.89
P00247,2,ED,admit,2026-02-13T07:00:12.510666,2026-02-13T12:25:02.994453,2026-02-13T18:09:50.994453,324.84139645,344.8
P00248,2,ED,admit,2026-02-13T07:03:26.016911,2026-02-13T12:30:05.878583,2026-02-13T17:56:46.678583,326.6643612,326.68
P00249,3,ED,admit,2026-02-13T07:04:09.072391,2026-02-13T12:33:24.639712,2026-02-13T17:14:17.439712,329.25945535,280.88
P00250,2,ICU,admit,2026-02-13T07:04:40.104173,2026-02-13T07:04:40.104173,2026-02-13T09:06:20.304173,0.0,121.67
P00251,2,ED,admit,2026-02-13T07:04:57.086083,2026-02-13T12:34:53.210806,2026-02-13T18:26:04.010806,329.93541205,351.18
P00252,3,ED,admit,2026-02-13T07:05:34.833227,2026-02-13T12:37:30.785996,2026-02-13T16:48:46.385996,331.93254615,251.26
P00253,1,ICU,admit,2026-02-13T07:09:37.937130,2026-02-13T07:09:37.937130,2026-02-13T13:44:23.537130,0.0,394.76
P00254,3,ED,admit,2026-02-13T07:09:48.320028,2026-02-13T12:37:52.241539,2026-02-13T16:57:01.841539,328.06535851666666,259.16
P00255,3,ED,admit,2026-02-13T07:10:15.552070,2026-02-13T12:39:49.492008,2026-02-13T16:40:38.092008,329.5656656333333,240.81
P00256,3,ED,admit,2026-02-13T07:14:22.502421,2026-02-13T12:41:23.721457,2026-02-13T16:54:51.321457,327.02031726666667,253.46
P00257,1,ED,admit,2026-02-13T07:14:32.509282,2026-02-13T12:43:12.870115,2026-02-13T20:37:39.870115,328.67268055,474.45
P00258,2,ICU,admit,2026-02-13T07:16:23.947978,2026-02-13T07:16:23.947978,2026-02-13T09:50:57.547978,0.0,154.56
P00259,2,ED,admit,2026-02-13T07:17:37.764148,2026-02-13T12:47:15.939860,2026-02-13T18:40:00.939860,329.63626186666664,352.75
P00260,3,ED,admit,2026-02-13T07:19:51.717940,2026-02-13T13:01:45.413985,2026-02-13T17:40:31.613985,341.89493408333334,278.77
P00261,3,ED,admit,2026-02-13T07:19:55.998755,2026-02-13T13:05:31.268989,2026-02-13T17:14:46.268989,345.58783723333335,249.25
P00262,3,ED,admit,2026-02-13T07:21:49.527011,2026-02-13T13:14:28.361969,2026-02-13T17:30:28.961969,352.6472493,256.01
P00263,2,ED,admit,2026-02-13T07:22:12.167443,2026-02-13T13:20:04.495421,2026-02-13T18:45:33.895421,357.8721329666667,325.49
P00264,2,ED,admit,2026-02-13T07:23:57.786854,2026-02-13T13:20:25.212830,2026-02-13T19:16:31.812830,356.4570996,356.11
P00265,3,ED,admit,2026-02-13T07:24:01.733770,2026-02-13T13:23:31.172920,2026-02-13T18:09:48.572920,359.49065249999995,286.29
P00266,3,ED,admit,2026-02-13T07:25:02.185434,2026-02-13T13:26:35.109468,2026-02-13T18:20:14.109468,361.5487339,293.65
P00267,3,ED,admit,2026-02-13T07:25:22.661519,2026-02-13T13:37:34.114713,2026-02-13T18:25:47.914713,372.1908865666667,288.23
P00268,3,ED,admit,2026-02-13T07:26:15.954917,2026-02-13T13:54:56.491258,2026-02-13T18:55:07.891258,388.67560568333334,300.19
P00269,3,ED,admit,2026-02-13T07:28:01.035260,2026-02-13T14:07:01.475188,2026-02-13T18:49:42.275188,399.0073321333333,282.68
P00270,1,ED,admit,2026-02-13T07:31:13.567651,2026-02-13T14:14:22.707866,2026-02-13T21:53:47.907866,403.1523369166667,459.42
P00271,3,ED,admit,2026-02-13T07:32:53.116931,2026-02-13T14:23:34.259822,2026-02-13T18:51:54.659822,410.68571485,268.34
P00272,2,ED,admit,2026-02-13T07:33:36.770291,2026-02-13T14:24:36.640871,2026-02-13T20:12:48.640871,410.997843,348.2
P00273,3,ED,admit,2026-02-13T07:35:35.530741,2026-02-13T14:30:00.164313,2026-02-13T18:47:19.964313,414.4105595333333,257.33
P00274,3,ED,admit,2026-02-13T07:38:00.186945,2026-02-13T14:36:58.365587,2026-02-13T18:53:16.965587,418.96964403333334,256.31
P00275,2,ICU,admit,2026-02-13T07:38:57.140847,2026-02-13T07:38:57.140847,2026-02-13T10:54:44.540847,0.0,195.79
P00276,2,ED,admit,2026-02-13T07:39:11.021817,2026-02-13T14:37:08.889062,2026-02-13T20:40:56.289062,417.96445408333335,363.79
P00277,2,ED,admit,2026-02-13T07:43:23.694050,2026-02-13T14:44:32.102279,2026-02-13T21:31:57.902279,421.14013715,407.43
P00278,3,ED,admit,2026-02-13T07:45:58.073297,2026-02-13T14:49:04.154264,2026-02-13T19:42:14.954264,423.10134945000004,293.18
P00279,2,ICU,admit,2026-02-13T07:49:37.355984,2026-02-13T07:49:37.355984,2026-02-13T10:29:45.755984,0.0,160.14
P00280,3,ED,admit,2026-02-13T07:51:17.793806,2026-02-13T14:55:20.983914,2026-02-13T19:38:18.583914,424.05316846666665,282.96
P00281,3,ED,admit,2026-02-13T07:51:18.799637,2026-02-13T15:20:17.362017,2026-02-13T19:47:20.362017,448.9760396666667,267.05
P00282,2,ED,admit,2026-02-13T07:52:01.372128,2026-02-13T15:20:36.254088,2026-02-13T21:41:14.654088,448.581366,380.64
P00283,3,ED,admit,2026-02-13T07:57:05.800634,2026-02-13T15:27:21.633931,2026-02-13T20:13:28.833931,450.26388828333336,286.12
P00284,2,ED,admit,2026-02-13T07:57:21.088143,2026-02-13T15:28:23.334536,2026-02-13T21:44:11.334536,451.0374398833334,375.8
P00285,3,ED,admit,2026-02-13T07:57:25.910604,2026-02-13T15:29:34.980101,2026-02-13T20:28:48.180101,452.15115828333336,299.22
P00286,3,ED,admit,2026-02-13T08:03:18.644821,2026-02-13T15:42:57.650703,2026-02-13T19:59:29.450703,459.65009803333334,256.53
P00287,3,ED,admit,2026-02-13T08:06:22.045407,2026-02-13T15:43:02.123688,2026-02-13T20:24:30.323688,456.66797134999996,281.47
P00288,2,ED,admit,2026-02-13T08:14:59.103216,2026-02-13T15:43:38.073564,2026-02-13T21:40:14.073564,448.6495058,356.6
P00289,2,ED,admit,2026-02-13T08:15:03.575798,2026-02-13T15:56:21.868998,2026-02-13T21:12:09.868998,461.3048866666667,315.8
P00290,2,ICU,admit,2026-02-13T08:15:10.297029,2026-02-13T08:15:10.297029,2026-02-13T10:40:41.497029,0.0,145.52
P00291,1,ICU,admit,2026-02-13T08:18:51.007485,2026-02-13T08:18:51.007485,2026-02-13T13:32:24.007485,0.0,313.55
P00292,3,ED,admit,2026-02-13T08:22:08.474817,2026-02-13T15:58:59.044224,2026-02-13T20:19:23.044224,456.84282344999997,260.4
P00293,3,ED,admit,2026-02-13T08:23:39.255502,2026-02-13T15:59:22.511938,2026-02-13T20:54:56.111938,455.7209406,295.56
P00294,2,ED,admit,2026-02-13T08:30:55.120426,2026-02-13T15:59:50.842845,2026-02-13T21:35:52.642845,448.92870698333337,336.03
P00295,3,ED,admit,2026-02-13T08:31:36.485425,2026-02-13T16:04:42.971276,2026-02-13T20:47:17.171276,453.1080975166667,282.57
P00296,3,ED,admit,2026-02-13T08:32:16.174076,2026-02-13T16:12:44.762950,2026-02-13T20:38:40.562950,460.47648123333335,265.93
P00297,2,ED,admit,2026-02-13T08:35:50.443815,2026-02-13T16:15:21.943225,2026-02-13T23:03:27.343225,459.52499016666667,408.09
P00298,1,ICU,admit,2026-02-13T08:37:07.286290,2026-02-13T08:37:07.286290,2026-02-13T15:00:25.886290,0.0,383.31
P00299,1,ICU,admit,2026-02-13T08:38:34.704573,2026-02-13T08:38:34.704573,2026-02-13T14:22:24.504573,0.0,343.83
P00300,3,ED,admit,2026-02-13T08:39:35.618794,2026-02-13T16:34:44.866023,2026-02-13T21:30:30.466023,475.1541204833333,295.76
P00301,3,ED,admit,2026-02-13T08:46:11.636790,2026-02-13T16:40:38.092008,2026-02-13T21:01:19.492008,474.44092029999996,260.69
P00302,3,ED,admit,2026-02-13T08:49:28.224007,2026-02-13T16:46:30.321574,2026-02-13T21:10:35.721574,477.03495945000003,264.09
P00303,3,ED,admit,2026-02-13T08:51:27.749440,2026-02-13T16:48:46.385996,2026-02-13T20:55:13.985996,477.3106092666667,246.46
P00304,3,ED,admit,2026-02-13T08:51:56.303850,2026-02-13T16:54:51.321457,2026-02-13T21:31:02.121457,482.9169601166667,276.18
P00305,2,ED,admit,2026-02-13T08:55:27.301525,2026-02-13T16:57:01.841539,2026-02-13T22:25:30.641539,481.5756669,328.48
P00306,2,ED,admit,2026-02-13T08:56:01.513866,2026-02-13T17:12:04.032743,2026-02-13T23:08:07.632743,496.0419812833333,356.06
P00307,2,ED,admit,2026-02-13T08:56:21.128197,2026-02-13T17:14:17.439712,2026-02-13T23:10:21.039712,497.93852525,356.06
P00308,3,ED,admit,2026-02-13T08:56:23.306560,2026-02-13T17:14:46.268989,2026-02-13T21:41:43.268989,498.38270715,266.95
P00309,3,ED,admit,2026-02-13T08:56:50.625606,2026-02-13T17:30:28.961969,2026-02-13T21:54:28.961969,513.6389393833333,264.0
P00310,3,ED,admit,2026-02-13T08:57:58.243399,2026-02-13T17:34:59.360164,2026-02-13T22:42:55.760164,517.01861275,307.94
P00311,3,ED,admit,2026-02-13T08:58:53.451537,2026-02-13T17:40:31.613985,2026-02-13T21:55:14.213985,521.6360407999999,254.71
P00312,2,ED,admit,2026-02-13T09:00:39.561185,2026-02-13T17:51:45.856639,2026-02-14T00:16:15.256639,531.1049242333333,384.49
P00313,2,ED,admit,2026-02-13T09:02:07.479076,2026-02-13T17:53:58.553846,2026-02-13T23:49:36.353846,531.8512461666667,355.63
P00314,2,ED,admit,2026-02-13T09:05:20.766460,2026-02-13T17:56:46.678583,2026-02-14T00:57:01.078583,531.4318687166666,420.24
P00315,3,ED,admit,2026-02-13T09:09:36.220591,2026-02-13T18:09:48.572920,2026-02-13T22:38:34.172920,540.20587215,268.76
P00316,3,ED,admit,2026-02-13T09:11:29.426585,2026-02-13T18:09:50.994453,2026-02-13T23:05:30.594453,538.3594644666666,295.66
P00317,2,ED,admit,2026-02-13T09:11:34.956057,2026-02-13T18:20:14.109468,2026-02-14T00:51:44.109468,548.65255685,391.5
P00318,3,ED,admit,2026-02-13T09:11:37.241578,2026-02-13T18:25:47.914713,2026-02-13T23:33:56.914713,554.1778855833332,308.15
P00319,2,ED,admit,2026-02-13T09:13:00.356967,2026-02-13T18:26:04.010806,2026-02-14T00:00:46.610806,553.0608973166667,334.71
P00320,3,ED,admit,2026-02-13T09:15:44.965263,2026-02-13T18:40:00.939860,2026-02-13T23:16:24.339860,564.2662432833333,276.39
P00321,3,ED,admit,2026-02-13T09:16:39.273952,2026-02-13T18:45:33.895421,2026-02-13T23:27:12.895421,568.9103578166666,281.65
P00322,3,ED,admit,2026-02-13T09:18:51.766820,2026-02-13T18:47:19.964313,2026-02-13T23:54:22.364313,568.4699582166667,307.04
P00323,3,ED,admit,2026-02-13T09:19:06.953175,2026-02-13T18:49:42.275188,2026-02-13T23:44:29.075188,570.5887002166667,294.78
P00324,3,ED,admit,2026-02-13T09:19:16.142123,2026-02-13T18:51:54.659822,2026-02-13T23:27:18.659822,572.6419616500001,275.4
P00325,1,ED,admit,2026-02-13T09:22:39.201856,2026-02-13T18:53:16.965587,2026-02-14T02:44:18.765587,570.6293955166667,471.03
P00326,3,ED,admit,2026-02-13T09:23:54.363317,2026-02-13T18:55:07.891258,2026-02-13T23:51:00.091258,571.2254656833334,295.87
P00327,2,ED,admit,2026-02-13T09:28:47.886662,2026-02-13T19:16:31.812830,2026-02-14T02:30:22.212830,587.7321028,433.84
P00328,3,ED,admit,2026-02-13T09:29:39.456587,2026-02-13T19:38:18.583914,2026-02-14T00:17:08.383914,608.6521221166666,278.83
P00329,3,ED,admit,2026-02-13T09:30:43.911383,2026-02-13T19:42:14.954264,2026-02-14T00:43:31.154264,611.51738135,301.27
P00330,3,ED,admit,2026-02-13T09:31:53.979454,2026-02-13T19:47:20.362017,2026-02-14T00:23:08.362017,615.4397093833334,275.8
P00331,3,ED,admit,2026-02-13T09:32:11.471512,2026-02-13T19:59:29.450703,2026-02-14T01:08:58.250703,627.2996531833334,309.48
P00332,2,ICU,admit,2026-02-13T09:32:21.178911,2026-02-13T09:32:21.178911,2026-02-13T12:12:22.978911,0.0,160.03
P00333,3,ED,admit,2026-02-13T09:42:19.488365,2026-02-13T20:12:48.640871,2026-02-14T01:11:21.040871,630.4858750999999,298.54
P00334,2,ICU,admit,2026-02-13T09:45:22.684485,2026-02-13T09:45:22.684485,2026-02-13T12:00:40.684485,0.0,135.3
P00335,3,ED,admit,2026-02-13T09:49:14.175559,2026-02-13T20:13:28.833931,2026-02-14T01:04:27.033931,624.2443062,290.97
P00336,3,ED,admit,2026-02-13T09:49:41.421777,2026-02-13T20:19:23.044224,2026-02-14T01:17:11.644224,629.69370745,297.81
P00337,2,ED,admit,2026-02-13T09:50:27.119867,2026-02-13T20:24:30.323688,2026-02-14T03:24:45.923688,634.0533970166667,420.26
P00338,3,ED,admit,2026-02-13T09:51:40.899223,2026-02-13T20:28:48.180101,2026-02-14T00:58:03.180101,637.1213479666666,269.25
P00339,3,ED,admit,2026-02-13T09:52:51.734873,2026-02-13T20:37:39.870115,2026-02-14T01:48:39.870115,644.8022540333333,311.0
P00340,2,ED,admit,2026-02-13T09:53:16.126624,2026-02-13T20:38:40.562950,2026-02-14T03:54:08.762950,645.4072721,435.47
P00341,3,ED,admit,2026-02-13T09:56:29.047721,2026-02-13T20:40:56.289062,2026-02-14T01:28:37.689062,644.4540223500001,287.69
P00342,2,ED,admit,2026-02-13T09:56:47.823254,2026-02-13T20:47:17.171276,2026-02-14T03:44:53.171276,650.4891337,417.6
P00343,1,ED,admit,2026-02-13T09:58:13.324314,2026-02-13T20:54:56.111938,2026-02-14T05:17:24.311938,656.7131270666666,502.47
P00344,2,ED,admit,2026-02-13T09:59:24.570111,2026-02-13T20:55:13.985996,2026-02-14T04:11:27.785996,655.8235980833334,436.23
P00345,2,ICU,admit,2026-02-13T10:00:09.163674,2026-02-13T10:00:09.163674,2026-02-13T12:26:28.963674,0.0,146.33
P00346,3,ED,admit,2026-02-13T10:02:44.075277,2026-02-13T21:01:19.492008,2026-02-14T02:26:35.092008,658.59027885,325.26
P00347,3,ED,admit,2026-02-13T10:02:49.811274,2026-02-13T21:10:35.721574,2026-02-14T01:44:00.321574,667.7651716666667,273.41
P00348,2,ED,admit,2026-02-13T10:03:53.507897,2026-02-13T21:12:09.868998,2026-02-14T02:36:53.068998,668.2726850166667,324.72
P00349,3,ED,admit,2026-02-13T10:04:12.907277,2026-02-13T21:30:30.466023,2026-02-14T02:37:40.666023,686.2926457666667,307.17
P00350,2,ED,admit,2026-02-13T10:08:07.923878,2026-02-13T21:31:02.121457,2026-02-14T03:39:14.121457,682.9032929833334,368.2
P00351,3,ED,admit,2026-02-13T10:09:39.591301,2026-02-13T21:31:57.902279,2026-02-14T02:47:18.902279,682.3051829666667,315.35
P00352,3,ED,admit,2026-02-13T10:10:16.907577,2026-02-13T21:35:52.642845,2026-02-14T02:22:37.642845,685.5955878,286.75
P00353,3,ED,admit,2026-02-13T10:15:45.154723,2026-02-13T21:40:14.073564,2026-02-14T03:16:04.473564,684.4819806833333,335.84
P00354,2,ED,admit,2026-02-13T10:18:41.163899,2026-02-13T21:41:14.654088,2026-02-14T03:54:01.454088,682.5581698166666,372.78
P00355,3,ED,admit,2026-02-13T10:25:39.382056,2026-02-13T21:41:43.268989,2026-02-14T02:33:16.868989,676.0647822166667,291.56
P00356,2,ED,admit,2026-02-13T10:26:22.520697,2026-02-13T21:44:11.334536,2026-02-14T04:33:31.734536,677.8135639833333,409.34
P00357,3,ED,admit,2026-02-13T10:26:57.976414,2026-02-13T21:53:47.907866,2026-02-14T03:25:40.707866,686.8321908666666,331.88
P00358,2,ICU,admit,2026-02-13T10:33:44.589955,2026-02-13T10:33:44.589955,2026-02-13T13:00:04.989955,0.0,146.34
P00359,2,ED,admit,2026-02-13T10:35:27.105983,2026-02-13T21:54:28.961969,2026-02-14T05:18:14.561969,679.0309331000001,443.76
P00360,2,ED,admit,2026-02-13T10:38:04.756992,2026-02-13T21:55:14.213985,2026-02-14T04:34:23.213985,677.15761655,399.15
P00361,3,ED,admit,2026-02-13T10:38:32.466379,2026-02-13T22:25:30.641539,2026-02-14T03:23:41.441539,706.9695859999999,298.18
P00362,2,ICU,admit,2026-02-13T10:41:54.983397,2026-02-13T10:41:54.983397,2026-02-13T14:23:01.583397,0.0,221.11
P00363,3,ED,admit,2026-02-13T10:43:08.826306,2026-02-13T22:38:34.172920,2026-02-14T03:16:12.572920,715.4224435666667,277.64
P00364,3,ED,admit,2026-02-13T10:50:52.084828,2026-02-13T22:42:55.760164,2026-02-14T03:30:07.160164,712.0612556,287.19
P00365,2,ED,admit,2026-02-13T10:51:10.181036,2026-02-13T23:03:27.343225,2026-02-14T04:25:58.543225,732.2860364833334,322.52
P00366,3,ED,admit,2026-02-13T10:52:51.327174,2026-02-13T23:05:30.594453,2026-02-14T04:15:07.194453,732.65445465,309.61
P00367,2,ED,admit,2026-02-13T10:55:29.087992,2026-02-13T23:08:07.632743,2026-02-14T05:56:26.232743,732.6424125166667,408.31
P00368,3,ED,admit,2026-02-13T10:57:17.164840,2026-02-13T23:10:21.039712,2026-02-14T04:30:21.039712,733.0645812,320.0
P00369,1,ICU,admit,2026-02-13T10:58:54.171817,2026-02-13T10:58:54.171817,2026-02-13T16:39:25.371817,0.0,340.52
P00370,3,ED,admit,2026-02-13T10:59:44.780449,2026-02-13T23:16:24.339860,2026-02-14T04:36:29.139860,736.6593235166667,320.08
P00371,3,ED,admit,2026-02-13T11:00:10.015777,2026-02-13T23:27:12.895421,2026-02-14T04:17:32.695421,747.0479940666667,290.33
P00372,3,ED,admit,2026-02-13T11:01:47.864295,2026-02-13T23:27:18.659822,2026-02-14T04:37:14.459822,745.5132587833334,309.93
P00373,3,ED,admit,2026-02-13T11:03:49.961261,2026-02-13T23:33:56.914713,2026-02-14T04:38:05.314713,750.1158908666667,304.14
P00374,3,ED,admit,2026-02-13T11:05:20.536703,2026-02-13T23:44:29.075188,2026-02-14T04:26:13.475188,759.1423080833333,281.74
P00375,2,ICU,admit,2026-02-13T11:08:03.266066,2026-02-13T11:08:03.266066,2026-02-13T15:03:36.866066,0.0,235.56
P00376,1,ICU,admit,2026-02-13T11:09:41.007412,2026-02-13T11:09:41.007412,2026-02-13T15:40:36.807412,0.0,270.93
P00377,3,ED,admit,2026-02-13T11:09:44.136972,2026-02-13T23:49:36.353846,2026-02-14T04:25:59.753846,759.8702812333333,276.39
P00378,2,ED,admit,2026-02-13T11:11:07.161715,2026-02-13T23:51:00.091258,2026-02-14T06:13:06.091258,759.8821590499999,382.1
P00379,2,ED,admit,2026-02-13T11:12:02.708539,2026-02-13T23:54:22.364313,2026-02-14T05:23:25.364313,762.3275962333333,329.05
P00380,3,ED,admit,2026-02-13T11:17:34.359447,2026-02-14T00:00:46.610806,2026-02-14T05:26:49.010806,763.2041893166667,326.04
P00381,3,ED,admit,2026-02-13T11:19:20.460540,2026-02-14T00:16:15.256639,2026-02-14T05:30:36.256639,776.9132683166666,314.35
P00382,2,ED,admit,2026-02-13T11:23:44.827134,2026-02-14T00:17:08.383914,2026-02-14T07:25:33.583914,773.392613,428.42
P00383,2,ED,admit,2026-02-13T11:25:49.061085,2026-02-14T00:23:08.362017,2026-02-14T07:38:18.562017,777.3216821999999,435.17
P00384,2,ED,admit,2026-02-13T11:26:36.099594,2026-02-14T00:43:31.154264,2026-02-14T07:28:23.954264,796.9175778333333,404.88
P00385,2,ED,admit,2026-02-13T11:30:27.871234,2026-02-14T00:51:44.109468,2026-02-14T06:22:32.109468,801.2706372333333,330.8
P00386,2,ED,admit,2026-02-13T11:35:08.458353,2026-02-14T00:57:01.078583,2026-02-14T07:09:44.878583,801.8770038333333,372.73
P00387,2,ED,admit,2026-02-13T11:37:56.307542,2026-02-14T00:58:03.180101,2026-02-14T07:04:44.580101,800.1145426500001,366.69
P00388,2,ED,admit,2026-02-13T11:38:53.194906,2026-02-14T01:04:27.033931,2026-02-14T06:31:30.633931,805.56398375,327.06
P00389,3,ED,admit,2026-02-13T11:39:14.526054,2026-02-14T01:08:58.250703,2026-02-14T05:53:49.250703,809.72874415,284.85
P00390,3,ED,admit,2026-02-13T11:44:17.964567,2026-02-14T01:11:21.040871,2026-02-14T06:31:51.640871,807.0512717333334,320.51
P00391,3,ED,admit,2026-02-13T11:44:49.233919,2026-02-14T01:17:11.644224,2026-02-14T06:05:59.644224,812.3735050833333,288.8
P00392,3,ED,admit,2026-02-13T11:46:13.706699,2026-02-14T01:28:37.689062,2026-02-14T06:27:13.089062,822.3997060500001,298.59
P00393,2,ED,admit,2026-02-13T11:47:55.900034,2026-02-14T01:44:00.321574,2026-02-14T07:58:14.721574,836.0736923333334,374.24
P00394,3,ED,admit,2026-02-13T11:48:31.294960,2026-02-14T01:48:39.870115,2026-02-14T07:11:03.870115,840.14291925,322.4
P00395,1,ICU,admit,2026-02-13T11:48:48.388945,2026-02-13T11:48:48.388945,2026-02-13T17:03:37.588945,0.0,314.82
P00396,2,ED,admit,2026-02-13T11:50:02.284236,2026-02-14T02:22:37.642845,2026-02-14T09:49:11.242845,872.5893101500001,446.56
P00397,2,ED,admit,2026-02-13T11:50:26.362394,2026-02-14T02:26:35.092008,2026-02-14T08:47:51.292008,876.1454935666667,381.27
P00398,3,ED,admit,2026-02-13T11:52:38.299003,2026-02-14T02:30:22.212830,2026-02-14T07:25:59.412830,877.7318971166666,295.62
P00399,3,ED,admit,2026-02-13T11:59:23.931566,2026-02-14T02:33:16.868989,2026-02-14T08:02:54.068989,873.8822903833334,329.62
P00400,3,ED,admit,2026-02-13T11:59:26.304498,2026-02-14T02:36:53.068998,2026-02-14T08:14:23.668998,877.446075,337.51
P00401,2,ED,admit,2026-02-13T12:00:41.245156,2026-02-14T02:37:40.666023,2026-02-14T09:11:34.066023,876.9903477833334,393.89
P00402,2,ED,admit,2026-02-13T12:01:30.630620,2026-02-14T02:44:18.765587,2026-02-14T09:31:21.165587,882.80224945,407.04
P00403,3,ED,admit,2026-02-13T12:02:56.337437,2026-02-14T02:47:18.902279,2026-02-14T08:22:53.702279,884.3760807,335.58
P00404,3,ED,admit,2026-02-13T12:03:01.567035,2026-02-14T03:16:04.473564,2026-02-14T08:11:26.673564,913.04844215,295.37
P00405,3,ED,admit,2026-02-13T12:03:26.777279,2026-02-14T03:16:12.572920,2026-02-14T08:48:27.572920,912.7632606833333,332.25
P00406,2,ICU,admit,2026-02-13T12:07:22.918795,2026-02-13T12:07:22.918795,2026-02-13T15:49:00.718795,0.0,221.63
P00407,1,ICU,admit,2026-02-13T12:09:31.156209,2026-02-13T12:09:31.156209,2026-02-13T18:13:14.356209,0.0,363.72
P00408,3,ED,admit,2026-02-13T12:09:47.111780,2026-02-14T03:23:41.441539,2026-02-14T09:06:36.041539,913.9054959833334,342.91
P00409,3,ED,admit,2026-02-13T12:10:32.003524,2026-02-14T03:24:45.923688,2026-02-14T08:51:23.123688,914.2320027333334,326.62
P00410,2,ED,admit,2026-02-13T12:12:42.470056,2026-02-14T03:25:40.707866,2026-02-14T10:38:25.107866,912.9706301666666,432.74
P00411,3,ED,admit,2026-02-13T12:13:42.749712,2026-02-14T03:30:07.160164,2026-02-14T08:45:11.360164,916.4068408666666,315.07
P00412,3,ED,admit,2026-02-13T12:16:16.725933,2026-02-14T03:39:14.121457,2026-02-14T09:08:51.321457,922.9565920666666,329.62
P00413,3,ED,admit,2026-02-13T12:16:34.785189,2026-02-14T03:44:53.171276,2026-02-14T09:37:30.971276,928.3064347833333,352.63
P00414,2,ED,admit,2026-02-13T12:19:22.915953,2026-02-14T03:54:01.454088,2026-02-14T10:42:00.254088,934.6423022500001,407.98
P00415,2,ED,admit,2026-02-13T12:21:59.302305,2026-02-14T03:54:08.762950,2026-02-14T10:04:24.962950,932.1576774166666,370.27
P00416,1,ED,admit,2026-02-13T12:22:29.003988,2026-02-14T04:11:27.785996,2026-02-14T14:54:33.785996,948.9797001333334,643.1
P00417,2,ED,admit,2026-02-13T12:25:33.524642,2026-02-14T04:15:07.194453,2026-02-14T10:11:29.994453,949.5611635166666,356.38
P00418,3,ED,admit,2026-02-13T12:28:27.196478,2026-02-14T04:17:32.695421,2026-02-14T10:13:42.295421,949.09164905,356.16
P00419,3,ED,admit,2026-02-13T12:32:29.357703,2026-02-14T04:25:58.543225,2026-02-14T10:23:10.543225,953.4864253666667,357.2
P00420,1,ICU,admit,2026-02-13T12:33:07.663340,2026-02-13T12:33:07.663340,2026-02-13T18:38:40.063340,0.0,365.54
P00421,2,ED,admit,2026-02-13T12:37:10.334633,2026-02-14T04:25:59.753846,2026-02-14T12:14:30.353846,948.82365355,468.51
P00422,3,ED,admit,2026-02-13T12:38:05.151622,2026-02-14T04:26:13.475188,2026-02-14T10:06:55.475188,948.1387261,340.7
P00423,2,ED,admit,2026-02-13T12:40:43.953681,2026-02-14T04:30:21.039712,2026-02-14T10:59:34.839712,949.6181005166667,389.23
P00424,3,ED,admit,2026-02-13T12:42:22.950026,2026-02-14T04:33:31.734536,2026-02-14T10:25:54.534536,951.1464085,352.38
P00425,3,ED,admit,2026-02-13T12:42:55.971855,2026-02-14T04:34:23.213985,2026-02-14T10:39:53.213985,951.4540355,365.5
P00426,2,ICU,admit,2026-02-13T12:43:55.915094,2026-02-13T12:43:55.915094,2026-02-13T16:07:29.515094,0.0,203.56
P00427,3,ED,admit,2026-02-13T12:49:34.273723,2026-02-14T04:36:29.139860,2026-02-14T09:52:24.939860,946.9144356166667,315.93
P00428,1,ICU,admit,2026-02-13T12:49:52.472773,2026-02-13T12:49:52.472773,2026-02-13T17:22:45.872773,0.0,272.89
P00429,3,ED,admit,2026-02-13T12:51:08.445195,2026-02-14T04:37:14.459822,2026-02-14T10:33:01.259822,946.1002437833333,355.78
P00430,3,ED,admit,2026-02-13T12:51:18.732771,2026-02-14T04:38:05.314713,2026-02-14T10:13:42.514713,946.7763656999999,335.62
P00431,2,ED,admit,2026-02-13T12:51:43.881041,2026-02-14T05:17:24.311938,2026-02-14T13:14:53.711938,985.6738482833333,477.49
P00432,2,ED,admit,2026-02-13T12:52:24.110938,2026-02-14T05:18:14.561969,2026-02-14T13:12:05.561969,985.8408505166666,473.85
P00433,2,ED,admit,2026-02-13T12:52:39.200108,2026-02-14T05:23:25.364313,2026-02-14T13:07:11.564313,990.7694034166667,463.77
P00434,3,ED,admit,2026-02-13T12:59:41.194119,2026-02-14T05:26:49.010806,2026-02-14T10:44:24.410806,987.1302781166667,317.59
P00435,3,ED,admit,2026-02-13T13:03:32.488925,2026-02-14T05:30:36.256639,2026-02-14T11:34:00.856639,987.0627952333333,363.41
P00436,1,ICU,admit,2026-02-13T13:04:06.338441,2026-02-13T13:04:06.338441,2026-02-13T18:29:38.738441,0.0,325.54
P00437,2,ICU,admit,2026-02-13T13:06:16.470807,2026-02-13T13:06:16.470807,2026-02-13T15:49:29.670807,0.0,163.22
P00438,3,ED,admit,2026-02-13T13:07:44.796744,2026-02-14T05:53:49.250703,2026-02-14T11:38:46.250703,1006.07423265,344.95
P00439,3,ED,admit,2026-02-13T13:12:59.500674,2026-02-14T05:56:26.232743,2026-02-14T11:56:29.232743,1003.4455344833333,360.05
P00440,3,ED,admit,2026-02-13T13:16:07.517726,2026-02-14T06:05:59.644224,2026-02-14T12:02:11.644224,1009.8687749666666,356.2
P00441,3,ED,admit,2026-02-13T13:16:27.096556,2026-02-14T06:13:06.091258,2026-02-14T12:12:49.291258,1016.6499117000001,359.72
P00442,3,ED,admit,2026-02-13T13:16:53.468986,2026-02-14T06:22:32.109468,2026-02-14T12:16:28.509468,1025.6440080333334,353.94
P00443,3,ED,admit,2026-02-13T13:17:11.204692,2026-02-14T06:27:13.089062,2026-02-14T12:29:54.489062,1030.0314061666666,362.69
P00444,3,ED,admit,2026-02-13T13:30:15.876819,2026-02-14T06:31:30.633931,2026-02-14T11:36:37.233931,1021.2459518666667,305.11
P00445,3,ED,admit,2026-02-13T13:30:52.608171,2026-02-14T06:31:51.640871,2026-02-14T12:25:44.440871,1020.9838783333333,353.88
P00446,3,ED,admit,2026-02-13T13:31:35.600458,2026-02-14T07:04:44.580101,2026-02-14T12:50:42.180101,1053.1496607166666,345.96
P00447,3,ED,admit,2026-02-13T13:31:52.902407,2026-02-14T07:09:44.878583,2026-02-14T12:26:25.678583,1057.8662696,316.68
P00448,3,ED,admit,2026-02-13T13:34:23.541265,2026-02-14T07:11:03.870115,2026-02-14T13:19:36.870115,1056.6721475,368.55
P00449,3,ED,admit,2026-02-13T13:35:14.678383,2026-02-14T07:25:33.583914,2026-02-14T12:56:26.983914,1070.3150921833333,330.89
P00450,3,ED,admit,2026-02-13T13:36:18.961480,2026-02-14T07:25:59.412830,2026-02-14T13:00:33.012830,1069.6741891666668,334.56
P00451,3,ED,admit,2026-02-13T13:37:39.710924,2026-02-14T07:28:23.954264,2026-02-14T13:06:36.554264,1070.7373890000001,338.21
P00452,3,ED,admit,2026-02-13T13:38:28.065590,2026-02-14T07:38:18.562017,2026-02-14T13:12:10.162017,1079.8416071166666,333.86
P00453,3,ED,admit,2026-02-13T13:39:56.470001,2026-02-14T07:58:14.721574,2026-02-14T13:42:38.121574,1098.3041928833334,344.39
P00454,2,ED,admit,2026-02-13T13:43:20.911399,2026-02-14T08:02:54.068989,2026-02-14T15:33:22.268989,1099.5526265,450.47
P00455,2,ED,admit,2026-02-13T13:43:44.466301,2026-02-14T08:11:26.673564,2026-02-14T15:02:35.673564,1107.7034543833333,411.15
P00456,3,ED,admit,2026-02-13T13:44:03.096472,2026-02-14T08:14:23.668998,2026-02-14T14:13:42.268998,1110.3428754333333,359.31
P00457,3,ED,admit,2026-02-13T13:46:23.594863,2026-02-14T08:22:53.702279,2026-02-14T13:57:24.902279,1116.5017902666666,334.52
P00458,3,ED,admit,2026-02-13T13:46:26.023169,2026-02-14T08:45:11.360164,2026-02-14T15:01:55.160164,1138.7556165833334,376.73
P00459,3,ED,admit,2026-02-13T13:50:22.704695,2026-02-14T08:47:51.292008,2026-02-14T14:21:39.892008,1137.4764552166666,333.81
P00460,2,ED,admit,2026-02-13T13:51:29.565732,2026-02-14T08:48:27.572920,2026-02-14T16:27:34.772920,1136.9667864666667,459.12
P00461,1,ED,admit,2026-02-13T13:52:13.466519,2026-02-14T08:51:23.123688,2026-02-14T17:27:55.523688,1139.1609528166666,516.54
P00462,2,ED,admit,2026-02-13T13:58:32.776442,2026-02-14T09:06:36.041539,2026-02-14T17:16:07.841539,1148.0544182833332,489.53
P00463,2,ED,admit,2026-02-13T14:00:20.847146,2026-02-14T09:08:51.321457,2026-02-14T17:20:20.121457,1148.5079051833334,491.48
P00464,2,ED,admit,2026-02-13T14:01:58.774293,2026-02-14T09:11:34.066023,2026-02-14T17:12:10.066023,1149.5881955,480.6
P00465,3,ED,admit,2026-02-13T14:04:43.032728,2026-02-14T09:31:21.165587,2026-02-14T15:26:40.965587,1166.63554765,355.33
P00466,2,ED,admit,2026-02-13T14:05:06.453464,2026-02-14T09:37:30.971276,2026-02-14T17:23:47.771276,1172.4086302,466.28
P00467,2,ED,admit,2026-02-13T14:06:37.509116,2026-02-14T09:49:11.242845,2026-02-14T16:19:06.442845,1182.5622288166667,389.92
P00468,3,ED,admit,2026-02-13T14:08:05.293460,2026-02-14T09:52:24.939860,2026-02-14T15:54:37.539860,1184.32744,362.21
P00469,3,ED,admit,2026-02-13T14:08:59.186495,2026-02-14T10:04:24.962950,2026-02-14T16:22:30.962950,1195.4296075833333,378.1
P00470,1,ICU,admit,2026-02-13T14:09:12.364615,2026-02-13T14:09:12.364615,2026-02-13T18:41:35.764615,0.0,272.39
P00471,2,ED,admit,2026-02-13T14:12:02.096783,2026-02-14T10:06:55.475188,2026-02-14T17:34:33.875188,1194.8896400833332,447.64
P00472,3,ED,admit,2026-02-13T14:13:13.685593,2026-02-14T10:11:29.994453,2026-02-14T16:05:54.594453,1198.2718143333334,354.41
P00473,2,ED,admit,2026-02-13T14:15:15.531967,2026-02-14T10:13:42.295421,2026-02-14T17:52:07.495421,1198.4460575666667,458.42
P00474,2,ED,admit,2026-02-13T14:15:24.239006,2026-02-14T10:13:42.514713,2026-02-14T17:37:38.914713,1198.3045951166666,443.94
P00475,2,ED,admit,2026-02-13T14:15:25.366474,2026-02-14T10:23:10.543225,2026-02-14T18:23:02.743225,1207.75294585,479.87
P00476,3,ED,admit,2026-02-13T14:24:00.679728,2026-02-14T10:25:54.534536,2026-02-14T15:57:20.934536,1201.8975801333333,331.44
P00477,3,ED,admit,2026-02-13T14:24:02.877219,2026-02-14T10:33:01.259822,2026-02-14T16:31:25.259822,1208.9730433833333,358.4
P00478,3,ED,admit,2026-02-13T14:24:18.621620,2026-02-14T10:38:25.107866,2026-02-14T16:24:05.907866,1214.1081041,345.68
P00479,3,ED,admit,2026-02-13T14:25:38.664523,2026-02-14T10:39:53.213985,2026-02-14T17:12:20.213985,1214.2424910333332,392.45
P00480,3,ED,admit,2026-02-13T14:27:26.380868,2026-02-14T10:42:00.254088,2026-02-14T16:46:02.054088,1214.5645536666666,364.03
P00481,2,ED,admit,2026-02-13T14:34:56.043746,2026-02-14T10:44:24.410806,2026-02-14T17:29:16.010806,1209.4727843333335,404.86
P00482,1,ED,admit,2026-02-13T14:36:27.814817,2026-02-14T10:59:34.839712,2026-02-14T20:00:52.839712,1223.1170815833332,541.3
P00483,2,ED,admit,2026-02-13T14:36:43.119743,2026-02-14T11:34:00.856639,2026-02-14T19:48:05.656639,1257.2956149333334,494.08
P00484,3,ED,admit,2026-02-13T14:36:54.329929,2026-02-14T11:36:37.233931,2026-02-14T17:37:47.433931,1259.7150666999999,361.17
P00485,3,ED,admit,2026-02-13T14:37:01.929041,2026-02-14T11:38:46.250703,2026-02-14T17:29:21.050703,1261.7386943666668,350.58
P00486,3,ED,admit,2026-02-13T14:43:38.904307,2026-02-14T11:56:29.232743,2026-02-14T17:36:50.832743,1272.8388072666667,340.36
P00487,2,ED,admit,2026-02-13T14:47:06.465610,2026-02-14T12:02:11.644224,2026-02-14T18:47:56.044224,1275.0863102333335,405.74
P00488,3,ED,admit,2026-02-13T14:51:36.853820,2026-02-14T12:12:49.291258,2026-02-14T18:36:25.291258,1281.2072906333333,383.6
P00489,3,ED,admit,2026-02-13T14:53:11.597080,2026-02-14T12:14:30.353846,2026-02-14T17:49:02.753846,1281.3126127666667,334.54
P00490,3,ED,admit,2026-02-13T14:56:42.794064,2026-02-14T12:16:28.509468,2026-02-14T18:16:03.309468,1279.7619234000001,359.58
P00491,2,ED,admit,2026-02-13T14:57:12.205030,2026-02-14T12:25:44.440871,2026-02-14T19:41:57.640871,1288.5372640166668,436.22
P00492,2,ED,admit,2026-02-13T15:03:12.344737,2026-02-14T12:26:25.678583,2026-02-14T20:28:41.878583,1283.2222307666666,482.27
P00493,2,ED,admit,2026-02-13T15:04:26.115313,2026-02-14T12:29:54.489062,2026-02-14T20:36:10.689062,1285.4728958166668,486.27
P00494,1,ED,admit,2026-02-13T15:05:08.508140,2026-02-14T12:50:42.180101,2026-02-14T23:04:31.380101,1305.56119935,613.82
P00495,2,ED,admit,2026-02-13T15:07:37.708199,2026-02-14T12:56:26.983914,2026-02-14T21:02:59.983914,1308.8212619166666,486.55
P00496,3,ED,admit,2026-02-13T15:08:17.179194,2026-02-14T13:00:33.012830,2026-02-14T18:55:31.812830,1312.2638939333333,354.98
P00497,2,ED,admit,2026-02-13T15:12:25.438753,2026-02-14T13:06:36.554264,2026-02-14T20:26:38.354264,1314.1852585166666,440.03
P00498,2,ICU,admit,2026-02-13T15:13:23.022971,2026-02-13T15:13:23.022971,2026-02-13T18:08:57.222971,0.0,175.57
P00499,3,ED,admit,2026-02-13T15:14:59.407504,2026-02-14T13:07:11.564313,2026-02-14T18:26:50.564313,1312.2026134833332,319.65
P00500,2,ICU,admit,2026-02-13T15:20:18.472235,2026-02-13T15:20:18.472235,2026-02-13T18:22:01.672235,0.0,181.72
P00501,3,ED,admit,2026-02-13T15:22:27.386021,2026-02-14T13:12:05.561969,2026-02-14T18:48:06.761969,1309.6362658,336.02
P00502,1,ICU,admit,2026-02-13T15:25:32.762895,2026-02-13T15:25:32.762895,2026-02-13T21:56:37.562895,0.0,391.08
P00503,2,ED,admit,2026-02-13T15:28:20.785357,2026-02-14T13:12:10.162017,2026-02-14T19:32:01.162017,1303.8229443333332,379.85
P00504,3,ED,admit,2026-02-13T15:29:35.935707,2026-02-14T13:14:53.711938,2026-02-14T19:06:59.711938,1305.2962705166667,352.1
P00505,1,ED,admit,2026-02-13T15:32:10.359174,2026-02-14T13:19:36.870115,2026-02-14T22:29:17.070115,1307.4418490166668,549.67
P00506,3,ED,admit,2026-02-13T15:32:12.902281,2026-02-14T13:42:38.121574,2026-02-14T19:22:27.321574,1330.42032155,339.82
P00507,2,ED,admit,2026-02-13T15:32:13.622648,2026-02-14T13:57:24.902279,2026-02-14T21:46:37.502279,1345.1879938499999,469.21
P00508,3,ED,admit,2026-02-13T15:34:49.174952,2026-02-14T14:13:42.268998,2026-02-14T20:37:42.268998,1358.8849007666665,384.0
P00509,1,ED,admit,2026-02-13T15:35:59.758023,2026-02-14T14:21:39.892008,2026-02-15T01:52:16.492008,1365.6688997499998,690.61
P00510,2,ED,admit,2026-02-13T15:36:01.746417,2026-02-14T14:54:33.785996,2026-02-14T22:28:48.185996,1398.5339929833333,454.24
P00511,2,ICU,admit,2026-02-13T15:37:23.770253,2026-02-13T15:37:23.770253,2026-02-13T17:41:59.770253,0.0,124.6
P00512,2,ICU,admit,2026-02-13T15:42:36.400126,2026-02-13T15:42:36.400126,2026-02-13T18:31:29.200126,0.0,168.88
P00513,3,ED,admit,2026-02-13T15:43:46.609288,2026-02-14T15:01:55.160164,2026-02-14T21:17:04.160164,1398.1425146,375.15
P00514,2,ED,admit,2026-02-13T15:43:53.923732,2026-02-14T15:02:35.673564,2026-02-14T21:46:50.673564,1398.6958305333333,404.25
P00515,3,ED,admit,2026-02-13T15:45:53.086007,2026-02-14T15:26:40.965587,2026-02-14T21:20:51.165587,1420.797993,354.17
P00516,3,ED,admit,2026-02-13T15:46:31.052655,2026-02-14T15:33:22.268989,2026-02-14T21:55:38.468989,1426.8536055666666,382.27
P00517,2,ED,admit,2026-02-13T15:48:06.223975,2026-02-14T15:54:37.539860,2026-02-14T23:18:12.339860,1446.5219314166668,443.58
P00518,1,ED,admit,2026-02-13T15:51:09.819966,2026-02-14T15:57:20.934536,2026-02-15T00:55:27.534536,1446.1852428333334,538.11
P00519,1,ED,admit,2026-02-13T15:51:53.860730,2026-02-14T16:05:54.594453,2026-02-15T00:55:13.794453,1454.0122287166666,529.32
P00520,3,ED,admit,2026-02-13T15:53:18.547527,2026-02-14T16:19:06.442845,2026-02-14T22:09:53.242845,1465.7982553,350.78
P00521,3,ED,admit,2026-02-13T15:53:47.511098,2026-02-14T16:22:30.962950,2026-02-14T23:11:52.562950,1468.7241975333334,409.36
P00522,2,ED,admit,2026-02-13T15:56:22.026120,2026-02-14T16:24:05.907866,2026-02-15T00:54:22.707866,1467.7313624333333,510.28
P00523,3,ED,admit,2026-02-13T16:01:09.274869,2026-02-14T16:27:34.772920,2026-02-14T22:46:49.172920,1466.4249675166668,379.24
P00524,3,ED,admit,2026-02-13T16:07:29.436323,2026-02-14T16:31:25.259822,2026-02-14T23:08:46.259822,1463.93039165,397.35
P00525,3,ED,admit,2026-02-13T16:15:08.643772,2026-02-14T16:46:02.054088,2026-02-14T22:30:00.254088,1470.8901719333332,343.97
P00526,3,ED,admit,2026-02-13T16:15:09.747912,2026-02-14T17:12:10.066023,2026-02-14T23:35:43.066023,1497.00530185,383.55
P00527,3,ED,admit,2026-02-13T16:15:39.014114,2026-02-14T17:12:20.213985,2026-02-14T22:58:38.813985,1496.6866645166667,346.31
P00528,2,ED,admit,2026-02-13T16:15:52.869262,2026-02-14T17:16:07.841539,2026-02-15T01:31:25.241539,1500.2495379499999,495.29
P00529,1,ICU,admit,2026-02-13T16:18:47.148707,2026-02-13T16:18:47.148707,2026-02-13T22:07:42.948707,0.0,348.93
P00530,2,ED,admit,2026-02-13T16:19:10.507451,2026-02-14T17:20:20.121457,2026-02-15T01:12:38.121457,1501.1602334333334,472.3
P00531,2,ED,admit,2026-02-13T16:20:17.296833,2026-02-14T17:23:47.771276,2026-02-15T00:23:11.771276,1503.5079073833333,419.4
P00532,3,ED,admit,2026-02-13T16:20:43.211159,2026-02-14T17:27:55.523688,2026-02-15T00:05:12.923688,1507.2052088166668,397.29
P00533,3,ED,admit,2026-02-13T16:22:52.486414,2026-02-14T17:29:16.010806,2026-02-14T23:41:40.010806,1506.3920732000001,372.4
P00534,2,ED,admit,2026-02-13T16:23:26.193034,2026-02-14T17:29:21.050703,2026-02-15T01:46:53.450703,1505.9142944833334,497.54
P00535,3,ED,admit,2026-02-13T16:23:49.596007,2026-02-14T17:34:33.875188,2026-02-14T23:47:17.075188,1510.73798635,372.72
P00536,3,ED,admit,2026-02-13T16:27:55.138431,2026-02-14T17:36:50.832743,2026-02-15T00:02:22.032743,1508.9282385333333,385.52
P00537,2,ED,admit,2026-02-13T16:28:39.317077,2026-02-14T17:37:38.914713,2026-02-15T00:42:43.114713,1508.9932939333335,425.07
P00538,3,ED,admit,2026-02-13T16:29:30.658924,2026-02-14T17:37:47.433931,2026-02-15T00:38:28.833931,1508.27958345,420.69
P00539,3,ED,admit,2026-02-13T16:31:26.265181,2026-02-14T17:49:02.753846,2026-02-15T00:38:05.753846,1517.6081444166666,409.05
P00540,2,ED,admit,2026-02-13T16:31:34.338597,2026-02-14T17:52:07.495421,2026-02-15T02:24:47.695421,1520.5526137333334,512.67
P00541,3,ED,admit,2026-02-13T16:31:56.686450,2026-02-14T18:16:03.309468,2026-02-15T00:43:03.309468,1544.1103836333334,387.0
P00542,3,ED,admit,2026-02-13T16:34:17.132881,2026-02-14T18:23:02.743225,2026-02-15T00:56:36.943225,1548.7601724,393.57
P00543,2,ED,admit,2026-02-13T16:38:43.618412,2026-02-14T18:26:50.564313,2026-02-15T01:49:53.564313,1548.1157650166667,443.05
P00544,1,ED,admit,2026-02-13T16:38:52.332274,2026-02-14T18:36:25.291258,2026-02-15T04:05:58.891258,1557.5493164,569.56
P00545,2,ED,admit,2026-02-13T16:41:39.590070,2026-02-14T18:47:56.044224,2026-02-15T02:11:51.844224,1566.2742359000001,443.93
P00546,3,ED,admit,2026-02-13T16:42:30.197780,2026-02-14T18:48:06.761969,2026-02-15T01:45:15.761969,1565.60940315,417.15
P00547,3,ED,admit,2026-02-13T16:43:30.257752,2026-02-14T18:55:31.812830,2026-02-15T01:27:04.812830,1572.0259179666668,391.55
P00548,2,ICU,admit,2026-02-13T16:43:57.795209,2026-02-13T16:43:57.795209,2026-02-13T18:44:13.395209,0.0,120.26
P00549,3,ED,admit,2026-02-13T16:44:34.935095,2026-02-14T19:06:59.711938,2026-02-15T02:18:28.511938,1582.4129473833334,431.48
P00550,1,ICU,admit,2026-02-13T16:46:05.596171,2026-02-13T16:46:05.596171,2026-02-13T23:45:09.196171,0.0,419.06
P00551,3,ED,admit,2026-02-13T16:47:11.734500,2026-02-14T19:22:27.321574,2026-02-15T02:31:59.121574,1595.2597845666667,429.53
P00552,3,ED,admit,2026-02-13T16:48:48.453410,2026-02-14T19:32:01.162017,2026-02-15T02:27:11.962017,1603.2118101166666,415.18
P00553,2,ED,admit,2026-02-13T16:49:02.692386,2026-02-14T19:41:57.640871,2026-02-15T04:18:42.640871,1612.9158080833333,516.75
P00554,3,ED,admit,2026-02-13T16:49:13.172998,2026-02-14T19:48:05.656639,2026-02-15T02:50:27.256639,1618.87472735,422.36
P00555,3,ED,admit,2026-02-13T16:50:09.566410,2026-02-14T20:00:52.839712,2026-02-15T03:18:39.039712,1630.7212217000001,437.77
P00556,3,ED,admit,2026-02-13T16:50:36.439177,2026-02-14T20:26:38.354264,2026-02-15T03:47:31.754264,1656.0319181166667,440.89
P00557,2,ICU,admit,2026-02-13T16:53:19.510636,2026-02-13T16:53:19.510636,2026-02-13T20:49:06.910636,0.0,235.79
P00558,3,ED,admit,2026-02-13T16:54:40.372867,2026-02-14T20:28:41.878583,2026-02-15T02:59:15.478583,1654.0250952666668,390.56
P00559,3,ED,admit,2026-02-13T16:59:22.612455,2026-02-14T20:36:10.689062,2026-02-15T03:13:02.289062,1656.8012767833332,396.86
P00560,2,ED,admit,2026-02-13T16:59:37.158090,2026-02-14T20:37:42.268998,2026-02-15T05:32:14.668998,1658.0851818,534.54
P00561,2,ED,admit,2026-02-13T17:00:54.646256,2026-02-14T21:02:59.983914,2026-02-15T05:30:38.383914,1682.0889609666667,507.64
P00562,2,ED,admit,2026-02-13T17:03:58.502209,2026-02-14T21:17:04.160164,2026-02-15T06:32:09.560164,1693.09429925,555.09
P00563,3,ED,admit,2026-02-13T17:04:46.773814,2026-02-14T21:20:51.165587,2026-02-15T04:57:12.165587,1696.0731962166667,456.35
P00564,2,ED,admit,2026-02-13T17:05:44.728645,2026-02-14T21:46:37.502279,2026-02-15T06:23:15.902279,1720.8795605666667,516.64
P00565,3,ED,admit,2026-02-13T17:08:36.012405,2026-02-14T21:46:50.673564,2026-02-15T04:34:40.473564,1718.2443526499999,407.83
P00566,3,ED,admit,2026-02-13T17:12:23.411464,2026-02-14T21:55:38.468989,2026-02-15T05:22:45.668989,1723.2509587499999,447.12
P00567,2,ED,admit,2026-02-13T17:17:12.876411,2026-02-14T22:09:53.242845,2026-02-15T06:12:55.042845,1732.6727739,483.03
P00568,3,ED,admit,2026-02-13T17:17:54.140763,2026-02-14T22:28:48.185996,2026-02-15T05:39:33.785996,1750.9007538833332,430.76
P00569,3,ED,admit,2026-02-13T17:18:38.868272,2026-02-14T22:29:17.070115,2026-02-15T05:28:22.470115,1750.6366973833333,419.09
P00570,3,ED,admit,2026-02-13T17:19:44.092235,2026-02-14T22:30:00.254088,2026-02-15T05:19:33.254088,1750.2693642166666,409.55
P00571,3,ED,admit,2026-02-13T17:20:18.127078,2026-02-14T22:46:49.172920,2026-02-15T05:57:27.572920,1766.5174307000002,430.64
P00572,2,ED,admit,2026-02-13T17:20:48.051455,2026-02-14T22:58:38.813985,2026-02-15T06:47:59.213985,1777.8460421666668,469.34
P00573,3,ED,admit,2026-02-13T17:26:13.909337,2026-02-14T23:04:31.380101,2026-02-15T06:51:34.980101,1778.2911794,467.06
P00574,3,ED,admit,2026-02-13T17:27:11.379373,2026-02-14T23:08:46.259822,2026-02-15T06:17:30.059822,1781.5813408166666,428.73
P00575,2,ED,admit,2026-02-13T17:29:30.994593,2026-02-14T23:11:52.562950,2026-02-15T07:15:16.562950,1782.3594726166666,483.4
P00576,3,ED,admit,2026-02-13T17:31:08.403810,2026-02-14T23:18:12.339860,2026-02-15T06:15:53.739860,1787.0656008333333,417.69
P00577,3,ED,admit,2026-02-13T17:31:09.754090,2026-02-14T23:35:43.066023,2026-02-15T06:44:05.266023,1804.5551988833333,428.37
P00578,3,ED,admit,2026-02-13T17:32:17.956184,2026-02-14T23:41:40.010806,2026-02-15T07:17:22.010806,1809.3675770333332,455.7
P00579,2,ICU,admit,2026-02-13T17:32:32.519399,2026-02-13T17:32:32.519399,2026-02-13T19:47:25.319399,0.0,134.88
P00580,3,ED,admit,2026-02-13T17:34:03.511367,2026-02-14T23:47:17.075188,2026-02-15T06:45:08.675188,1813.2260636833335,417.86
P00581,2,ED,admit,2026-02-13T17:34:55.300325,2026-02-15T00:02:22.032743,2026-02-15T08:14:02.232743,1827.4455403,491.67
P00582,3,ED,admit,2026-02-13T17:35:07.355893,2026-02-15T00:05:12.923688,2026-02-15T07:49:03.323688,1830.0927965833332,463.84
P00583,3,ED,admit,2026-02-13T17:38:54.487863,2026-02-15T00:23:11.771276,2026-02-15T07:38:03.971276,1844.2880568833332,434.87
P00584,1,ICU,admit,2026-02-13T17:46:32.866772,2026-02-13T17:46:32.866772,2026-02-13T22:01:59.866772,0.0,255.45
P00585,3,ED,admit,2026-02-13T17:46:33.527548,2026-02-15T00:38:05.753846,2026-02-15T07:42:00.953846,1851.5371049666667,423.92
P00586,2,ICU,admit,2026-02-13T17:46:57.630627,2026-02-13T17:46:57.630627,2026-02-13T20:05:39.030627,0.0,138.69
P00587,3,ED,admit,2026-02-13T17:48:02.319183,2026-02-15T00:38:28.833931,2026-02-15T08:21:52.233931,1850.4419124666667,463.39
P00588,3,ED,admit,2026-02-13T17:51:39.737895,2026-02-15T00:42:43.114713,2026-02-15T08:12:16.714713,1851.0562803,449.56
P00589,2,ED,admit,2026-02-13T17:53:17.663548,2026-02-15T00:43:03.309468,2026-02-15T09:48:57.309468,1849.7607653333332,545.9
P00590,1,ICU,admit,2026-02-13T17:53:52.784434,2026-02-13T17:53:52.784434,2026-02-14T00:36:10.784434,0.0,402.3
P00591,3,ED,admit,2026-02-13T17:56:53.690581,2026-02-15T00:54:22.707866,2026-02-15T08:25:02.907866,1857.4836214166667,450.67
P00592,2,ICU,admit,2026-02-13T17:57:13.977839,2026-02-13T17:57:13.977839,2026-02-13T21:31:12.177839,0.0,213.97
P00593,2,ED,admit,2026-02-13T17:58:30.242019,2026-02-15T00:55:13.794453,2026-02-15T10:27:10.194453,1856.7258739,571.94
P00594,3,ED,admit,2026-02-13T18:03:13.116279,2026-02-15T00:55:27.534536,2026-02-15T08:33:45.534536,1852.2403042833332,458.3
P00595,2,ED,admit,2026-02-13T18:03:31.303862,2026-02-15T00:56:36.943225,2026-02-15T10:16:58.543225,1853.0939893833333,560.36
P00596,3,ED,admit,2026-02-13T18:04:32.834006,2026-02-15T01:12:38.121457,2026-02-15T08:34:53.121457,1868.0881241833333,442.25
P00597,3,ED,admit,2026-02-13T18:10:21.108487,2026-02-15T01:27:04.812830,2026-02-15T08:57:24.012830,1876.7284057166667,450.32
P00598,2,ED,admit,2026-02-13T18:12:03.806311,2026-02-15T01:31:25.241539,2026-02-15T10:39:42.641539,1879.3572538,548.29
P00599,1,ICU,admit,2026-02-13T18:13:40.220708,2026-02-13T18:13:40.220708,2026-02-14T00:31:22.820708,0.0,377.71
P00600,3,ED,admit,2026-02-13T18:15:05.663836,2026-02-15T01:45:15.761969,2026-02-15T08:59:47.561969,1890.1683022166667,434.53
P00601,1,ED,admit,2026-02-13T18:18:19.521034,2026-02-15T01:46:53.450703,2026-02-15T14:04:36.050703,1888.5654944833334,737.71
P00602,3,ED,admit,2026-02-13T18:18:36.134063,2026-02-15T01:49:53.564313,2026-02-15T09:16:39.764313,1891.2905041666668,446.77
P00603,3,ED,admit,2026-02-13T18:22:16.987149,2026-02-15T01:52:16.492008,2026-02-15T09:05:18.892008,1889.99174765,433.04
P00604,3,ED,admit,2026-02-13T18:24:15.163354,2026-02-15T02:11:51.844224,2026-02-15T09:14:21.844224,1907.6113478333332,422.5
P00605,3,ED,admit,2026-02-13T18:25:18.283735,2026-02-15T02:18:28.511938,2026-02-15T09:15:06.311938,1913.1704700500002,416.63
P00606,3,ED,admit,2026-02-13T18:29:19.713053,2026-02-15T02:24:47.695421,2026-02-15T10:04:39.895421,1915.4663728,459.87
P00607,3,ED,admit,2026-02-13T18:30:51.577098,2026-02-15T02:27:11.962017,2026-02-15T09:46:32.962017,1916.33974865,439.35
P00608,3,ED,admit,2026-02-13T18:32:33.785919,2026-02-15T02:31:59.121574,2026-02-15T09:50:34.521574,1919.4222609166668,438.59
P00609,2,ED,admit,2026-02-13T18:33:46.985787,2026-02-15T02:50:27.256639,2026-02-15T11:00:48.256639,1936.6711808666666,490.35
P00610,2,ED,admit,2026-02-13T18:34:45.289094,2026-02-15T02:59:15.478583,2026-02-15T11:05:17.278583,1944.50315815,486.03
P00611,3,ED,admit,2026-02-13T18:35:05.265498,2026-02-15T03:13:02.289062,2026-02-15T10:34:29.889062,1957.9503927333333,441.46
P00612,2,ED,admit,2026-02-13T18:41:05.707507,2026-02-15T03:18:39.039712,2026-02-15T12:19:55.239712,1957.5555367499999,541.27
P00613,3,ED,admit,2026-02-13T18:41:42.977977,2026-02-15T03:47:31.754264,2026-02-15T10:55:33.554264,1985.8129381166666,428.03
P00614,3,ED,admit,2026-02-13T18:43:06.555285,2026-02-15T04:05:58.891258,2026-02-15T11:40:55.291258,2002.8722662166665,454.94
P00615,3,ED,admit,2026-02-13T18:43:38.236592,2026-02-15T04:18:42.640871,2026-02-15T12:20:40.840871,2015.07340465,481.97
P00616,2,ED,admit,2026-02-13T18:44:49.111867,2026-02-15T04:34:40.473564,2026-02-15T12:42:14.073564,2029.8560282833334,487.56
P00617,3,ED,admit,2026-02-13T18:45:57.522255,2026-02-15T04:57:12.165587,2026-02-15T12:25:39.765587,2051.2440555333333,448.46
P00618,2,ED,admit,2026-02-13T18:47:30.085573,2026-02-15T05:19:33.254088,2026-02-15T13:58:12.254088,2072.0528085833334,518.65
P00619,3,ED,admit,2026-02-13T18:48:48.075423,2026-02-15T05:22:45.668989,2026-02-15T12:59:12.668989,2073.9598927666666,456.45
P00620,2,ED,admit,2026-02-13T18:50:15.105578,2026-02-15T05:28:22.470115,2026-02-15T14:25:32.670115,2078.1227422833335,537.17
P00621,2,ICU,admit,2026-02-13T18:52:37.975195,2026-02-13T18:52:37.975195,2026-02-13T21:54:02.575195,0.0,181.41
P00622,2,ED,admit,2026-02-13T18:53:16.090880,2026-02-15T05:30:38.383914,2026-02-15T14:53:58.783914,2077.371550566667,563.34
P00623,2,ED,admit,2026-02-13T18:54:51.013740,2026-02-15T05:32:14.668998,2026-02-15T14:03:11.668998,2077.3942543,510.95
P00624,2,ED,admit,2026-02-13T18:56:34.655913,2026-02-15T05:39:33.785996,2026-02-15T14:59:12.785996,2082.9855013833335,559.65
P00625,3,ED,admit,2026-02-13T19:00:15.194160,2026-02-15T05:57:27.572920,2026-02-15T13:59:05.372920,2097.2063126666667,481.63
P00626,3,ED,admit,2026-02-13T19:04:34.715508,2026-02-15T06:12:55.042845,2026-02-15T14:03:42.442845,2108.33878895,470.79
P00627,2,ICU,admit,2026-02-13T19:08:14.555390,2026-02-13T19:08:14.555390,2026-02-13T21:28:18.755390,0.0,140.07
P00628,2,ED,admit,2026-02-13T19:12:38.909093,2026-02-15T06:15:53.739860,2026-02-15T16:09:12.339860,2103.24717945,593.31
P00629,3,ED,admit,2026-02-13T19:13:10.573421,2026-02-15T06:17:30.059822,2026-02-15T13:31:58.859822,2104.32477335,434.48
P00630,3,ED,admit,2026-02-13T19:15:07.322351,2026-02-15T06:23:15.902279,2026-02-15T13:56:50.102279,2108.1429988,453.57
P00631,3,ED,admit,2026-02-13T19:15:24.227521,2026-02-15T06:32:09.560164,2026-02-15T14:17:21.560164,2116.75554405,465.2
P00632,3,ED,admit,2026-02-13T19:17:36.679498,2026-02-15T06:44:05.266023,2026-02-15T14:50:16.666023,2126.4764420833335,486.19
P00633,2,ED,admit,2026-02-13T19:18:14.804881,2026-02-15T06:45:08.675188,2026-02-15T15:47:57.875188,2126.89783845,542.82
P00634,2,ED,admit,2026-02-13T19:19:19.393178,2026-02-15T06:47:59.213985,2026-02-15T15:59:46.013985,2128.6636801166665,551.78
P00635,2,ED,admit,2026-02-13T19:19:49.136676,2026-02-15T06:51:34.980101,2026-02-15T16:38:33.180101,2131.7640570833332,586.97
P00636,2,ICU,admit,2026-02-13T19:20:56.563471,2026-02-13T19:20:56.563471,2026-02-13T21:32:21.163471,0.0,131.41
P00637,2,ED,admit,2026-02-13T19:22:14.117951,2026-02-15T07:15:16.562950,2026-02-15T15:57:22.562950,2153.040749983333,522.1
P00638,1,ED,admit,2026-02-13T19:23:36.390996,2026-02-15T07:17:22.010806,2026-02-15T17:42:24.410806,2153.760330166667,625.04
P00639,3,ED,admit,2026-02-13T19:24:00.910294,2026-02-15T07:38:03.971276,2026-02-15T15:10:59.171276,2174.0510163666668,452.92
P00640,2,ED,admit,2026-02-13T19:24:11.006322,2026-02-15T07:42:00.953846,2026-02-15T17:34:43.553846,2177.832458733333,592.71
P00641,3,ED,admit,2026-02-13T19:30:21.348715,2026-02-15T07:49:03.323688,2026-02-15T15:55:08.723688,2178.6995828833333,486.09
P00642,3,ED,admit,2026-02-13T19:35:27.037963,2026-02-15T08:12:16.714713,2026-02-15T15:26:31.114713,2196.8279458333336,434.24
P00643,3,ED,admit,2026-02-13T19:36:38.219925,2026-02-15T08:14:02.232743,2026-02-15T15:45:06.432743,2197.4002136333334,451.07
P00644,2,ED,admit,2026-02-13T19:37:02.143946,2026-02-15T08:21:52.233931,2026-02-15T16:58:46.833931,2204.8348330833333,516.91
P00645,3,ED,admit,2026-02-13T19:38:30.210564,2026-02-15T08:25:02.907866,2026-02-15T16:29:35.307866,2206.5449550333333,484.54
P00646,3,ED,admit,2026-02-13T19:40:44.793860,2026-02-15T08:33:45.534536,2026-02-15T15:45:19.134536,2213.0123446,431.56
P00647,3,ED,admit,2026-02-13T19:42:15.902703,2026-02-15T08:34:53.121457,2026-02-15T16:16:39.921457,2212.6203125666666,461.78
P00648,3,ED,admit,2026-02-13T19:43:13.618692,2026-02-15T08:57:24.012830,2026-02-15T17:04:23.412830,2234.173235633333,486.99
P00649,3,ED,admit,2026-02-13T19:45:50.943602,2026-02-15T08:59:47.561969,2026-02-15T16:21:48.761969,2233.94363945,442.02
P00650,2,ICU,admit,2026-02-13T19:46:05.383072,2026-02-13T19:46:05.383072,2026-02-13T23:31:13.783072,0.0,225.14
P00651,2,ED,admit,2026-02-13T19:46:30.959120,2026-02-15T09:05:18.892008,2026-02-15T18:02:51.892008,2238.798881466667,537.55
P00652,1,ICU,admit,2026-02-13T19:47:00.454975,2026-02-13T19:47:00.454975,2026-02-14T01:18:26.254975,0.0,331.43
P00653,3,ED,admit,2026-02-13T19:49:11.135866,2026-02-15T09:14:21.844224,2026-02-15T16:43:01.444224,2245.1784726333335,448.66
P00654,3,ED,admit,2026-02-13T19:49:59.809838,2026-02-15T09:15:06.311938,2026-02-15T17:05:02.711938,2245.1083683333336,469.94
P00655,3,ED,admit,2026-02-13T19:52:48.888513,2026-02-15T09:16:39.764313,2026-02-15T16:34:03.764313,2243.8479300000004,437.4
P00656,2,ED,admit,2026-02-13T19:54:16.373712,2026-02-15T09:46:32.962017,2026-02-15T19:34:22.162017,2272.2764717500004,587.82
P00657,1,ICU,admit,2026-02-13T19:55:44.169476,2026-02-13T19:55:44.169476,2026-02-14T02:07:50.169476,0.0,372.1
P00658,3,ED,admit,2026-02-13T19:59:25.146218,2026-02-15T09:48:57.309468,2026-02-15T17:22:17.109468,2269.536054166667,453.33
P00659,1,ICU,admit,2026-02-13T20:01:06.941454,2026-02-13T20:01:06.941454,2026-02-14T01:26:32.741454,0.0,325.43
P00660,2,ED,admit,2026-02-13T20:01:43.086938,2026-02-15T09:50:34.521574,2026-02-15T19:09:20.721574,2268.8572439333334,558.77
P00661,3,ED,admit,2026-02-13T20:03:43.898485,2026-02-15T10:04:39.895421,2026-02-15T17:59:23.695421,2280.933282266667,474.73
P00662,2,ICU,admit,2026-02-13T20:05:14.784945,2026-02-13T20:05:14.784945,2026-02-13T22:41:47.784945,0.0,156.55
P00663,3,ED,admit,2026-02-13T20:08:28.802599,2026-02-15T10:16:58.543225,2026-02-15T17:58:23.743225,2288.4956771,461.42
P00664,2,ED,admit,2026-02-13T20:08:59.194196,2026-02-15T10:27:10.194453,2026-02-15T20:25:30.594453,2298.183337616667,598.34
P00665,3,ED,admit,2026-02-13T20:09:23.429219,2026-02-15T10:34:29.889062,2026-02-15T18:51:44.289062,2305.10766405,497.24
P00666,3,ED,admit,2026-02-13T20:10:31.183213,2026-02-15T10:39:42.641539,2026-02-15T18:28:24.641539,2309.1909720999997,468.7
P00667,3,ED,admit,2026-02-13T20:10:44.875180,2026-02-15T10:55:33.554264,2026-02-15T19:16:19.154264,2324.811318066667,500.76
P00668,2,ED,admit,2026-02-13T20:14:19.733287,2026-02-15T11:00:48.256639,2026-02-15T21:17:09.856639,2326.4753892,616.36
P00669,3,ED,admit,2026-02-13T20:15:01.648024,2026-02-15T11:05:17.278583,2026-02-15T19:06:28.078583,2330.2605093166667,481.18
P00670,2,ED,admit,2026-02-13T20:15:46.145068,2026-02-15T11:40:55.291258,2026-02-15T22:10:10.891258,2365.1524365,629.26
P00671,2,ED,admit,2026-02-13T20:16:34.737968,2026-02-15T12:19:55.239712,2026-02-15T22:12:45.039712,2403.3416957333334,592.83
P00672,3,ED,admit,2026-02-13T20:17:07.085964,2026-02-15T12:20:40.840871,2026-02-15T20:41:27.040871,2403.5625817833334,500.77
P00673,3,ED,admit,2026-02-13T20:17:24.222703,2026-02-15T12:25:39.765587,2026-02-15T20:31:39.165587,2408.2590480666668,485.99
P00674,2,ICU,admit,2026-02-13T20:17:53.878620,2026-02-13T20:17:53.878620,2026-02-13T22:50:22.678620,0.0,152.48
P00675,3,ED,admit,2026-02-13T20:18:54.845148,2026-02-15T12:42:14.073564,2026-02-15T20:49:57.873564,2423.3204736,487.73
P00676,3,ED,admit,2026-02-13T20:18:55.948687,2026-02-15T12:59:12.668989,2026-02-15T21:05:19.868989,2440.2786717,486.12
P00677,3,ED,admit,2026-02-13T20:18:58.039816,2026-02-15T13:31:58.859822,2026-02-15T21:34:10.259822,2473.0136667666666,482.19
P00678,3,ED,admit,2026-02-13T20:20:57.877824,2026-02-15T13:56:50.102279,2026-02-15T22:19:12.902279,2495.870407583333,502.38
P00679,2,ED,admit,2026-02-13T20:22:34.117344,2026-02-15T13:58:12.254088,2026-02-16T00:29:42.254088,2495.6356124,631.5
P00680,2,ICU,admit,2026-02-13T20:25:44.879941,2026-02-13T20:25:44.879941,2026-02-13T23:32:49.079941,0.0,187.07
P00681,3,ED,admit,2026-02-13T20:25:51.917461,2026-02-15T13:59:05.372920,2026-02-15T22:20:33.572920,2493.22425765,501.47
P00682,2,ED,admit,2026-02-13T20:30:06.316163,2026-02-15T14:03:11.668998,2026-02-15T23:29:09.268998,2493.0892139166667,565.96
P00683,2,ICU,admit,2026-02-13T20:34:14.406595,2026-02-13T20:34:14.406595,2026-02-14T00:13:49.806595,0.0,219.59
P00684,1,ICU,admit,2026-02-13T20:34:46.721085,2026-02-13T20:34:46.721085,2026-02-14T00:45:44.321085,0.0,250.96
P00685,1,ICU,admit,2026-02-13T20:35:01.098234,2026-02-13T20:49:06.910636,2026-02-14T03:16:29.110636,14.096873366666667,387.37
P00686,2,ED,admit,2026-02-13T20:38:20.762126,2026-02-15T14:03:42.442845,2026-02-16T00:31:55.642845,2485.3613453166668,628.22
P00687,3,ED,admit,2026-02-13T20:39:21.841914,2026-02-15T14:04:36.050703,2026-02-15T21:57:00.050703,2485.2368131499998,472.4
P00688,2,ICU,admit,2026-02-13T20:39:34.329940,2026-02-13T21:28:18.755390,2026-02-14T00:31:40.355390,48.74042416666667,183.36
P00689,2,ED,admit,2026-02-13T20:40:32.874262,2026-02-15T14:17:21.560164,2026-02-16T00:16:25.160164,2496.8114317,599.06
P00690,3,ED,admit,2026-02-13T20:42:37.021960,2026-02-15T14:25:32.670115,2026-02-15T22:52:43.470115,2502.92746925,507.18
P00691,3,ED,admit,2026-02-13T20:44:13.982248,2026-02-15T14:50:16.666023,2026-02-15T23:37:23.866023,2526.0447295833337,527.12
P00692,2,ED,admit,2026-02-13T20:47:36.387141,2026-02-15T14:53:58.783914,2026-02-16T00:29:48.583914,2526.3732795499996,575.83
P00693,3,ED,admit,2026-02-13T20:48:19.642784,2026-02-15T14:59:12.785996,2026-02-15T23:38:31.385996,2530.8857202,519.31
P00694,3,ED,admit,2026-02-13T20:48:45.127056,2026-02-15T15:10:59.171276,2026-02-15T23:14:38.771276,2542.2340703333334,483.66
P00695,3,ED,admit,2026-02-13T20:49:11.806006,2026-02-15T15:26:31.114713,2026-02-15T23:36:55.114713,2557.321811783333,490.4
P00696,3,ED,admit,2026-02-13T20:51:12.962169,2026-02-15T15:45:06.432743,2026-02-16T00:21:32.232743,2573.891176233333,516.43
P00697,3,ED,admit,2026-02-13T20:53:29.538694,2026-02-15T15:45:19.134536,2026-02-15T23:57:10.134536,2571.8265973666666,491.85
P00698,3,ED,admit,2026-02-13T20:57:47.484291,2026-02-15T15:47:57.875188,2026-02-15T23:44:23.075188,2570.1731816166666,476.42
P00699,2,ICU,admit,2026-02-13T21:02:09.149367,2026-02-13T21:31:12.177839,2026-02-14T01:42:29.577839,29.050474533333333,251.29
P00700,3,ED,admit,2026-02-13T21:03:09.960271,2026-02-15T15:55:08.723688,2026-02-16T00:40:47.723688,2571.9793902833335,525.65
P00701,3,ED,admit,2026-02-13T21:06:14.335893,2026-02-15T15:57:22.562950,2026-02-16T00:28:50.762950,2571.1371176166667,511.47
P00702,3,ED,admit,2026-02-13T21:07:22.807025,2026-02-15T15:59:46.013985,2026-02-16T00:31:13.613985,2572.386782666667,511.46
P00703,3,ED,admit,2026-02-13T21:08:37.449166,2026-02-15T16:09:12.339860,2026-02-16T00:57:20.139860,2580.581511566667,528.13
P00704,1,ICU,admit,2026-02-13T21:09:32.517495,2026-02-13T21:32:21.163471,2026-02-14T02:24:20.563471,22.81076626666667,291.99
P00705,2,ED,admit,2026-02-13T21:09:34.894318,2026-02-15T16:16:39.921457,2026-02-16T01:21:24.921457,2587.08378565,544.75
P00706,2,ICU,admit,2026-02-13T21:12:07.816224,2026-02-13T21:54:02.575195,2026-02-14T00:58:11.575195,41.91264951666667,184.15
P00707,3,ED,admit,2026-02-13T21:13:45.292592,2026-02-15T16:21:48.761969,2026-02-16T00:36:42.161969,2588.05782295,494.89
P00708,3,ED,admit,2026-02-13T21:13:53.977402,2026-02-15T16:29:35.307866,2026-02-16T00:46:43.107866,2595.6888410666666,497.13
P00709,2,ED,admit,2026-02-13T21:14:51.669893,2026-02-15T16:34:03.764313,2026-02-16T02:30:36.164313,2599.2015736666667,596.54
P00710,2,ED,admit,2026-02-13T21:15:06.568654,2026-02-15T16:38:33.180101,2026-02-16T01:35:55.980101,2603.4435241166666,537.38
P00711,3,ED,admit,2026-02-13T21:16:26.235242,2026-02-15T16:43:01.444224,2026-02-16T01:20:32.044224,2606.586816366667,517.51
P00712,3,ED,admit,2026-02-13T21:16:46.863715,2026-02-15T16:58:46.833931,2026-02-16T01:23:59.433931,2621.9995035999996,505.21
P00713,3,ED,admit,2026-02-13T21:20:46.411711,2026-02-15T17:04:23.412830,2026-02-16T01:42:40.212830,2623.6166853166665,518.28
P00714,3,ED,admit,2026-02-13T21:20:59.212082,2026-02-15T17:05:02.711938,2026-02-16T02:07:32.711938,2624.0583309333333,542.5
P00715,3,ED,admit,2026-02-13T21:21:14.682563,2026-02-15T17:22:17.109468,2026-02-16T02:07:59.709468,2641.0404484166665,525.71
P00716,1,ICU,admit,2026-02-13T21:25:01.096120,2026-02-13T21:56:37.562895,2026-02-14T02:34:38.762895,31.607779583333336,278.02
P00717,1,ED,admit,2026-02-13T21:28:04.101915,2026-02-15T17:34:43.553846,2026-02-16T04:31:40.553846,2646.657532183333,656.95
P00718,2,ED,admit,2026-02-13T21:29:54.077131,2026-02-15T17:42:24.410806,2026-02-16T04:04:26.810806,2652.50556125,622.04
P00719,2,ED,admit,2026-02-13T21:31:43.509690,2026-02-15T17:58:23.743225,2026-02-16T03:08:15.343225,2666.670558916667,549.86
P00720,2,ED,admit,2026-02-13T21:32:05.637575,2026-02-15T17:59:23.695421,2026-02-16T03:00:53.095421,2667.3009641000003,541.49
P00721,2,ED,admit,2026-02-13T21:32:59.645215,2026-02-15T18:02:51.892008,2026-02-16T04:04:41.092008,2669.8707798833334,601.82
P00722,3,ED,admit,2026-02-13T21:33:17.928558,2026-02-15T18:28:24.641539,2026-02-16T02:47:03.041539,2695.1118830166665,498.64
P00723,3,ED,admit,2026-02-13T21:35:32.960666,2026-02-15T18:51:44.289062,2026-02-16T03:26:25.089062,2716.1888066,514.68
P00724,3,ED,admit,2026-02-13T21:36:38.300880,2026-02-15T19:06:28.078583,2026-02-16T03:33:01.078583,2729.8296283833333,506.55
P00725,3,ED,admit,2026-02-13T21:36:39.317311,2026-02-15T19:09:20.721574,2026-02-16T03:59:47.721574,2732.69007105,530.45
P00726,3,ED,admit,2026-02-13T21:38:47.703200,2026-02-15T19:16:19.154264,2026-02-16T04:13:11.954264,2737.5241843999997,536.88
P00727,3,ED,admit,2026-02-13T21:39:35.661479,2026-02-15T19:34:22.162017,2026-02-16T04:33:20.962017,2754.7750089666665,538.98
P00728,2,ED,admit,2026-02-13T21:39:59.950196,2026-02-15T20:25:30.594453,2026-02-16T06:50:50.394453,2805.5107376166666,625.33
P00729,1,ICU,admit,2026-02-13T21:41:28.343227,2026-02-13T22:01:59.866772,2026-02-14T04:51:25.066772,20.525392416666666,409.42
P00730,3,ED,admit,2026-02-13T21:43:18.736641,2026-02-15T20:31:39.165587,2026-02-16T04:53:24.765587,2808.3404824333334,501.76
P00731,3,ED,admit,2026-02-13T21:45:23.890076,2026-02-15T20:41:27.040871,2026-02-16T05:21:08.440871,2816.0525132499997,519.69
P00732,3,ED,admit,2026-02-13T21:45:32.048741,2026-02-15T20:49:57.873564,2026-02-16T05:49:29.073564,2824.430413716667,539.52
P00733,3,ED,admit,2026-02-13T21:51:33.507567,2026-02-15T21:05:19.868989,2026-02-16T06:13:14.468989,2833.7726903666667,547.91
P00734,2,ED,admit,2026-02-13T21:52:34.933848,2026-02-15T21:17:09.856639,2026-02-16T08:23:05.656639,2844.5820465166667,665.93
P00735,3,ED,admit,2026-02-13T21:54:15.294234,2026-02-15T21:34:10.259822,2026-02-16T06:41:27.059822,2859.916093133333,547.28
P00736,3,ED,admit,2026-02-13T21:56:05.078647,2026-02-15T21:57:00.050703,2026-02-16T06:35:42.650703,2880.916200933333,518.71
P00737,3,ED,admit,2026-02-13T21:56:07.872357,2026-02-15T22:10:10.891258,2026-02-16T07:27:53.491258,2894.050315016667,557.71
P00738,2,ED,admit,2026-02-13T21:56:24.628148,2026-02-15T22:12:45.039712,2026-02-16T07:58:16.839712,2896.3401927333334,585.53
P00739,2,ED,admit,2026-02-13T22:00:48.166342,2026-02-15T22:19:12.902279,2026-02-16T08:12:11.702279,2898.4122656166664,592.98
P00740,2,ICU,admit,2026-02-13T22:00:51.219294,2026-02-13T22:07:42.948707,2026-02-14T00:36:09.348707,6.862156883333333,148.44
P00741,3,ED,admit,2026-02-13T22:01:46.230464,2026-02-15T22:20:33.572920,2026-02-16T07:33:30.572920,2898.7890409333336,552.95
P00742,3,ED,admit,2026-02-13T22:01:57.884391,2026-02-15T22:52:43.470115,2026-02-16T07:31:54.870115,2930.7597620666666,519.19
P00743,2,ED,admit,2026-02-13T22:03:02.660023,2026-02-15T23:14:38.771276,2026-02-16T10:25:31.571276,2951.6018542166667,670.88
P00744,3,ED,admit,2026-02-13T22:06:00.142523,2026-02-15T23:29:09.268998,2026-02-16T08:35:09.868998,2963.1521079166664,546.01
P00745,2,ED,admit,2026-02-13T22:06:17.701899,2026-02-15T23:36:55.114713,2026-02-16T10:53:26.314713,2970.6235469000003,676.52
P00746,3,ED,admit,2026-02-13T22:06:38.108417,2026-02-15T23:37:23.866023,2026-02-16T08:47:50.866023,2970.7626267666665,550.45
P00747,3,ED,admit,2026-02-13T22:11:53.793608,2026-02-15T23:38:31.385996,2026-02-16T08:20:09.185996,2966.6265398,521.63
P00748,3,ED,admit,2026-02-13T22:17:32.226056,2026-02-15T23:44:23.075188,2026-02-16T08:39:35.075188,2966.8474855333334,535.2
P00749,3,ED,admit,2026-02-13T22:20:52.230666,2026-02-15T23:57:10.134536,2026-02-16T08:39:38.934536,2976.2983978333336,522.48
P00750,2,ED,admit,2026-02-13T22:23:07.488620,2026-02-16T00:16:25.160164,2026-02-16T10:32:16.760164,2993.2945257333336,615.86
P00751,2,ED,admit,2026-02-13T22:24:51.068305,2026-02-16T00:21:32.232743,2026-02-16T10:41:32.832743,2996.6860739666668,620.01
P00752,3,ED,admit,2026-02-13T22:28:19.440257,2026-02-16T00:28:50.762950,2026-02-16T09:26:11.762950,3000.5220448833334,537.35
P00753,2,ED,admit,2026-02-13T22:28:49.825363,2026-02-16T00:29:42.254088,2026-02-16T10:40:21.854088,3000.8738120833336,610.66
P00754,3,ED,admit,2026-02-13T22:33:05.758703,2026-02-16T00:29:48.583914,2026-02-16T09:28:35.983914,2996.7137535166667,538.79
P00755,3,ED,admit,2026-02-13T22:36:22.165644,2026-02-16T00:31:13.613985,2026-02-16T09:38:59.813985,2994.85747235,547.77
P00756,3,ED,admit,2026-02-13T22:37:07.011100,2026-02-16T00:31:55.642845,2026-02-16T10:06:59.242845,2994.810529083333,575.06
P00757,3,ED,admit,2026-02-13T22:39:47.605018,2026-02-16T00:36:42.161969,2026-02-16T09:19:13.961969,2996.9092825166667,522.53
P00758,2,ICU,admit,2026-02-13T22:44:29.074710,2026-02-13T22:44:29.074710,2026-02-14T01:36:15.274710,0.0,171.77
P00759,2,ED,admit,2026-02-13T22:46:07.121167,2026-02-16T00:40:47.723688,2026-02-16T10:44:09.323688,2994.6767086833333,603.36
P00760,2,ED,admit,2026-02-13T22:46:07.521011,2026-02-16T00:46:43.107866,2026-02-16T11:18:53.907866,3000.59311425,632.18
P00761,3,ED,admit,2026-02-13T22:46:15.292205,2026-02-16T00:57:20.139860,2026-02-16T09:55:01.539860,3011.08079425,537.69
P00762,3,ED,admit,2026-02-13T22:48:21.952414,2026-02-16T01:20:32.044224,2026-02-16T10:38:21.244224,3032.1681968333337,557.82
P00763,3,ED,admit,2026-02-13T22:49:25.558649,2026-02-16T01:21:24.921457,2026-02-16T10:33:26.121457,3031.9893801333333,552.02
P00764,2,ICU,admit,2026-02-13T22:50:23.608156,2026-02-13T22:50:23.608156,2026-02-14T01:26:04.408156,0.0,155.68
P00765,3,ED,admit,2026-02-13T22:52:20.599832,2026-02-16T01:23:59.433931,2026-02-16T10:15:20.433931,3031.6472349833334,531.35
P00766,3,ED,admit,2026-02-13T22:53:52.460805,2026-02-16T01:35:55.980101,2026-02-16T10:28:07.980101,3042.0586549333334,532.2
P00767,2,ICU,admit,2026-02-13T22:54:24.737812,2026-02-13T23:31:13.783072,2026-02-14T02:40:54.583072,36.817420999999996,189.68
P00768,3,ED,admit,2026-02-13T22:54:43.618580,2026-02-16T01:42:40.212830,2026-02-16T11:16:54.012830,3047.9432375,574.23
P00769,2,ICU,admit,2026-02-13T22:59:33.944868,2026-02-13T23:32:49.079941,2026-02-14T03:54:22.679941,33.252251216666664,261.56
P00770,3,ED,admit,2026-02-13T23:03:12.276024,2026-02-16T02:07:32.711938,2026-02-16T10:51:36.911938,3064.340598566667,524.07
P00771,3,ED,admit,2026-02-13T23:03:21.205472,2026-02-16T02:07:59.709468,2026-02-16T10:48:19.509468,3064.641733266667,520.33
P00772,2,ED,admit,2026-02-13T23:07:04.688592,2026-02-16T02:30:36.164313,2026-02-16T13:53:22.964313,3083.52459535,682.78
P00773,2,ED,admit,2026-02-13T23:08:28.458937,2026-02-16T02:47:03.041539,2026-02-16T12:51:24.641539,3098.5763767000003,604.36
P00774,3,ED,admit,2026-02-13T23:09:04.440002,2026-02-16T03:00:53.095421,2026-02-16T11:55:29.695421,3111.81092365,534.61
P00775,3,ED,admit,2026-02-13T23:09:28.881435,2026-02-16T03:08:15.343225,2026-02-16T12:24:07.543225,3118.7743631666667,555.87
P00776,2,ED,admit,2026-02-13T23:09:51.892441,2026-02-16T03:26:25.089062,2026-02-16T14:45:46.089062,3136.553277016667,679.35
P00777,3,ED,admit,2026-02-13T23:12:30.911907,2026-02-16T03:33:01.078583,2026-02-16T12:20:59.878583,3140.502777933333,527.98
P00778,3,ED,admit,2026-02-13T23:13:14.737637,2026-02-16T03:59:47.721574,2026-02-16T13:09:36.921574,3166.5497322833335,549.82
P00779,3,ED,admit,2026-02-13T23:14:59.386243,2026-02-16T04:04:26.810806,2026-02-16T13:18:52.610806,3169.45707605,554.43
P00780,2,ED,admit,2026-02-13T23:15:30.397689,2026-02-16T04:04:41.092008,2026-02-16T14:28:58.492008,3169.17823865,624.29
P00781,3,ED,admit,2026-02-13T23:17:48.958412,2026-02-16T04:13:11.954264,2026-02-16T13:43:16.154264,3175.3832641999998,570.07
P00782,3,ED,admit,2026-02-13T23:19:55.045488,2026-02-16T04:31:40.553846,2026-02-16T13:34:41.753846,3191.758472633333,543.02
P00783,3,ED,admit,2026-02-13T23:22:31.860054,2026-02-16T04:33:20.962017,2026-02-16T14:02:37.162017,3190.81836605,569.27
P00784,3,ED,admit,2026-02-13T23:22:52.558286,2026-02-16T04:53:24.765587,2026-02-16T14:21:34.365587,3210.53678835,568.16
P00785,2,ED,admit,2026-02-13T23:23:21.533871,2026-02-16T05:21:08.440871,2026-02-16T15:45:05.440871,3237.7817833333334,623.95
P00786,3,ED,admit,2026-02-13T23:27:53.016294,2026-02-16T05:49:29.073564,2026-02-16T14:57:43.473564,3261.6009544999997,548.24
P00787,3,ED,admit,2026-02-13T23:33:14.157845,2026-02-16T06:13:14.468989,2026-02-16T15:13:08.468989,3280.0051857333333,539.9
P00788,2,ED,admit,2026-02-13T23:34:37.602187,2026-02-16T06:35:42.650703,2026-02-16T17:57:07.250703,3301.0841419333333,681.41
P00789,3,ED,admit,2026-02-13T23:34:53.809319,2026-02-16T06:41:27.059822,2026-02-16T15:37:22.259822,3306.5541750499997,535.92
P00790,2,ED,admit,2026-02-13T23:37:29.394358,2026-02-16T06:50:50.394453,2026-02-16T16:51:14.394453,3313.3500015833333,600.4
P00791,3,ED,admit,2026-02-13T23:41:06.650838,2026-02-16T07:27:53.491258,2026-02-16T16:33:23.491258,3346.7806736666666,545.5
P00792,3,ED,admit,2026-02-13T23:42:43.736579,2026-02-16T07:31:54.870115,2026-02-16T16:29:22.470115,3349.1855589333336,537.46
P00793,3,ED,admit,2026-02-13T23:42:56.584178,2026-02-16T07:33:30.572920,2026-02-16T16:20:22.772920,3350.566479033333,526.87
P00794,3,ED,admit,2026-02-13T23:43:07.386500,2026-02-16T07:58:16.839712,2026-02-16T17:18:32.439712,3375.157553533333,560.26
P00795,2,ED,admit,2026-02-13T23:43:14.387447,2026-02-16T08:12:11.702279,2026-02-16T18:30:07.502279,3388.9552472,617.93
P00796,3,ED,admit,2026-02-13T23:44:44.472402,2026-02-16T08:20:09.185996,2026-02-16T17:39:21.785996,3395.4118932333336,559.21
P00797,2,ED,admit,2026-02-13T23:46:34.460003,2026-02-16T08:23:05.656639,2026-02-16T19:12:23.656639,3396.5199439333333,649.3
P00798,3,ED,admit,2026-02-13T23:47:48.306344,2026-02-16T08:35:09.868998,2026-02-16T17:38:40.468998,3407.359377566667,543.51
P00799,3,ED,admit,2026-02-13T23:49:50.029413,2026-02-16T08:39:35.075188,2026-02-16T18:20:15.275188,3409.7507629166666,580.67
P00800,3,ED,admit,2026-02-13T23:51:46.062479,2026-02-16T08:39:38.934536,2026-02-16T18:10:56.934536,3407.88120095,571.3
P00801,2,ED,admit,2026-02-13T23:54:48.272991,2026-02-16T08:47:50.866023,2026-02-16T19:04:37.666023,3413.0432172,616.78
P00802,2,ED,admit,2026-02-13T23:55:37.280937,2026-02-16T09:19:13.961969,2026-02-16T20:15:23.561969,3443.6113505333333,656.16
P00803,3,ED,admit,2026-02-13T23:56:04.061194,2026-02-16T09:26:11.762950,2026-02-16T18:43:02.762950,3450.1283626,556.85
P00804,3,ED,admit,2026-02-13T23:56:21.330204,2026-02-16T09:28:35.983914,2026-02-16T18:33:12.583914,3452.2442285,544.61
P00805,3,ED,admit,2026-02-13T23:59:25.936525,2026-02-16T09:38:59.813985,2026-02-16T18:46:48.413985,3459.564624333333,547.81
P00806,2,ED,admit,2026-02-14T00:00:14.663417,2026-02-16T09:55:01.539860,2026-02-16T20:45:11.139860,3474.78127405,650.16
P00807,3,ED,admit,2026-02-14T00:03:56.563119,2026-02-16T10:06:59.242845,2026-02-16T20:02:08.242845,3483.0446621,595.15
P00808,2,ICU,admit,2026-02-14T00:06:47.246523,2026-02-14T00:06:47.246523,2026-02-14T03:09:34.646523,0.0,182.79
P00809,3,ED,admit,2026-02-14T00:06:57.474662,2026-02-16T10:15:20.433931,2026-02-16T20:15:03.033931,3488.3826544833337,599.71
P00810,3,ED,admit,2026-02-14T00:07:14.578096,2026-02-16T10:25:31.571276,2026-02-16T19:30:19.571276,3498.2832196666664,544.8
P00811,3,ED,admit,2026-02-14T00:10:33.362649,2026-02-16T10:28:07.980101,2026-02-16T20:12:54.180101,3497.5769575333334,584.77
P00812,2,ED,admit,2026-02-14T00:12:40.639360,2026-02-16T10:32:16.760164,2026-02-16T21:32:01.760164,3499.6020134,659.75
P00813,2,ED,admit,2026-02-14T00:18:40.196535,2026-02-16T10:33:26.121457,2026-02-16T21:31:05.121457,3494.7654153666667,657.65
P00814,3,ED,admit,2026-02-14T00:20:16.263058,2026-02-16T10:38:21.244224,2026-02-16T19:44:54.844224,3498.0830194333334,546.56
P00815,3,ED,admit,2026-02-14T00:24:19.379661,2026-02-16T10:40:21.854088,2026-02-16T20:24:12.854088,3496.0412404500003,583.85
P00816,2,ED,admit,2026-02-14T00:26:48.771079,2026-02-16T10:41:32.832743,2026-02-16T22:22:22.032743,3494.7343610666667,700.82
P00817,3,ED,admit,2026-02-14T00:26:49.657477,2026-02-16T10:44:09.323688,2026-02-16T20:40:32.723688,3497.3277701833335,596.39
P00818,1,ICU,admit,2026-02-14T00:28:25.688627,2026-02-14T00:28:25.688627,2026-02-14T06:00:32.288627,0.0,332.11
P00819,3,ED,admit,2026-02-14T00:32:19.337697,2026-02-16T10:48:19.509468,2026-02-16T20:13:59.109468,3496.00286285,565.66
P00820,3,ED,admit,2026-02-14T00:36:23.513004,2026-02-16T10:51:36.911938,2026-02-16T20:44:42.911938,3495.2233155666668,593.1
P00821,3,ED,admit,2026-02-14T00:41:29.722235,2026-02-16T10:53:26.314713,2026-02-16T20:20:46.114713,3491.9432079666667,567.33
P00822,2,ICU,admit,2026-02-14T00:44:55.181559,2026-02-14T00:44:55.181559,2026-02-14T03:28:47.981559,0.0,163.88
P00823,3,ED,admit,2026-02-14T00:46:31.271512,2026-02-16T11:16:54.012830,2026-02-16T21:06:33.612830,3510.3790219666666,589.66
P00824,3,ED,admit,2026-02-14T00:53:48.200153,2026-02-16T11:18:53.907866,2026-02-16T20:06:14.907866,3505.09512855,527.35
P00825,3,ED,admit,2026-02-14T00:54:19.467516,2026-02-16T11:55:29.695421,2026-02-16T20:46:18.895421,3541.1704650833335,530.82
P00826,3,ED,admit,2026-02-14T00:56:12.759097,2026-02-16T12:20:59.878583,2026-02-16T22:09:10.678583,3564.7853247666667,588.18
P00827,1,ICU,admit,2026-02-14T00:56:26.090757,2026-02-14T00:56:26.090757,2026-02-14T06:21:39.290757,0.0,325.22
P00828,3,ED,admit,2026-02-14T00:56:44.653139,2026-02-16T12:24:07.543225,2026-02-16T21:25:33.343225,3567.381501433333,541.43
P00829,3,ED,admit,2026-02-14T00:56:48.006525,2026-02-16T12:51:24.641539,2026-02-16T22:22:21.041539,3594.6105835666667,570.94
P00830,3,ED,admit,2026-02-14T01:01:38.649288,2026-02-16T13:09:36.921574,2026-02-16T21:59:09.321574,3607.9712047666667,529.54
P00831,3,ED,admit,2026-02-14T01:02:07.670227,2026-02-16T13:18:52.610806,2026-02-16T23:08:16.010806,3616.7490096499996,589.39
P00832,2,ICU,admit,2026-02-14T01:02:33.067680,2026-02-14T01:02:33.067680,2026-02-14T04:41:33.667680,0.0,219.01
P00833,3,ED,admit,2026-02-14T01:03:08.783503,2026-02-16T13:34:41.753846,2026-02-16T22:58:29.753846,3631.5495057166668,563.8
P00834,3,ED,admit,2026-02-14T01:05:55.228691,2026-02-16T13:43:16.154264,2026-02-16T22:55:43.154264,3637.3487595499996,552.45
P00835,3,ED,admit,2026-02-14T01:06:04.817125,2026-02-16T13:53:22.964313,2026-02-16T23:30:33.164313,3647.3024531333335,577.17
P00836,2,ED,admit,2026-02-14T01:06:12.008913,2026-02-16T14:02:37.162017,2026-02-17T00:32:23.962017,3656.4192184,629.78
P00837,3,ED,admit,2026-02-14T01:06:52.196328,2026-02-16T14:21:34.365587,2026-02-16T23:27:28.965587,3674.702820983333,545.91
P00838,2,ICU,admit,2026-02-14T01:09:56.586727,2026-02-14T01:09:56.586727,2026-02-14T03:47:48.186727,0.0,157.86
P00839,3,ED,admit,2026-02-14T01:09:57.913481,2026-02-16T14:28:58.492008,2026-02-16T23:36:41.092008,3679.009642116667,547.71
P00840,3,ED,admit,2026-02-14T01:12:30.301735,2026-02-16T14:45:46.089062,2026-02-17T00:31:40.689062,3693.2631221166666,585.91
P00841,2,ED,admit,2026-02-14T01:13:13.910119,2026-02-16T14:57:43.473564,2026-02-17T01:27:05.073564,3704.4927240833335,629.36
P00842,3,ED,admit,2026-02-14T01:18:08.761325,2026-02-16T15:13:08.468989,2026-02-17T00:56:01.868989,3714.995127733333,582.89
P00843,3,ED,admit,2026-02-14T01:18:09.378430,2026-02-16T15:37:22.259822,2026-02-17T01:12:40.259822,3739.214689866667,575.3
P00844,3,ED,admit,2026-02-14T01:18:34.512356,2026-02-16T15:45:05.440871,2026-02-17T00:45:47.440871,3746.5154752500002,540.7
P00845,3,ED,admit,2026-02-14T01:20:30.797159,2026-02-16T16:20:22.772920,2026-02-17T02:00:46.772920,3779.8662626833334,580.4
P00846,3,ED,admit,2026-02-14T01:24:27.048585,2026-02-16T16:29:22.470115,2026-02-17T02:16:18.870115,3784.9236921666666,586.94
P00847,2,ED,admit,2026-02-14T01:30:31.204346,2026-02-16T16:33:23.491258,2026-02-17T03:00:34.891258,3782.8714485333335,627.19
P00848,2,ED,admit,2026-02-14T01:34:16.765430,2026-02-16T16:51:14.394453,2026-02-17T04:18:59.394453,3796.9604837166667,687.75
P00849,3,ED,admit,2026-02-14T01:37:00.142240,2026-02-16T17:18:32.439712,2026-02-17T02:40:34.239712,3821.5382912,562.03
P00850,3,ED,admit,2026-02-14T01:38:10.446931,2026-02-16T17:38:40.468998,2026-02-17T03:18:25.468998,3840.5003677833333,579.75
P00851,3,ED,admit,2026-02-14T01:44:31.728031,2026-02-16T17:39:21.785996,2026-02-17T03:15:59.585996,3834.834299416667,576.63
P00852,1,ICU,admit,2026-02-14T01:47:48.356950,2026-02-14T01:47:48.356950,2026-02-14T06:02:16.556950,0.0,254.47
P00853,1,ED,admit,2026-02-14T01:48:34.556267,2026-02-16T17:57:07.250703,2026-02-17T06:42:44.450703,3848.5449072666665,765.62
P00854,3,ED,admit,2026-02-14T01:50:06.349507,2026-02-16T18:10:56.934536,2026-02-17T03:41:27.534536,3860.843083816667,570.51
P00855,3,ED,admit,2026-02-14T01:51:00.422704,2026-02-16T18:20:15.275188,2026-02-17T03:25:08.675188,3869.2475414,544.89
P00856,3,ED,admit,2026-02-14T02:03:28.670636,2026-02-16T18:30:07.502279,2026-02-17T03:20:44.702279,3866.64719405,530.62
P00857,3,ED,admit,2026-02-14T02:04:34.051132,2026-02-16T18:33:12.583914,2026-02-17T03:41:56.383914,3868.642213033333,548.73
P00858,2,ED,admit,2026-02-14T02:06:01.805582,2026-02-16T18:43:02.762950,2026-02-17T04:38:44.162950,3877.0159561333335,595.69
P00859,2,ED,admit,2026-02-14T02:06:46.772101,2026-02-16T18:46:48.413985,2026-02-17T05:01:31.613985,3880.0273647333333,614.72
P00860,3,ED,admit,2026-02-14T02:09:43.142997,2026-02-16T19:04:37.666023,2026-02-17T04:37:02.266023,3894.9087171,572.41
P00861,3,ED,admit,2026-02-14T02:10:53.375253,2026-02-16T19:12:23.656639,2026-02-17T04:55:02.656639,3901.5046897666666,582.65
P00862,2,ED,admit,2026-02-14T02:12:24.095860,2026-02-16T19:30:19.571276,2026-02-17T07:11:05.771276,3917.9245902666667,700.77
P00863,3,ED,admit,2026-02-14T02:13:50.993654,2026-02-16T19:44:54.844224,2026-02-17T05:27:23.044224,3931.064176166667,582.47
P00864,3,ED,admit,2026-02-14T02:16:47.867837,2026-02-16T20:02:08.242845,2026-02-17T05:41:34.042845,3945.3395834666667,579.43
P00865,1,ICU,admit,2026-02-14T02:17:08.920762,2026-02-14T02:17:08.920762,2026-02-14T09:05:17.920762,0.0,408.15
P00866,3,ED,admit,2026-02-14T02:18:40.197029,2026-02-16T20:06:14.907866,2026-02-17T05:15:38.907866,3947.57851395,549.4
P00867,2,ED,admit,2026-02-14T02:20:42.740881,2026-02-16T20:12:54.180101,2026-02-17T06:39:21.180101,3952.1906536666665,626.45
P00868,2,ICU,admit,2026-02-14T02:21:24.687479,2026-02-14T02:21:24.687479,2026-02-14T05:00:22.287479,0.0,158.96
P00869,2,ED,admit,2026-02-14T02:23:43.490261,2026-02-16T20:13:59.109468,2026-02-17T06:08:30.909468,3950.2603201166667,594.53
P00870,3,ED,admit,2026-02-14T02:24:03.892949,2026-02-16T20:15:03.033931,2026-02-17T05:51:09.033931,3950.9856830333333,576.1
P00871,3,ED,admit,2026-02-14T02:25:51.497350,2026-02-16T20:15:23.561969,2026-02-17T05:15:42.761969,3949.5344103166667,540.32
P00872,3,ED,admit,2026-02-14T02:27:34.272548,2026-02-16T20:20:46.114713,2026-02-17T06:14:47.314713,3953.197369416667,594.02
P00873,2,ED,admit,2026-02-14T02:27:48.382976,2026-02-16T20:24:12.854088,2026-02-17T06:44:54.254088,3956.4078518666665,620.69
P00874,1,ICU,admit,2026-02-14T02:29:39.276313,2026-02-14T02:29:39.276313,2026-02-14T07:16:38.076313,0.0,286.98
P00875,3,ED,admit,2026-02-14T02:31:04.590068,2026-02-16T20:40:32.723688,2026-02-17T06:06:12.923688,3969.4688936666666,565.67
P00876,3,ED,admit,2026-02-14T02:32:50.110818,2026-02-16T20:44:42.911938,2026-02-17T06:17:26.111938,3971.8800186666663,572.72
P00877,2,ED,admit,2026-02-14T02:33:01.184398,2026-02-16T20:45:11.139860,2026-02-17T06:50:57.339860,3972.165924366667,605.77
P00878,3,ED,admit,2026-02-14T02:34:01.474077,2026-02-16T20:46:18.895421,2026-02-17T06:08:42.295421,3972.2903557333334,562.39
P00879,2,ED,admit,2026-02-14T02:35:10.960566,2026-02-16T21:06:33.612830,2026-02-17T07:38:34.212830,3991.3775377333336,632.01
P00880,3,ED,admit,2026-02-14T02:36:20.457841,2026-02-16T21:25:33.343225,2026-02-17T06:56:08.743225,4009.2147563999997,570.59
P00881,2,ICU,admit,2026-02-14T02:42:37.798218,2026-02-14T02:42:37.798218,2026-02-14T06:24:54.598218,0.0,222.28
P00882,2,ED,admit,2026-02-14T02:42:48.086471,2026-02-16T21:31:05.121457,2026-02-17T08:02:04.521457,4008.2839164333336,630.99
P00883,1,ICU,admit,2026-02-14T02:44:10.684552,2026-02-14T02:44:10.684552,2026-02-14T07:47:28.084552,0.0,303.29
P00884,3,ED,admit,2026-02-14T02:44:11.618162,2026-02-16T21:32:01.760164,2026-02-17T06:41:46.760164,4007.8357000333335,549.75
P00885,3,ED,admit,2026-02-14T02:46:11.013797,2026-02-16T21:59:09.321574,2026-02-17T07:58:21.921574,4032.9717962833333,599.21
P00886,3,ED,admit,2026-02-14T02:49:13.417528,2026-02-16T22:09:10.678583,2026-02-17T07:30:38.278583,4039.954350916667,561.46
P00887,2,ICU,admit,2026-02-14T02:49:32.266713,2026-02-14T02:49:32.266713,2026-02-14T06:35:42.466713,0.0,226.17
P00888,2,ED,admit,2026-02-14T02:50:23.731252,2026-02-16T22:22:21.041539,2026-02-17T09:14:34.841539,4051.95517145,652.23
P00889,2,ED,admit,2026-02-14T02:50:56.272017,2026-02-16T22:22:22.032743,2026-02-17T09:19:44.232743,4051.4293454333333,657.37
P00890,3,ED,admit,2026-02-14T02:57:27.517732,2026-02-16T22:55:43.154264,2026-02-17T08:57:07.154264,4078.2606088666666,601.4
P00891,3,ED,admit,2026-02-14T03:04:37.788666,2026-02-16T22:58:29.753846,2026-02-17T08:31:21.353846,4073.8660863333334,572.86
P00892,2,ED,admit,2026-02-14T03:04:52.185969,2026-02-16T23:08:16.010806,2026-02-17T09:06:05.810806,4083.3970806166667,597.83
P00893,2,ED,admit,2026-02-14T03:05:39.621157,2026-02-16T23:27:28.965587,2026-02-17T10:57:18.765587,4101.822407166666,689.83
P00894,3,ED,admit,2026-02-14T03:07:17.748202,2026-02-16T23:30:33.164313,2026-02-17T08:46:42.764313,4103.256935183334,556.16
P00895,2,ED,admit,2026-02-14T03:07:40.411843,2026-02-16T23:36:41.092008,2026-02-17T11:23:40.492008,4109.011336083333,706.99
P00896,2,ED,admit,2026-02-14T03:08:08.620473,2026-02-17T00:31:40.689062,2026-02-17T12:09:59.289062,4163.5344764833335,698.31
P00897,3,ED,admit,2026-02-14T03:08:56.179082,2026-02-17T00:32:23.962017,2026-02-17T10:23:53.962017,4163.463048916667,591.5
P00898,2,ED,admit,2026-02-14T03:12:03.326200,2026-02-17T00:45:47.440871,2026-02-17T10:47:17.440871,4173.735244516666,601.5
P00899,3,ED,admit,2026-02-14T03:12:47.500326,2026-02-17T00:56:01.868989,2026-02-17T10:11:43.868989,4183.239477716666,555.7
P00900,3,ED,admit,2026-02-14T03:13:24.023918,2026-02-17T01:12:40.259822,2026-02-17T10:49:16.859822,4199.2705984,576.61
P00901,3,ED,admit,2026-02-14T03:13:52.551647,2026-02-17T01:27:05.073564,2026-02-17T10:41:18.273564,4213.208698616667,554.22
P00902,2,ED,admit,2026-02-14T03:16:23.358172,2026-02-17T02:00:46.772920,2026-02-17T12:08:28.172920,4244.3902458,607.69
P00903,3,ED,admit,2026-02-14T03:17:30.928385,2026-02-17T02:16:18.870115,2026-02-17T11:39:48.870115,4258.799028833333,563.5
P00904,3,ED,admit,2026-02-14T03:20:06.861731,2026-02-17T02:40:34.239712,2026-02-17T11:55:39.639712,4280.456299683333,555.09
P00905,2,ED,admit,2026-02-14T03:21:36.144177,2026-02-17T03:00:34.891258,2026-02-17T13:15:54.091258,4298.979118016667,615.32
P00906,3,ED,admit,2026-02-14T03:22:14.809785,2026-02-17T03:15:59.585996,2026-02-17T12:33:09.185996,4313.746270183333,557.16
P00907,3,ED,admit,2026-02-14T03:27:28.126436,2026-02-17T03:18:25.468998,2026-02-17T12:57:09.868998,4310.955709366667,578.74
P00908,3,ED,admit,2026-02-14T03:29:16.227885,2026-02-17T03:20:44.702279,2026-02-17T12:37:52.502279,4311.474573233333,557.13
P00909,1,ED,admit,2026-02-14T03:34:46.084166,2026-02-17T03:25:08.675188,2026-02-17T16:45:47.675188,4310.376517033334,800.65
P00910,3,ED,admit,2026-02-14T03:35:22.087129,2026-02-17T03:41:27.534536,2026-02-17T13:12:37.134536,4326.0907901166665,571.16
P00911,3,ED,admit,2026-02-14T03:40:30.181278,2026-02-17T03:41:56.383914,2026-02-17T13:14:56.983914,4321.4367106,573.01
P00912,3,ED,admit,2026-02-14T03:41:19.972340,2026-02-17T04:18:59.394453,2026-02-17T14:01:41.994453,4357.657035216666,582.71
P00913,2,ED,admit,2026-02-14T03:41:24.395472,2026-02-17T04:37:02.266023,2026-02-17T14:57:13.666023,4375.63117585,620.19
P00914,3,ED,admit,2026-02-14T03:42:55.212290,2026-02-17T04:38:44.162950,2026-02-17T14:33:45.362950,4375.815844333333,595.02
P00915,3,ED,admit,2026-02-14T03:45:58.525053,2026-02-17T04:55:02.656639,2026-02-17T14:56:40.456639,4389.068859766666,601.63
P00916,2,ED,admit,2026-02-14T03:49:31.762342,2026-02-17T05:01:31.613985,2026-02-17T16:48:00.413985,4391.997527383332,706.48
P00917,3,ED,admit,2026-02-14T03:51:44.818071,2026-02-17T05:15:38.907866,2026-02-17T15:05:11.907866,4403.901496583333,589.55
P00918,3,ED,admit,2026-02-14T03:51:46.456494,2026-02-17T05:15:42.761969,2026-02-17T14:37:40.361969,4403.9384245833335,561.96
P00919,3,ED,admit,2026-02-14T03:52:01.557728,2026-02-17T05:27:23.044224,2026-02-17T15:17:57.844224,4415.358108266667,590.58
P00920,3,ED,admit,2026-02-14T03:52:11.676852,2026-02-17T05:41:34.042845,2026-02-17T15:36:24.442845,4429.37276655,594.84
P00921,3,ED,admit,2026-02-14T03:56:23.023770,2026-02-17T05:51:09.033931,2026-02-17T15:36:55.233931,4434.766836016667,585.77
P00922,3,ED,admit,2026-02-14T03:58:28.343058,2026-02-17T06:06:12.923688,2026-02-17T15:56:58.523688,4447.743010499999,590.76
P00923,3,ED,admit,2026-02-14T03:58:48.882896,2026-02-17T06:08:30.909468,2026-02-17T16:25:05.709468,4449.700442866667,616.58
P00924,3,ED,admit,2026-02-14T04:00:30.544180,2026-02-17T06:08:42.295421,2026-02-17T15:52:24.895421,4448.195854016667,583.71
P00925,3,ED,admit,2026-02-14T04:01:02.911516,2026-02-17T06:14:47.314713,2026-02-17T16:04:32.314713,4453.740053283333,589.75
P00926,2,ED,admit,2026-02-14T04:02:47.537369,2026-02-17T06:17:26.111938,2026-02-17T16:51:27.311938,4454.642909483333,634.02
P00927,2,ED,admit,2026-02-14T04:03:20.281699,2026-02-17T06:39:21.180101,2026-02-17T18:52:19.380101,4476.014973366667,732.97
P00928,3,ED,admit,2026-02-14T04:05:32.260677,2026-02-17T06:41:46.760164,2026-02-17T16:36:09.560164,4476.241658116666,594.38
P00929,3,ED,admit,2026-02-14T04:05:36.970137,2026-02-17T06:42:44.450703,2026-02-17T16:37:34.250703,4477.124676099999,594.83
P00930,1,ED,admit,2026-02-14T04:10:15.899392,2026-02-17T06:44:54.254088,2026-02-17T20:06:23.054088,4474.639244933333,801.48
P00931,2,ED,admit,2026-02-14T04:10:20.624141,2026-02-17T06:50:57.339860,2026-02-17T18:35:06.339860,4480.611928650001,704.15
P00932,3,ED,admit,2026-02-14T04:11:34.236293,2026-02-17T06:56:08.743225,2026-02-17T16:41:44.743225,4484.575115533333,585.6
P00933,2,ED,admit,2026-02-14T04:13:06.541901,2026-02-17T07:11:05.771276,2026-02-17T18:33:02.171276,4497.98715625,681.94
P00934,2,ED,admit,2026-02-14T04:14:37.616631,2026-02-17T07:30:38.278583,2026-02-17T19:43:52.078583,4516.0110325333335,733.23
P00935,3,ED,admit,2026-02-14T04:15:10.290687,2026-02-17T07:38:34.212830,2026-02-17T17:29:22.212830,4523.398702383333,590.8
P00936,3,ED,admit,2026-02-14T04:15:29.597629,2026-02-17T07:58:21.921574,2026-02-17T18:20:24.321574,4542.87206575,622.04
P00937,3,ED,admit,2026-02-14T04:17:58.143890,2026-02-17T08:02:04.521457,2026-02-17T17:54:12.921457,4544.106292783333,592.14
P00938,3,ED,admit,2026-02-14T04:19:15.243419,2026-02-17T08:31:21.353846,2026-02-17T18:54:50.153846,4572.10184045,623.48
P00939,3,ED,admit,2026-02-14T04:21:00.912430,2026-02-17T08:46:42.764313,2026-02-17T18:49:36.764313,4585.697531383334,602.9
P00940,2,ED,admit,2026-02-14T04:21:09.329884,2026-02-17T08:57:07.154264,2026-02-17T20:48:56.954264,4595.963739666667,711.83
P00941,3,ED,admit,2026-02-14T04:21:54.790722,2026-02-17T09:06:05.810806,2026-02-17T19:13:22.610806,4604.1836680666665,607.28
P00942,3,ED,admit,2026-02-14T04:23:19.917914,2026-02-17T09:14:34.841539,2026-02-17T19:02:01.841539,4611.2487270833335,587.45
P00943,3,ED,admit,2026-02-14T04:24:46.290027,2026-02-17T09:19:44.232743,2026-02-17T19:49:28.032743,4614.965711933333,629.73
P00944,3,ED,admit,2026-02-14T04:29:08.650390,2026-02-17T10:11:43.868989,2026-02-17T19:59:52.868989,4662.58697665,588.15
P00945,2,ED,admit,2026-02-14T04:29:14.776644,2026-02-17T10:23:53.962017,2026-02-17T21:30:34.162017,4674.65308955,666.67
P00946,2,ED,admit,2026-02-14T04:30:03.749806,2026-02-17T10:41:18.273564,2026-02-17T21:58:14.073564,4691.242062633333,676.93
P00947,3,ED,admit,2026-02-14T04:31:20.009328,2026-02-17T10:47:17.440871,2026-02-17T20:32:51.640871,4695.957192383333,585.57
P00948,2,ED,admit,2026-02-14T04:32:11.415585,2026-02-17T10:49:16.859822,2026-02-17T22:45:13.259822,4697.0907372833335,715.94
P00949,3,ED,admit,2026-02-14T04:34:25.827739,2026-02-17T10:57:18.765587,2026-02-17T21:39:12.765587,4702.882297466666,641.9
P00950,3,ED,admit,2026-02-14T04:37:13.070317,2026-02-17T11:23:40.492008,2026-02-17T21:46:07.492008,4726.457028183333,622.45
P00951,3,ED,admit,2026-02-14T04:39:49.785006,2026-02-17T11:39:48.870115,2026-02-17T21:37:31.470115,4739.984751816666,597.71
P00952,3,ED,admit,2026-02-14T04:46:03.071571,2026-02-17T11:55:39.639712,2026-02-17T21:54:43.239712,4749.6094690166665,599.06
P00953,3,ED,admit,2026-02-14T04:47:09.391306,2026-02-17T12:08:28.172920,2026-02-17T22:39:59.372920,4761.313026899999,631.52
P00954,3,ED,admit,2026-02-14T04:47:38.346963,2026-02-17T12:09:59.289062,2026-02-17T22:45:17.889062,4762.349034983333,635.31
P00955,2,ED,admit,2026-02-14T04:47:51.568852,2026-02-17T12:33:09.185996,2026-02-17T23:36:39.785996,4785.293619066667,663.51
P00956,3,ED,admit,2026-02-14T04:49:16.816713,2026-02-17T12:37:52.502279,2026-02-17T23:24:31.502279,4788.594759433333,646.65
P00957,1,ED,admit,2026-02-14T04:50:24.563614,2026-02-17T12:57:09.868998,2026-02-18T03:00:06.268998,4806.755089733333,842.94
P00958,3,ED,admit,2026-02-14T04:51:22.914641,2026-02-17T13:12:37.134536,2026-02-17T23:31:25.734536,4821.2369982499995,618.81
P00959,3,ED,admit,2026-02-14T04:57:45.280056,2026-02-17T13:14:56.983914,2026-02-17T23:26:17.383914,4817.1950643,611.34
P00960,3,ED,admit,2026-02-14T04:57:51.947901,2026-02-17T13:15:54.091258,2026-02-17T23:20:00.691258,4818.035722616667,604.11
P00961,3,ED,admit,2026-02-14T04:59:04.760241,2026-02-17T14:01:41.994453,2026-02-18T00:19:08.994453,4862.6205702,617.45
P00962,3,ED,admit,2026-02-14T05:03:24.821371,2026-02-17T14:33:45.362950,2026-02-18T01:15:59.762950,4890.342359650001,642.24
P00963,3,ED,admit,2026-02-14T05:04:35.077797,2026-02-17T14:37:40.361969,2026-02-18T01:08:12.761969,4893.0880695333335,630.54
P00964,3,ED,admit,2026-02-14T05:07:13.769200,2026-02-17T14:56:40.456639,2026-02-18T00:49:48.256639,4909.44479065,593.13
P00965,2,ED,admit,2026-02-14T05:14:33.672692,2026-02-17T14:57:13.666023,2026-02-18T01:50:52.666023,4902.666555516666,653.65
P00966,2,ED,admit,2026-02-14T05:15:05.971731,2026-02-17T15:05:11.907866,2026-02-18T03:38:53.907866,4910.0989355833335,753.7
P00967,1,ICU,admit,2026-02-14T05:16:44.718133,2026-02-14T05:16:44.718133,2026-02-14T10:41:15.318133,0.0,324.51
P00968,3,ED,admit,2026-02-14T05:17:56.080552,2026-02-17T15:17:57.844224,2026-02-18T01:31:52.444224,4920.029394533333,613.91
P00969,3,ED,admit,2026-02-14T05:18:31.514207,2026-02-17T15:36:24.442845,2026-02-18T01:38:35.242845,4937.882143966666,602.18
P00970,3,ED,admit,2026-02-14T05:18:59.820843,2026-02-17T15:36:55.233931,2026-02-18T01:38:54.633931,4937.923551466666,601.99
P00971,2,ED,admit,2026-02-14T05:19:18.950116,2026-02-17T15:52:24.895421,2026-02-18T04:19:34.495421,4953.099088416667,747.16
P00972,1,ED,admit,2026-02-14T05:20:41.843602,2026-02-17T15:56:58.523688,2026-02-18T04:44:02.123688,4956.278001433334,767.06
P00973,3,ED,admit,2026-02-14T05:21:00.125084,2026-02-17T16:04:32.314713,2026-02-18T02:01:32.914713,4963.536493816666,597.01
P00974,3,ED,admit,2026-02-14T05:21:33.694355,2026-02-17T16:25:05.709468,2026-02-18T03:01:21.909468,4983.533585216666,636.27
P00975,2,ED,admit,2026-02-14T05:27:48.582859,2026-02-17T16:36:09.560164,2026-02-18T03:33:16.160164,4988.349621750001,657.11
P00976,2,ED,admit,2026-02-14T05:28:55.339810,2026-02-17T16:37:34.250703,2026-02-18T05:00:52.850703,4988.6485148833335,743.31
P00977,2,ED,admit,2026-02-14T05:30:27.612551,2026-02-17T16:41:44.743225,2026-02-18T03:35:45.943225,4991.285511233334,654.02
P00978,3,ED,admit,2026-02-14T05:30:55.911212,2026-02-17T16:45:47.675188,2026-02-18T02:48:49.475188,4994.862732933334,603.03
P00979,2,ED,admit,2026-02-14T05:31:41.923137,2026-02-17T16:48:00.413985,2026-02-18T03:50:10.613985,4996.3081808,662.17
P00980,3,ED,admit,2026-02-14T05:32:52.248753,2026-02-17T16:51:27.311938,2026-02-18T03:48:11.111938,4998.584386416666,656.73
P00981,2,ED,admit,2026-02-14T05:34:49.113750,2026-02-17T17:29:22.212830,2026-02-18T06:11:56.412830,5034.551651333333,762.57
P00982,3,ED,admit,2026-02-14T05:38:23.999999,2026-02-17T17:54:12.921457,2026-02-18T04:23:46.521457,5055.815357633333,629.56
P00983,2,ED,admit,2026-02-14T05:42:08.248830,2026-02-17T18:20:24.321574,2026-02-18T05:33:19.521574,5078.267879066667,672.92
P00984,2,ED,admit,2026-02-14T05:46:53.052963,2026-02-17T18:33:02.171276,2026-02-18T05:59:15.971276,5086.151971883333,686.23
P00985,3,ED,admit,2026-02-14T05:54:29.531970,2026-02-17T18:35:06.339860,2026-02-18T04:28:10.539860,5080.613464833334,593.07
P00986,3,ED,admit,2026-02-14T05:57:57.052355,2026-02-17T18:49:36.764313,2026-02-18T04:47:56.564313,5091.661865966667,598.33
P00987,3,ED,admit,2026-02-14T05:58:18.317816,2026-02-17T18:52:19.380101,2026-02-18T05:03:40.380101,5094.01770475,611.35
P00988,2,ICU,admit,2026-02-14T06:00:48.471044,2026-02-14T06:00:48.471044,2026-02-14T09:56:24.471044,0.0,235.6
P00989,3,ED,admit,2026-02-14T06:01:55.873491,2026-02-17T18:54:50.153846,2026-02-18T05:15:57.953846,5092.904672583333,621.13
P00990,2,ICU,admit,2026-02-14T06:07:13.395199,2026-02-14T06:07:13.395199,2026-02-14T09:22:39.195199,0.0,195.43
P00991,2,ED,admit,2026-02-14T06:08:20.184627,2026-02-17T19:02:01.841539,2026-02-18T05:56:39.041539,5093.694281866667,654.62
P00992,2,ED,admit,2026-02-14T06:08:29.077678,2026-02-17T19:13:22.610806,2026-02-18T07:46:29.210806,5104.8922188,753.11
P00993,3,ED,admit,2026-02-14T06:11:53.633416,2026-02-17T19:43:52.078583,2026-02-18T06:27:08.878583,5131.9740861166665,643.28
P00994,2,ED,admit,2026-02-14T06:12:27.183657,2026-02-17T19:49:28.032743,2026-02-18T08:21:41.832743,5137.014151433334,752.23
P00995,3,ED,admit,2026-02-14T06:16:43.351729,2026-02-17T19:59:52.868989,2026-02-18T06:11:56.468989,5143.158621,612.06
P00996,1,ED,admit,2026-02-14T06:18:42.674309,2026-02-17T20:06:23.054088,2026-02-18T11:53:43.454088,5147.672996316667,947.34
P00997,2,ED,admit,2026-02-14T06:19:03.473811,2026-02-17T20:32:51.640871,2026-02-18T08:43:52.240871,5173.802784333334,731.01
P00998,2,ED,admit,2026-02-14T06:19:10.508395,2026-02-17T20:48:56.954264,2026-02-18T08:48:23.354264,5189.774097816667,719.44
P00999,3,ED,admit,2026-02-14T06:20:54.588354,2026-02-17T21:30:34.162017,2026-02-18T08:10:43.162017,5229.65956105,640.15
P01000,3,ED,admit,2026-02-14T06:28:46.025720,2026-02-17T21:37:31.470115,2026-02-18T08:00:23.670115,5228.757406583333,622.87
P01001,2,ED,admit,2026-02-14T06:31:26.379041,2026-02-17T21:39:12.765587,2026-02-18T10:19:16.365587,5227.7731091000005,760.06
P01002,3,ED,admit,2026-02-14T06:33:52.807294,2026-02-17T21:46:07.492008,2026-02-18T07:44:23.692008,5232.244745233333,598.27
P01003,3,ED,admit,2026-02-14T06:33:58.684028,2026-02-17T21:54:43.239712,2026-02-18T08:06:56.439712,5240.742594733334,612.22
P01004,3,ED,admit,2026-02-14T06:47:16.425106,2026-02-17T21:58:14.073564,2026-02-18T08:11:24.273564,5230.960807633333,613.17
P01005,2,ED,admit,2026-02-14T06:47:54.240116,2026-02-17T22:39:59.372920,2026-02-18T10:02:33.572920,5272.085546733333,682.57
P01006,2,ED,admit,2026-02-14T06:48:10.479721,2026-02-17T22:45:13.259822,2026-02-18T10:44:58.259822,5277.0463350166665,719.75
P01007,2,ED,admit,2026-02-14T06:51:44.177491,2026-02-17T22:45:17.889062,2026-02-18T10:45:20.889062,5273.561859516666,720.05
P01008,2,ED,admit,2026-02-14T06:52:43.583361,2026-02-17T23:20:00.691258,2026-02-18T10:44:28.891258,5307.285131616666,684.47
P01009,3,ED,admit,2026-02-14T06:54:11.979749,2026-02-17T23:24:31.502279,2026-02-18T09:51:09.302279,5310.3253755000005,626.63
P01010,3,ED,admit,2026-02-14T06:58:25.004113,2026-02-17T23:26:17.383914,2026-02-18T09:55:32.383914,5307.872996683333,629.25
P01011,3,ED,admit,2026-02-14T06:58:26.068409,2026-02-17T23:31:25.734536,2026-02-18T10:01:57.534536,5312.99443545,630.53
P01012,3,ED,admit,2026-02-14T06:58:32.390474,2026-02-17T23:36:39.785996,2026-02-18T10:27:01.385996,5318.1232586999995,650.36
P01013,3,ED,admit,2026-02-14T06:58:47.521212,2026-02-18T00:19:08.994453,2026-02-18T10:50:13.794453,5360.35788735,631.08
P01014,1,ICU,admit,2026-02-14T06:59:02.327443,2026-02-14T06:59:02.327443,2026-02-14T11:39:41.327443,0.0,280.65
P01015,3,ED,admit,2026-02-14T07:00:27.379913,2026-02-18T00:49:48.256639,2026-02-18T11:37:11.056639,5389.347945433333,647.38
P01016,2,ED,admit,2026-02-14T07:03:36.955164,2026-02-18T01:08:12.761969,2026-02-18T13:11:13.961969,5404.596780083333,723.02
P01017,2,ED,admit,2026-02-14T07:05:00.144899,2026-02-18T01:15:59.762950,2026-02-18T12:37:06.962950,5410.993634183334,681.12
P01018,3,ED,admit,2026-02-14T07:05:18.343766,2026-02-18T01:31:52.444224,2026-02-18T11:40:55.444224,5426.568340966666,609.05
P01019,1,ED,admit,2026-02-14T07:06:16.316241,2026-02-18T01:38:35.242845,2026-02-18T16:51:18.442845,5432.3154434,912.72
P01020,3,ED,admit,2026-02-14T07:09:24.674702,2026-02-18T01:38:54.633931,2026-02-18T12:30:30.633931,5429.499320483333,651.6
P01021,2,ICU,admit,2026-02-14T07:10:26.094860,2026-02-14T07:10:26.094860,2026-02-14T10:24:41.694860,0.0,194.26
P01022,2,ED,admit,2026-02-14T07:13:36.461691,2026-02-18T01:50:52.666023,2026-02-18T12:52:23.266023,5437.2700722,661.51
P01023,3,ED,admit,2026-02-14T07:13:56.701331,2026-02-18T02:01:32.914713,2026-02-18T12:41:26.914713,5447.603556366666,639.9
P01024,2,ED,admit,2026-02-14T07:18:37.263580,2026-02-18T02:48:49.475188,2026-02-18T15:41:32.075188,5490.2035268,772.71
P01025,2,ED,admit,2026-02-14T07:18:45.315563,2026-02-18T03:00:06.268998,2026-02-18T15:42:46.468998,5501.349223916666,762.67
P01026,3,ED,admit,2026-02-14T07:19:52.763213,2026-02-18T03:01:21.909468,2026-02-18T13:51:06.909468,5501.485770916667,649.75
P01027,1,ICU,admit,2026-02-14T07:20:10.362285,2026-02-14T07:20:10.362285,2026-02-14T13:31:38.562285,0.0,371.47
P01028,3,ED,admit,2026-02-14T07:30:13.303949,2026-02-18T03:33:16.160164,2026-02-18T14:16:29.360164,5523.047603583333,643.22
P01029,2,ED,admit,2026-02-14T07:30:17.894042,2026-02-18T03:35:45.943225,2026-02-18T15:16:53.143225,5525.467486383333,701.12
P01030,2,ED,admit,2026-02-14T07:32:30.158437,2026-02-18T03:38:53.907866,2026-02-18T15:59:07.707866,5526.395823816667,740.23
P01031,2,ED,admit,2026-02-14T07:35:31.184980,2026-02-18T03:48:11.111938,2026-02-18T15:56:45.311938,5532.6654493,728.57
P01032,2,ED,admit,2026-02-14T07:37:36.704977,2026-02-18T03:50:10.613985,2026-02-18T14:48:26.813985,5532.565150133333,658.27
P01033,3,ED,admit,2026-02-14T07:37:43.018064,2026-02-18T04:19:34.495421,2026-02-18T14:23:06.895421,5561.85795595,603.54
P01034,1,ICU,admit,2026-02-14T07:42:08.957708,2026-02-14T07:42:08.957708,2026-02-14T12:14:52.157708,0.0,272.72
P01035,1,ICU,admit,2026-02-14T07:43:59.214764,2026-02-14T07:43:59.214764,2026-02-14T14:24:26.814764,0.0,400.46
P01036,3,ED,admit,2026-02-14T07:44:13.752737,2026-02-18T04:23:46.521457,2026-02-18T14:24:01.521457,5559.546145333333,600.25
P01037,2,ED,admit,2026-02-14T07:44:35.234583,2026-02-18T04:28:10.539860,2026-02-18T15:59:20.739860,5563.588421283333,691.17
P01038,2,ED,admit,2026-02-14T07:46:39.743910,2026-02-18T04:44:02.123688,2026-02-18T17:33:58.523688,5577.3729963,769.94
P01039,2,ICU,admit,2026-02-14T07:56:00.624947,2026-02-14T07:56:00.624947,2026-02-14T11:02:33.024947,0.0,186.54
P01040,1,ICU,admit,2026-02-14T07:56:04.152439,2026-02-14T07:56:04.152439,2026-02-14T13:00:34.152439,0.0,304.5
P01041,3,ED,admit,2026-02-14T07:56:25.520497,2026-02-18T04:47:56.564313,2026-02-18T14:59:04.964313,5571.517396933333,611.14
P01042,3,ED,admit,2026-02-14T07:57:40.208440,2026-02-18T05:00:52.850703,2026-02-18T15:31:55.250703,5583.210704383334,631.04
P01043,3,ED,admit,2026-02-14T07:57:54.735688,2026-02-18T05:03:40.380101,2026-02-18T15:36:30.780101,5585.760740216666,632.84
P01044,3,ED,admit,2026-02-14T08:06:28.957064,2026-02-18T05:15:57.953846,2026-02-18T15:33:15.353846,5589.4832797,617.29
P01045,3,ED,admit,2026-02-14T08:07:09.175449,2026-02-18T05:33:19.521574,2026-02-18T16:33:24.921574,5606.172435416666,660.09
P01046,3,ED,admit,2026-02-14T08:11:33.254699,2026-02-18T05:56:39.041539,2026-02-18T16:28:13.241539,5625.096447333333,631.57
P01047,2,ED,admit,2026-02-14T08:13:26.798122,2026-02-18T05:59:15.971276,2026-02-18T18:33:36.971276,5625.819552566667,754.35
P01048,3,ED,admit,2026-02-14T08:13:32.117312,2026-02-18T06:11:56.412830,2026-02-18T16:27:26.412830,5638.4049253,615.5
P01049,3,ED,admit,2026-02-14T08:15:08.782547,2026-02-18T06:11:56.468989,2026-02-18T16:59:34.268989,5636.794774033333,647.63
P01050,1,ICU,admit,2026-02-14T08:15:51.820479,2026-02-14T08:15:51.820479,2026-02-14T12:59:08.020479,0.0,283.27
P01051,3,ED,admit,2026-02-14T08:17:13.365390,2026-02-18T06:27:08.878583,2026-02-18T17:31:01.078583,5649.925219883333,663.87
P01052,3,ED,admit,2026-02-14T08:17:52.755716,2026-02-18T07:44:23.692008,2026-02-18T18:38:24.892008,5726.515604866667,654.02
P01053,3,ED,admit,2026-02-14T08:27:13.346133,2026-02-18T07:46:29.210806,2026-02-18T18:39:38.810806,5719.264411216666,653.16
P01054,3,ED,admit,2026-02-14T08:28:10.387870,2026-02-18T08:00:23.670115,2026-02-18T18:48:05.670115,5732.2213707500005,647.7
P01055,3,ED,admit,2026-02-14T08:34:50.367726,2026-02-18T08:06:56.439712,2026-02-18T18:52:06.039712,5732.1011997666665,645.16
P01056,1,ED,admit,2026-02-14T08:35:38.594817,2026-02-18T08:10:43.162017,2026-02-18T22:02:29.962017,5735.07612,831.78
P01057,3,ED,admit,2026-02-14T08:36:22.946241,2026-02-18T08:11:24.273564,2026-02-18T18:36:00.873564,5735.02212205,624.61
P01058,2,ED,admit,2026-02-14T08:36:35.274423,2026-02-18T08:21:41.832743,2026-02-18T19:46:50.232743,5745.109305333333,685.14
P01059,3,ED,admit,2026-02-14T08:36:39.934556,2026-02-18T08:43:52.240871,2026-02-18T19:50:47.440871,5767.20510525,666.92
P01060,3,ED,admit,2026-02-14T08:37:19.276582,2026-02-18T08:48:23.354264,2026-02-18T19:12:19.754264,5771.067961366667,623.94
P01061,3,ED,admit,2026-02-14T08:39:32.932051,2026-02-18T09:51:09.302279,2026-02-18T21:07:25.502279,5831.606170466666,676.27
P01062,1,ICU,admit,2026-02-14T08:40:12.117898,2026-02-14T08:40:12.117898,2026-02-14T13:50:38.517898,0.0,310.44
P01063,1,ICU,admit,2026-02-14T08:41:36.062380,2026-02-14T08:41:36.062380,2026-02-14T14:00:36.062380,0.0,319.0
P01064,3,ED,admit,2026-02-14T08:43:12.790062,2026-02-18T09:55:32.383914,2026-02-18T21:12:24.583914,5832.326564200001,676.87
P01065,1,ICU,admit,2026-02-14T08:44:52.232843,2026-02-14T08:44:52.232843,2026-02-14T15:32:46.232843,0.0,407.9
P01066,2,ED,admit,2026-02-14T08:46:01.641618,2026-02-18T10:01:57.534536,2026-02-18T22:47:25.134536,5835.9315486333335,765.46
P01067,3,ED,admit,2026-02-14T08:46:46.729641,2026-02-18T10:02:33.572920,2026-02-18T21:05:43.772920,5835.780721316667,663.17
P01068,3,ED,admit,2026-02-14T08:47:53.501401,2026-02-18T10:19:16.365587,2026-02-18T21:33:49.965587,5851.381069766667,674.56
P01069,2,ED,admit,2026-02-14T08:51:59.200023,2026-02-18T10:27:01.385996,2026-02-18T22:01:10.385996,5855.036432883334,694.15
P01070,3,ED,admit,2026-02-14T08:53:20.611701,2026-02-18T10:44:28.891258,2026-02-18T22:10:43.291258,5871.137992616666,686.24
P01071,3,ED,admit,2026-02-14T08:57:15.961429,2026-02-18T10:44:58.259822,2026-02-18T21:50:48.659822,5867.704973216666,665.84
P01072,2,ED,admit,2026-02-14T08:57:18.476487,2026-02-18T10:45:20.889062,2026-02-18T22:52:01.089062,5868.040209583333,726.67
P01073,3,ED,admit,2026-02-14T08:59:56.374843,2026-02-18T10:50:13.794453,2026-02-18T21:39:20.394453,5870.290326833333,649.11
P01074,2,ED,admit,2026-02-14T09:01:54.806682,2026-02-18T11:37:11.056639,2026-02-19T00:11:35.056639,5915.270832616667,754.4
P01075,3,ED,admit,2026-02-14T09:03:09.926817,2026-02-18T11:40:55.444224,2026-02-18T22:17:57.244224,5917.75862345,637.03
P01076,3,ED,admit,2026-02-14T09:06:50.467316,2026-02-18T11:53:43.454088,2026-02-18T22:52:54.854088,5926.883112866666,659.19
P01077,3,ED,admit,2026-02-14T09:07:33.925117,2026-02-18T12:30:30.633931,2026-02-18T23:07:31.833931,5962.9451469000005,637.02
P01078,3,ED,admit,2026-02-14T09:08:58.833272,2026-02-18T12:37:06.962950,2026-02-18T23:38:03.362950,5968.135494633333,660.94
P01079,3,ED,admit,2026-02-14T09:11:58.538693,2026-02-18T12:41:26.914713,2026-02-19T00:00:15.514713,5969.472933666667,678.81
P01080,2,ED,admit,2026-02-14T09:12:18.761153,2026-02-18T12:52:23.266023,2026-02-19T01:54:13.066023,5980.075081166667,781.83
P01081,2,ICU,admit,2026-02-14T09:13:54.851987,2026-02-14T09:13:54.851987,2026-02-14T12:56:13.451987,0.0,222.31
P01082,2,ED,admit,2026-02-14T09:14:13.339744,2026-02-18T13:11:13.961969,2026-02-19T01:10:37.961969,5997.010370416667,719.4
P01083,2,ED,admit,2026-02-14T09:15:03.906669,2026-02-18T13:51:06.909468,2026-02-19T01:18:59.109468,6036.05004665,687.87
P01084,2,ED,admit,2026-02-14T09:15:25.818315,2026-02-18T14:16:29.360164,2026-02-19T01:55:56.360164,6061.059030816667,699.45
P01085,2,ED,admit,2026-02-14T09:15:39.680765,2026-02-18T14:23:06.895421,2026-02-19T03:08:42.895421,6067.4535776,765.6
P01086,2,ED,admit,2026-02-14T09:17:51.842045,2026-02-18T14:24:01.521457,2026-02-19T02:09:44.121457,6066.161323533333,705.71
P01087,2,ED,admit,2026-02-14T09:18:04.721643,2026-02-18T14:48:26.813985,2026-02-19T04:02:19.613985,6090.3682057,793.88
P01088,3,ED,admit,2026-02-14T09:18:46.016955,2026-02-18T14:59:04.964313,2026-02-19T01:42:22.364313,6100.3157893,643.29
P01089,2,ED,admit,2026-02-14T09:23:01.757653,2026-02-18T15:16:53.143225,2026-02-19T04:05:54.943225,6113.8564262,769.03
P01090,2,ED,admit,2026-02-14T09:25:46.256729,2026-02-18T15:31:55.250703,2026-02-19T04:35:25.250703,6126.149899566666,783.5
P01091,3,ED,admit,2026-02-14T09:28:57.785511,2026-02-18T15:33:15.353846,2026-02-19T02:32:05.753846,6124.292805583334,658.84
P01092,1,ICU,admit,2026-02-14T09:31:22.237621,2026-02-14T09:31:22.237621,2026-02-14T14:26:33.637621,0.0,295.19
P01093,3,ED,admit,2026-02-14T09:37:07.177234,2026-02-18T15:36:30.780101,2026-02-19T02:15:28.380101,6119.393381116666,638.96
P01094,2,ICU,admit,2026-02-14T09:40:43.132235,2026-02-14T09:40:43.132235,2026-02-14T12:26:23.932235,0.0,165.68
P01095,2,ED,admit,2026-02-14T09:40:53.038085,2026-02-18T15:41:32.075188,2026-02-19T04:39:48.275188,6120.650618383333,778.27
P01096,3,ED,admit,2026-02-14T09:40:53.196706,2026-02-18T15:42:46.468998,2026-02-19T02:51:39.868998,6121.887871533333,668.89
P01097,3,ED,admit,2026-02-14T09:43:23.617996,2026-02-18T15:56:45.311938,2026-02-19T02:49:43.511938,6133.3615657,652.97
P01098,3,ED,admit,2026-02-14T09:48:27.075285,2026-02-18T15:59:07.707866,2026-02-19T02:54:29.907866,6130.677209683333,655.37
P01099,3,ED,admit,2026-02-14T09:52:14.960387,2026-02-18T15:59:20.739860,2026-02-19T03:17:00.939860,6127.09632455,677.67
P01100,3,ED,admit,2026-02-14T09:53:46.050519,2026-02-18T16:27:26.412830,2026-02-19T03:47:58.812830,6153.672705183333,680.54
P01101,2,ED,admit,2026-02-14T09:54:13.348457,2026-02-18T16:28:13.241539,2026-02-19T03:59:29.441539,6153.998218033334,691.27
P01102,2,ICU,admit,2026-02-14T09:54:21.208851,2026-02-14T09:54:21.208851,2026-02-14T12:03:53.008851,0.0,129.53
P01103,2,ED,admit,2026-02-14T09:56:50.237819,2026-02-18T16:33:24.921574,2026-02-19T04:14:47.121574,6156.578062583333,701.37
P01104,3,ED,admit,2026-02-14T09:58:56.459462,2026-02-18T16:51:18.442845,2026-02-19T03:32:55.042845,6172.366389716667,641.61
P01105,3,ED,admit,2026-02-14T09:59:04.794717,2026-02-18T16:59:34.268989,2026-02-19T03:35:24.668989,6180.491237866667,635.84
P01106,3,ED,admit,2026-02-14T10:00:09.408832,2026-02-18T17:31:01.078583,2026-02-19T04:38:02.878583,6210.861162516667,667.03
P01107,3,ED,admit,2026-02-14T10:01:10.093422,2026-02-18T17:33:58.523688,2026-02-19T05:02:17.723688,6212.807171099999,688.32
P01108,3,ED,admit,2026-02-14T10:04:30.289095,2026-02-18T18:33:36.971276,2026-02-19T06:06:40.571276,6269.111369683334,693.06
P01109,3,ED,admit,2026-02-14T10:10:51.696648,2026-02-18T18:36:00.873564,2026-02-19T06:03:54.273564,6265.152948600001,687.89
P01110,2,ED,admit,2026-02-14T10:16:45.758752,2026-02-18T18:38:24.892008,2026-02-19T06:14:08.692008,6261.652220933333,695.73
P01111,3,ED,admit,2026-02-14T10:17:03.075164,2026-02-18T18:39:38.810806,2026-02-19T06:07:26.810806,6262.595594033333,687.8
P01112,2,ED,admit,2026-02-14T10:23:33.362993,2026-02-18T18:48:05.670115,2026-02-19T07:10:16.470115,6264.538452033334,742.18
P01113,3,ED,admit,2026-02-14T10:28:01.119310,2026-02-18T18:52:06.039712,2026-02-19T05:53:56.439712,6264.0820067,661.84
P01114,2,ED,admit,2026-02-14T10:30:15.219314,2026-02-18T19:12:19.754264,2026-02-19T08:36:39.554264,6282.0755825,804.33
P01115,2,ED,admit,2026-02-14T10:30:18.534250,2026-02-18T19:46:50.232743,2026-02-19T08:27:46.032743,6316.528308216667,760.93
P01116,3,ED,admit,2026-02-14T10:41:36.115950,2026-02-18T19:50:47.440871,2026-02-19T06:44:09.040871,6309.188748683333,653.36
P01117,2,ED,admit,2026-02-14T10:41:45.650079,2026-02-18T21:05:43.772920,2026-02-19T09:17:38.372920,6383.968714016666,731.91
P01118,3,ED,admit,2026-02-14T10:42:33.446348,2026-02-18T21:07:25.502279,2026-02-19T07:56:19.502279,6384.86759885,648.9
P01119,3,ED,admit,2026-02-14T10:43:46.685561,2026-02-18T21:12:24.583914,2026-02-19T07:41:51.583914,6388.631639216666,629.45
P01120,3,ED,admit,2026-02-14T10:45:15.717801,2026-02-18T21:33:49.965587,2026-02-19T08:09:26.565587,6408.570796433333,635.61
P01121,3,ED,admit,2026-02-14T10:46:51.170444,2026-02-18T21:39:20.394453,2026-02-19T08:12:17.994453,6412.487066816667,632.96
P01122,3,ED,admit,2026-02-14T10:48:43.597177,2026-02-18T21:50:48.659822,2026-02-19T08:40:45.659822,6422.084377416667,649.95
P01123,3,ED,admit,2026-02-14T10:48:55.812518,2026-02-18T22:01:10.385996,2026-02-19T08:45:14.585996,6432.2428913,644.07
P01124,3,ED,admit,2026-02-14T10:52:05.869005,2026-02-18T22:02:29.962017,2026-02-19T08:50:41.962017,6430.4015502,648.2
P01125,3,ED,admit,2026-02-14T10:52:59.820540,2026-02-18T22:10:43.291258,2026-02-19T09:32:19.291258,6437.724511966667,681.6
P01126,1,ED,admit,2026-02-14T10:54:25.342497,2026-02-18T22:17:57.244224,2026-02-19T12:37:33.244224,6443.53169545,859.6
P01127,3,ED,admit,2026-02-14T10:54:41.194062,2026-02-18T22:47:25.134536,2026-02-19T09:34:04.734536,6472.7323412333335,646.66
P01128,3,ED,admit,2026-02-14T10:58:08.775117,2026-02-18T22:52:01.089062,2026-02-19T09:51:01.689062,6473.871899083333,659.01
P01129,2,ED,admit,2026-02-14T11:01:05.772986,2026-02-18T22:52:54.854088,2026-02-19T12:21:40.454088,6471.818018366667,808.76
P01130,2,ED,admit,2026-02-14T11:01:17.060326,2026-02-18T23:07:31.833931,2026-02-19T11:16:30.633931,6486.24622675,728.98
P01131,3,ED,admit,2026-02-14T11:04:13.313599,2026-02-18T23:38:03.362950,2026-02-19T10:21:57.362950,6513.83415585,643.9
P01132,2,ICU,admit,2026-02-14T11:06:30.099693,2026-02-14T11:06:30.099693,2026-02-14T14:21:36.699693,0.0,195.11
P01133,2,ED,admit,2026-02-14T11:08:33.563665,2026-02-19T00:00:15.514713,2026-02-19T12:57:00.514713,6531.699184133334,776.75
P01134,1,ED,admit,2026-02-14T11:09:10.178684,2026-02-19T00:11:35.056639,2026-02-19T15:24:48.856639,6542.414632583333,913.23
P01135,3,ED,admit,2026-02-14T11:16:19.853386,2026-02-19T01:10:37.961969,2026-02-19T12:11:51.161969,6594.301809716667,661.22
P01136,3,ED,admit,2026-02-14T11:19:49.781348,2026-02-19T01:18:59.109468,2026-02-19T12:49:56.709468,6599.155468666667,690.96
P01137,2,ED,admit,2026-02-14T11:21:18.750046,2026-02-19T01:42:22.364313,2026-02-19T14:13:34.364313,6621.060237783333,751.2
P01138,2,ED,admit,2026-02-14T11:22:32.535325,2026-02-19T01:54:13.066023,2026-02-19T14:56:39.466023,6631.675511633333,782.44
P01139,3,ED,admit,2026-02-14T11:23:07.843632,2026-02-19T01:55:56.360164,2026-02-19T13:35:44.960164,6632.808608866666,699.81
P01140,1,ICU,admit,2026-02-14T11:25:15.097626,2026-02-14T11:25:15.097626,2026-02-14T17:21:18.697626,0.0,356.06
P01141,3,ED,admit,2026-02-14T11:27:05.002877,2026-02-19T02:09:44.121457,2026-02-19T13:10:35.721457,6642.651976333334,660.86
P01142,2,ED,admit,2026-02-14T11:29:29.585131,2026-02-19T02:15:28.380101,2026-02-19T13:55:28.980101,6645.979916166666,700.01
P01143,2,ICU,admit,2026-02-14T11:31:43.961295,2026-02-14T11:31:43.961295,2026-02-14T14:42:29.561295,0.0,190.76
P01144,2,ED,admit,2026-02-14T11:33:23.038507,2026-02-19T02:32:05.753846,2026-02-19T15:56:27.953846,6658.7119223166665,804.37
P01145,2,ED,admit,2026-02-14T11:34:14.311751,2026-02-19T02:49:43.511938,2026-02-19T15:35:27.911938,6675.486669783333,765.74
P01146,3,ED,admit,2026-02-14T11:34:25.616794,2026-02-19T02:51:39.868998,2026-02-19T13:56:29.068998,6677.237536733333,664.82
P01147,3,ED,admit,2026-02-14T11:35:25.321650,2026-02-19T02:54:29.907866,2026-02-19T14:07:43.707866,6679.076436933334,673.23
P01148,3,ED,admit,2026-02-14T11:36:14.695119,2026-02-19T03:08:42.895421,2026-02-19T14:36:29.695421,6692.470005033333,687.78
P01149,1,ICU,admit,2026-02-14T11:41:04.839015,2026-02-14T11:41:04.839015,2026-02-14T15:50:52.239015,0.0,249.79
P01150,1,ICU,admit,2026-02-14T11:41:33.251436,2026-02-14T11:41:33.251436,2026-02-14T16:20:30.851436,0.0,278.96
P01151,2,ED,admit,2026-02-14T11:42:06.985073,2026-02-19T03:17:00.939860,2026-02-19T15:42:39.939860,6694.899246450001,745.65
P01152,3,ED,admit,2026-02-14T11:42:12.281619,2026-02-19T03:32:55.042845,2026-02-19T15:22:28.642845,6710.712687099999,709.56
P01153,3,ED,admit,2026-02-14T11:44:59.460630,2026-02-19T03:35:24.668989,2026-02-19T14:46:21.668989,6710.420139316667,670.95
P01154,2,ED,admit,2026-02-14T11:46:23.601316,2026-02-19T03:47:58.812830,2026-02-19T16:48:56.412830,6721.586858566667,780.96
P01155,3,ED,admit,2026-02-14T11:47:58.383843,2026-02-19T03:59:29.441539,2026-02-19T14:55:04.241539,6731.517628266666,655.58
P01156,3,ED,admit,2026-02-14T11:54:45.047235,2026-02-19T04:02:19.613985,2026-02-19T14:56:17.213985,6727.5761125,653.96
P01157,2,ED,admit,2026-02-14T11:56:13.057273,2026-02-19T04:05:54.943225,2026-02-19T15:56:12.343225,6729.6980992,710.29
P01158,2,ICU,admit,2026-02-14T11:58:18.794678,2026-02-14T11:58:18.794678,2026-02-14T15:05:54.194678,0.0,187.59
P01159,3,ED,admit,2026-02-14T12:02:38.715458,2026-02-19T04:14:47.121574,2026-02-19T15:23:02.721574,6732.140101933333,668.26
P01160,2,ED,admit,2026-02-14T12:03:07.252099,2026-02-19T04:35:25.250703,2026-02-19T17:53:46.850703,6752.299976733334,798.36
P01161,2,ED,admit,2026-02-14T12:04:47.643583,2026-02-19T04:38:02.878583,2026-02-19T16:33:23.278583,6753.253916666667,715.34
P01162,2,ED,admit,2026-02-14T12:05:36.393133,2026-02-19T04:39:48.275188,2026-02-19T17:19:28.475188,6754.19803425,759.67
P01163,3,ED,admit,2026-02-14T12:05:55.114312,2026-02-19T05:02:17.723688,2026-02-19T16:07:05.123688,6776.376822933334,664.79
P01164,3,ED,admit,2026-02-14T12:06:16.663053,2026-02-19T05:53:56.439712,2026-02-19T16:55:39.639712,6827.662944316667,661.72
P01165,3,ED,admit,2026-02-14T12:07:24.126279,2026-02-19T06:03:54.273564,2026-02-19T16:55:39.273564,6836.502454750001,651.75
P01166,1,ICU,admit,2026-02-14T12:10:20.206095,2026-02-14T12:10:20.206095,2026-02-14T16:55:55.006095,0.0,285.58
P01167,2,ED,admit,2026-02-14T12:11:59.962480,2026-02-19T06:06:40.571276,2026-02-19T19:22:47.771276,6834.676813266667,796.12
P01168,3,ED,admit,2026-02-14T12:12:00.380764,2026-02-19T06:07:26.810806,2026-02-19T17:34:58.610806,6835.4405007000005,687.53
P01169,1,ICU,admit,2026-02-14T12:14:59.596225,2026-02-14T12:14:59.596225,2026-02-14T18:43:12.796225,0.0,388.22
P01170,2,ED,admit,2026-02-14T12:16:51.341978,2026-02-19T06:14:08.692008,2026-02-19T18:51:27.892008,6837.289167166667,757.32
P01171,2,ED,admit,2026-02-14T12:18:04.552809,2026-02-19T06:44:09.040871,2026-02-19T19:58:57.040871,6866.074801033334,794.8
P01172,2,ED,admit,2026-02-14T12:19:56.368080,2026-02-19T07:10:16.470115,2026-02-19T19:36:27.270115,6890.335033916666,746.18
P01173,2,ED,admit,2026-02-14T12:20:00.502091,2026-02-19T07:41:51.583914,2026-02-19T19:45:42.583914,6921.851363716666,723.85
P01174,2,ICU,admit,2026-02-14T12:20:21.409197,2026-02-14T12:20:21.409197,2026-02-14T16:14:22.009197,0.0,234.01
P01175,1,ED,admit,2026-02-14T12:23:34.521979,2026-02-19T07:56:19.502279,2026-02-19T21:43:01.502279,6932.7496716666665,826.7
P01176,3,ED,admit,2026-02-14T12:23:59.674349,2026-02-19T08:09:26.565587,2026-02-19T20:04:33.765587,6945.4481873,715.12
P01177,2,ED,admit,2026-02-14T12:30:46.618917,2026-02-19T08:12:17.994453,2026-02-19T20:20:40.794453,6941.5229256,728.38
P01178,2,ED,admit,2026-02-14T12:31:39.511483,2026-02-19T08:27:46.032743,2026-02-19T20:14:29.232743,6956.108687666667,706.72
P01179,3,ED,admit,2026-02-14T12:31:44.621443,2026-02-19T08:36:39.554264,2026-02-19T19:38:20.954264,6964.915547016667,661.69
P01180,3,ED,admit,2026-02-14T12:32:43.870808,2026-02-19T08:40:45.659822,2026-02-19T19:39:20.459822,6968.0298169,658.58
P01181,3,ED,admit,2026-02-14T12:33:16.114339,2026-02-19T08:45:14.585996,2026-02-19T20:32:19.985996,6971.974527616667,707.09
P01182,3,ED,admit,2026-02-14T12:33:19.823696,2026-02-19T08:50:41.962017,2026-02-19T20:13:53.962017,6977.368972016667,683.2
P01183,1,ICU,admit,2026-02-14T12:42:56.147236,2026-02-14T12:42:56.147236,2026-02-14T19:18:13.547236,0.0,395.29
P01184,3,ED,admit,2026-02-14T12:43:43.479626,2026-02-19T09:17:38.372920,2026-02-19T20:36:28.172920,6993.914888233334,678.83
P01185,1,ICU,admit,2026-02-14T12:43:55.104580,2026-02-14T12:43:55.104580,2026-02-14T19:26:19.704580,0.0,402.41
P01186,1,ICU,admit,2026-02-14T12:48:11.614793,2026-02-14T12:56:13.451987,2026-02-14T19:34:59.051987,8.0306199,398.76
P01187,3,ED,admit,2026-02-14T12:50:00.968714,2026-02-19T09:32:19.291258,2026-02-19T21:10:36.691258,7002.305375733334,698.29
P01188,3,ED,admit,2026-02-14T12:50:09.689573,2026-02-19T09:34:04.734536,2026-02-19T20:59:45.534536,7003.91741605,685.68
P01189,3,ED,admit,2026-02-14T12:53:19.906299,2026-02-19T09:51:01.689062,2026-02-19T21:20:42.489062,7017.696379383333,689.68
P01190,3,ED,admit,2026-02-14T12:53:29.936995,2026-02-19T10:21:57.362950,2026-02-19T22:00:06.362950,7048.457099249999,698.15
P01191,3,ED,admit,2026-02-14T12:54:21.964092,2026-02-19T11:16:30.633931,2026-02-19T22:33:39.033931,7102.144497316666,677.14
P01192,2,ED,admit,2026-02-14T12:54:41.025395,2026-02-19T12:11:51.161969,2026-02-20T00:20:19.961969,7157.1689429,728.48
P01193,2,ED,admit,2026-02-14T12:55:36.598404,2026-02-19T12:21:40.454088,2026-02-20T00:46:20.054088,7166.0642614,744.66
P01194,1,ICU,admit,2026-02-14T12:57:56.503838,2026-02-14T12:59:08.020479,2026-02-14T17:26:51.220479,1.1919440166666668,267.72
P01195,2,ICU,admit,2026-02-14T13:02:35.749587,2026-02-14T13:02:35.749587,2026-02-14T16:22:30.349587,0.0,199.91
P01196,3,ED,admit,2026-02-14T13:03:51.845364,2026-02-19T12:37:33.244224,2026-02-20T00:22:33.244224,7173.689981,705.0
P01197,3,ED,admit,2026-02-14T13:05:50.594091,2026-02-19T12:49:56.709468,2026-02-20T00:20:15.309468,7184.10192295,690.31
P01198,3,ED,admit,2026-02-14T13:07:07.547811,2026-02-19T12:57:00.514713,2026-02-20T00:26:37.714713,7189.8827817,689.62
P01199,3,ED,admit,2026-02-14T13:08:05.198041,2026-02-19T13:10:35.721457,2026-02-20T00:25:11.121457,7202.5087236,674.59
P01200,1,ICU,admit,2026-02-14T13:11:31.022276,2026-02-14T13:31:38.562285,2026-02-14T19:52:39.762285,20.12566681666667,381.02
P01201,3,ED,admit,2026-02-14T13:14:17.721473,2026-02-19T13:35:44.960164,2026-02-20T01:11:17.360164,7221.453978183333,695.54
P01202,2,ED,admit,2026-02-14T13:14:24.445780,2026-02-19T13:55:28.980101,2026-02-20T02:19:36.780101,7241.075572016666,744.13
P01203,3,ED,admit,2026-02-14T13:15:03.565227,2026-02-19T13:56:29.068998,2026-02-20T01:08:09.268998,7241.42506285,671.67
P01204,3,ED,admit,2026-02-14T13:17:04.489823,2026-02-19T14:07:43.707866,2026-02-20T01:28:22.107866,7250.65363405,680.64
P01205,2,ED,admit,2026-02-14T13:19:18.026023,2026-02-19T14:13:34.364313,2026-02-20T03:49:04.364313,7254.272304833333,815.5
P01206,2,ED,admit,2026-02-14T13:21:30.120819,2026-02-19T14:36:29.695421,2026-02-20T03:22:01.495421,7274.992910033334,765.53
P01207,2,ED,admit,2026-02-14T13:22:16.119385,2026-02-19T14:46:21.668989,2026-02-20T03:07:10.868989,7284.0924934,740.82
P01208,2,ED,admit,2026-02-14T13:23:38.475339,2026-02-19T14:55:04.241539,2026-02-20T03:50:35.441539,7291.429436666667,775.52
P01209,2,ED,admit,2026-02-14T13:24:00.942051,2026-02-19T14:56:17.213985,2026-02-20T03:54:26.813985,7292.2711989,778.16
P01210,3,ED,admit,2026-02-14T13:26:37.033017,2026-02-19T14:56:39.466023,2026-02-20T02:53:01.666023,7290.0405501000005,716.37
P01211,2,ED,admit,2026-02-14T13:28:13.775761,2026-02-19T15:22:28.642845,2026-02-20T04:54:38.242845,7314.247784733334,812.16
P01212,3,ED,admit,2026-02-14T13:31:35.446282,2026-02-19T15:23:02.721574,2026-02-20T03:19:50.721574,7311.454588199999,716.8
P01213,3,ED,admit,2026-02-14T13:33:37.056299,2026-02-19T15:24:48.856639,2026-02-20T02:56:29.056639,7311.1966723333335,691.67
P01214,2,ICU,admit,2026-02-14T13:34:23.693483,2026-02-14T13:50:38.517898,2026-02-14T16:29:33.117898,16.247073583333336,158.91
P01215,3,ED,admit,2026-02-14T13:41:43.139983,2026-02-19T15:35:27.911938,2026-02-20T03:30:18.311938,7313.74619925,714.84
P01216,3,ED,admit,2026-02-14T13:44:04.067454,2026-02-19T15:42:39.939860,2026-02-20T03:26:23.739860,7318.597873433333,703.73
P01217,3,ED,admit,2026-02-14T13:44:39.291984,2026-02-19T15:56:12.343225,2026-02-20T03:34:43.543225,7331.550854016667,698.52
P01218,2,ED,admit,2026-02-14T13:45:49.234581,2026-02-19T15:56:27.953846,2026-02-20T05:57:44.153846,7330.645321083333,841.27
P01219,2,ED,admit,2026-02-14T13:47:56.742224,2026-02-19T16:07:05.123688,2026-02-20T04:49:21.323688,7339.139691066666,762.27
P01220,2,ED,admit,2026-02-14T13:50:22.474302,2026-02-19T16:33:23.278583,2026-02-20T05:54:46.078583,7363.013404683333,801.38
P01221,3,ED,admit,2026-02-14T13:52:18.089397,2026-02-19T16:48:56.412830,2026-02-20T05:11:40.212830,7376.638723883333,742.73
P01222,3,ED,admit,2026-02-14T13:53:07.098925,2026-02-19T16:55:39.273564,2026-02-20T05:14:45.873564,7382.5362439833325,739.11
P01223,3,ED,admit,2026-02-14T13:57:55.338379,2026-02-19T16:55:39.639712,2026-02-20T04:37:54.039712,7377.73835555,702.24
P01224,2,ICU,admit,2026-02-14T14:00:56.395384,2026-02-14T14:00:56.395384,2026-02-14T16:10:46.795384,0.0,129.84
P01225,3,ED,admit,2026-02-14T14:01:12.282198,2026-02-19T17:19:28.475188,2026-02-20T05:19:07.475188,7398.269883166667,719.65
P01226,3,ED,admit,2026-02-14T14:03:16.532350,2026-02-19T17:34:58.610806,2026-02-20T05:30:45.410806,7411.7013076,715.78
P01227,3,ED,admit,2026-02-14T14:07:41.147458,2026-02-19T17:53:46.850703,2026-02-20T05:58:00.650703,7426.095054083333,724.23
P01228,3,ED,admit,2026-02-14T14:07:53.279722,2026-02-19T18:51:27.892008,2026-02-20T06:31:22.492008,7483.5768714333335,699.91
P01229,2,ED,admit,2026-02-14T14:08:13.754643,2026-02-19T19:22:47.771276,2026-02-20T09:00:57.371276,7514.566943883333,818.16
P01230,3,ED,admit,2026-02-14T14:09:09.460927,2026-02-19T19:36:27.270115,2026-02-20T07:43:45.270115,7527.2968198,727.3
P01231,3,ED,admit,2026-02-14T14:09:39.137343,2026-02-19T19:38:20.954264,2026-02-20T07:31:16.154264,7528.696948683334,712.92
P01232,3,ED,admit,2026-02-14T14:10:27.493617,2026-02-19T19:39:20.459822,2026-02-20T08:02:36.659822,7528.8827700833335,743.27
P01233,3,ED,admit,2026-02-14T14:10:40.826178,2026-02-19T19:45:42.583914,2026-02-20T07:14:45.583914,7535.0292956,689.05
P01234,3,ED,admit,2026-02-14T14:18:46.360968,2026-02-19T19:58:57.040871,2026-02-20T08:13:27.040871,7540.177998383334,734.5
P01235,3,ED,admit,2026-02-14T14:19:10.982276,2026-02-19T20:04:33.765587,2026-02-20T08:04:30.765587,7545.379721849999,719.95
P01236,2,ED,admit,2026-02-14T14:23:04.489969,2026-02-19T20:13:53.962017,2026-02-20T10:09:51.562017,7550.824534133334,835.96
P01237,1,ICU,admit,2026-02-14T14:24:47.176284,2026-02-14T14:24:47.176284,2026-02-14T20:51:53.776284,0.0,387.11
P01238,2,ED,admit,2026-02-14T14:25:12.464925,2026-02-19T20:14:29.232743,2026-02-20T10:17:17.232743,7549.279463633333,842.8
P01239,2,ICU,admit,2026-02-14T14:28:52.634838,2026-02-14T14:28:52.634838,2026-02-14T17:29:25.034838,0.0,180.54
P01240,2,ED,admit,2026-02-14T14:29:00.209831,2026-02-19T20:20:40.794453,2026-02-20T10:08:31.794453,7551.6764103666665,827.85
P01241,1,ICU,admit,2026-02-14T14:30:03.163052,2026-02-14T14:30:03.163052,2026-02-14T20:25:16.363052,0.0,355.22
P01242,3,ED,admit,2026-02-14T14:30:03.828697,2026-02-19T20:32:19.985996,2026-02-20T08:30:37.985996,7562.2692883166665,718.3
P01243,2,ED,admit,2026-02-14T14:32:06.806710,2026-02-19T20:36:28.172920,2026-02-20T09:25:59.372920,7564.3561035,769.52
P01244,2,ED,admit,2026-02-14T14:33:32.630349,2026-02-19T20:59:45.534536,2026-02-20T10:11:52.134536,7586.215069783333,792.11
P01245,1,ICU,admit,2026-02-14T14:39:37.592594,2026-02-14T14:42:29.561295,2026-02-14T20:34:09.161295,2.8661450166666667,351.66
P01246,3,ED,admit,2026-02-14T14:43:43.774786,2026-02-19T21:10:36.691258,2026-02-20T08:49:07.891258,7586.8819412,698.52
P01247,1,ICU,admit,2026-02-14T14:44:12.708375,2026-02-14T15:05:54.194678,2026-02-14T20:21:56.594678,21.69143838333333,316.04
P01248,3,ED,admit,2026-02-14T14:44:51.049426,2026-02-19T21:20:42.489062,2026-02-20T09:01:07.689062,7595.857327266667,700.42
P01249,3,ED,admit,2026-02-14T14:45:14.241843,2026-02-19T21:43:01.502279,2026-02-20T09:52:00.902279,7617.787673933333,728.99
P01250,3,ED,admit,2026-02-14T14:46:28.589615,2026-02-19T22:00:06.362950,2026-02-20T09:49:21.962950,7633.629555583333,709.26
P01251,3,ED,admit,2026-02-14T14:47:31.985974,2026-02-19T22:33:39.033931,2026-02-20T10:11:26.433931,7666.117465949999,697.79
P01252,3,ED,admit,2026-02-14T14:50:25.384610,2026-02-20T00:20:15.309468,2026-02-20T11:53:45.309468,7769.832080966667,693.5
P01253,3,ED,admit,2026-02-14T14:51:27.315684,2026-02-20T00:20:19.961969,2026-02-20T12:09:39.761969,7768.877438083334,709.33
P01254,3,ED,admit,2026-02-14T14:52:06.163146,2026-02-20T00:22:33.244224,2026-02-20T12:14:59.044224,7770.4513513,712.43
P01255,3,ED,admit,2026-02-14T14:52:27.088580,2026-02-20T00:25:11.121457,2026-02-20T12:54:50.721457,7772.733881283333,749.66
P01256,2,ED,admit,2026-02-14T14:53:36.530501,2026-02-20T00:26:37.714713,2026-02-20T13:10:21.514713,7773.019736866667,763.73
P01257,3,ED,admit,2026-02-14T14:54:25.778675,2026-02-20T00:46:20.054088,2026-02-20T13:20:35.654088,7791.904590216667,754.26
P01258,3,ED,admit,2026-02-14T14:55:24.127680,2026-02-20T01:08:09.268998,2026-02-20T13:01:02.668998,7812.7523553,712.89
P01259,2,ED,admit,2026-02-14T14:58:48.079707,2026-02-20T01:11:17.360164,2026-02-20T13:43:35.360164,7812.488007616667,752.3
P01260,3,ED,admit,2026-02-14T15:02:25.750637,2026-02-20T01:28:22.107866,2026-02-20T13:57:41.907866,7825.93928715,749.33
P01261,2,ED,admit,2026-02-14T15:06:32.292710,2026-02-20T02:19:36.780101,2026-02-20T16:27:53.580101,7873.074789849999,848.28
P01262,1,ED,admit,2026-02-14T15:07:30.771664,2026-02-20T02:53:01.666023,2026-02-20T19:00:04.066023,7905.514905983334,967.04
P01263,2,ED,admit,2026-02-14T15:07:38.899790,2026-02-20T02:56:29.056639,2026-02-20T15:54:22.456639,7908.835947483333,777.89
P01264,3,ED,admit,2026-02-14T15:08:41.231523,2026-02-20T03:07:10.868989,2026-02-20T15:33:09.068989,7918.493957766666,745.97
P01265,2,ED,admit,2026-02-14T15:10:55.195781,2026-02-20T03:19:50.721574,2026-02-20T16:43:11.121574,7928.925429883334,803.34
P01266,3,ED,admit,2026-02-14T15:12:13.323517,2026-02-20T03:22:01.495421,2026-02-20T15:19:24.295421,7929.8028650666665,717.38
P01267,3,ED,admit,2026-02-14T15:13:40.710935,2026-02-20T03:26:23.739860,2026-02-20T15:56:14.139860,7932.71714875,749.84
P01268,2,ED,admit,2026-02-14T15:23:38.925296,2026-02-20T03:30:18.311938,2026-02-20T16:03:56.111938,7926.656444033333,753.63
P01269,2,ED,admit,2026-02-14T15:26:22.616001,2026-02-20T03:34:43.543225,2026-02-20T17:38:05.143225,7928.348787066667,843.36
P01270,2,ED,admit,2026-02-14T15:26:29.649111,2026-02-20T03:49:04.364313,2026-02-20T16:31:34.964313,7942.5785866999995,762.51
P01271,2,ICU,admit,2026-02-14T15:26:36.413006,2026-02-14T15:32:46.232843,2026-02-14T19:35:20.432843,6.16366395,242.57
P01272,3,ED,admit,2026-02-14T15:30:08.481908,2026-02-20T03:50:35.441539,2026-02-20T16:30:19.241539,7940.4493271833335,759.73
P01273,2,ICU,admit,2026-02-14T15:31:02.884165,2026-02-14T15:50:52.239015,2026-02-14T19:57:49.839015,19.822580833333333,246.96
P01274,2,ED,admit,2026-02-14T15:32:35.438112,2026-02-20T03:54:26.813985,2026-02-20T16:47:29.813985,7941.856264550001,773.05
P01275,2,ED,admit,2026-02-14T15:34:20.336207,2026-02-20T04:37:54.039712,2026-02-20T18:13:43.239712,7983.561725083333,815.82
P01276,2,ED,admit,2026-02-14T15:34:53.621913,2026-02-20T04:49:21.323688,2026-02-20T18:48:44.123688,7994.46169625,839.38
P01277,2,ED,admit,2026-02-14T15:36:07.463907,2026-02-20T04:54:38.242845,2026-02-20T18:53:49.042845,7998.5129823,839.18
P01278,3,ED,admit,2026-02-14T15:36:46.688842,2026-02-20T05:11:40.212830,2026-02-20T17:45:32.412830,8014.892066466667,753.87
P01279,3,ED,admit,2026-02-14T15:40:48.277623,2026-02-20T05:14:45.873564,2026-02-20T17:08:18.273564,8013.95993235,713.54
P01280,3,ED,admit,2026-02-14T15:40:51.427471,2026-02-20T05:19:07.475188,2026-02-20T17:09:08.075188,8018.26746195,710.01
P01281,1,ICU,admit,2026-02-14T15:41:08.242230,2026-02-14T16:10:46.795384,2026-02-14T22:36:23.995384,29.642552566666666,385.62
P01282,2,ED,admit,2026-02-14T15:41:17.547055,2026-02-20T05:30:45.410806,2026-02-20T18:12:39.410806,8029.46439585,761.9
P01283,3,ED,admit,2026-02-14T15:43:52.865532,2026-02-20T05:54:46.078583,2026-02-20T17:51:14.278583,8050.886884183334,716.47
P01284,2,ICU,admit,2026-02-14T15:46:19.246636,2026-02-14T16:14:22.009197,2026-02-14T19:20:35.209197,28.046042683333333,186.22
P01285,3,ED,admit,2026-02-14T15:48:10.658448,2026-02-20T05:57:44.153846,2026-02-20T17:42:10.553846,8049.558256633333,704.44
P01286,3,ED,admit,2026-02-14T15:49:33.309721,2026-02-20T05:58:00.650703,2026-02-20T18:33:45.650703,8048.455683033333,755.75
P01287,3,ED,admit,2026-02-14T15:49:53.652005,2026-02-20T06:31:22.492008,2026-02-20T19:00:08.092008,8081.480666716667,748.76
P01288,3,ED,admit,2026-02-14T15:51:26.481448,2026-02-20T07:14:45.583914,2026-02-20T19:46:42.583914,8123.318374433334,751.95
P01289,2,ED,admit,2026-02-14T15:52:47.819374,2026-02-20T07:31:16.154264,2026-02-20T21:07:26.354264,8138.472248166667,816.17
P01290,3,ED,admit,2026-02-14T15:52:52.025910,2026-02-20T07:43:45.270115,2026-02-20T20:14:13.470115,8150.8874034166665,750.47
P01291,2,ICU,admit,2026-02-14T15:52:54.773411,2026-02-14T16:20:30.851436,2026-02-14T19:21:53.051436,27.601300416666668,181.37
P01292,2,ED,admit,2026-02-14T15:53:07.314227,2026-02-20T08:02:36.659822,2026-02-20T22:27:32.459822,8169.48909325,864.93
P01293,3,ED,admit,2026-02-14T15:53:14.200728,2026-02-20T08:04:30.765587,2026-02-20T20:30:36.765587,8171.276080983333,746.1
P01294,3,ED,admit,2026-02-14T15:53:58.528253,2026-02-20T08:13:27.040871,2026-02-20T20:05:10.840871,8179.4752103,711.73
P01295,2,ED,admit,2026-02-14T15:54:15.421482,2026-02-20T08:30:37.985996,2026-02-20T21:42:56.585996,8196.376075233335,792.31
P01296,3,ED,admit,2026-02-14T15:55:13.874375,2026-02-20T08:49:07.891258,2026-02-20T21:18:01.891258,8213.900281383332,748.9
P01297,3,ED,admit,2026-02-14T15:56:52.244326,2026-02-20T09:00:57.371276,2026-02-20T21:12:07.571276,8224.085449166667,731.17
P01298,2,ED,admit,2026-02-14T16:00:42.385368,2026-02-20T09:01:07.689062,2026-02-20T22:08:59.289062,8220.421728233334,787.86
P01299,2,ICU,admit,2026-02-14T16:03:16.283635,2026-02-14T16:22:30.349587,2026-02-14T20:09:40.549587,19.234432533333333,227.17
P01300,3,ED,admit,2026-02-14T16:03:23.494795,2026-02-20T09:25:59.372920,2026-02-20T21:30:43.772920,8242.59796875,724.74
P01301,3,ED,admit,2026-02-14T16:04:34.552550,2026-02-20T09:49:21.962950,2026-02-20T22:47:59.162950,8264.790173333333,778.62
P01302,3,ED,admit,2026-02-14T16:05:09.961045,2026-02-20T09:52:00.902279,2026-02-20T22:48:18.302279,8266.849020566668,776.29
P01303,3,ED,admit,2026-02-14T16:05:16.954899,2026-02-20T10:08:31.794453,2026-02-20T22:41:32.994453,8283.2473259,753.02
P01304,3,ED,admit,2026-02-14T16:06:55.385635,2026-02-20T10:09:51.562017,2026-02-20T22:45:48.562017,8282.936273033332,755.95
P01305,3,ED,admit,2026-02-14T16:07:09.102645,2026-02-20T10:11:26.433931,2026-02-20T23:12:01.833931,8284.288854766666,780.59
P01306,3,ED,admit,2026-02-14T16:08:13.088808,2026-02-20T10:11:52.134536,2026-02-20T23:34:44.934536,8283.650762133333,802.88
P01307,3,ED,admit,2026-02-14T16:09:33.010473,2026-02-20T10:17:17.232743,2026-02-20T23:10:35.232743,8287.737037833334,773.3
P01308,2,ED,admit,2026-02-14T16:13:51.937106,2026-02-20T11:53:45.309468,2026-02-21T01:16:36.309468,8379.889539366666,802.85
P01309,2,ED,admit,2026-02-14T16:14:31.039441,2026-02-20T12:09:39.761969,2026-02-21T02:12:28.961969,8395.145375466667,842.82
P01310,2,ED,admit,2026-02-14T16:15:17.773532,2026-02-20T12:14:59.044224,2026-02-21T03:29:18.844224,8399.687844866667,914.33
P01311,2,ED,admit,2026-02-14T16:16:13.058776,2026-02-20T12:54:50.721457,2026-02-21T02:20:36.921457,8438.62771135,805.77
P01312,2,ED,admit,2026-02-14T16:16:53.166972,2026-02-20T13:01:02.668998,2026-02-21T04:16:18.868998,8444.1583671,915.27
P01313,3,ED,admit,2026-02-14T16:22:52.437570,2026-02-20T13:10:21.514713,2026-02-21T01:50:33.514713,8447.48461905,760.2
P01314,3,ED,admit,2026-02-14T16:23:01.724787,2026-02-20T13:20:35.654088,2026-02-21T01:50:26.654088,8457.565488350001,749.85
P01315,2,ICU,admit,2026-02-14T16:25:37.701124,2026-02-14T16:29:33.117898,2026-02-14T19:33:16.317898,3.9236129,183.72
P01316,2,ED,admit,2026-02-14T16:33:14.378260,2026-02-20T13:43:35.360164,2026-02-21T04:13:05.960164,8470.3496984,869.51
P01317,1,ICU,admit,2026-02-14T16:34:27.395071,2026-02-14T16:55:55.006095,2026-02-14T22:04:55.606095,21.460183733333334,309.01
P01318,3,ED,admit,2026-02-14T16:38:40.538156,2026-02-20T13:57:41.907866,2026-02-21T02:25:58.107866,8479.0228285,748.27
P01319,2,ED,admit,2026-02-14T16:39:48.554530,2026-02-20T15:19:24.295421,2026-02-21T05:32:24.295421,8559.595681516666,853.0
P01320,3,ED,admit,2026-02-14T16:41:04.591325,2026-02-20T15:33:09.068989,2026-02-21T03:50:10.868989,8572.074627733333,737.03
P01321,3,ED,admit,2026-02-14T16:42:29.077072,2026-02-20T15:54:22.456639,2026-02-21T05:04:32.056639,8591.88965945,790.16
P01322,3,ED,admit,2026-02-14T16:43:15.536913,2026-02-20T15:56:14.139860,2026-02-21T04:25:12.939860,8592.976715783334,748.98
P01323,1,ICU,admit,2026-02-14T16:48:01.234215,2026-02-14T17:21:18.697626,2026-02-14T23:37:01.297626,33.29105685,375.71
P01324,2,ED,admit,2026-02-14T16:48:50.127923,2026-02-20T16:03:56.111938,2026-02-21T06:57:03.911938,8595.099733583333,893.13
P01325,3,ED,admit,2026-02-14T16:49:16.207511,2026-02-20T16:27:53.580101,2026-02-21T05:33:34.980101,8618.6228765,785.69
P01326,2,ED,admit,2026-02-14T16:50:09.108419,2026-02-20T16:30:19.241539,2026-02-21T06:08:48.041539,8620.168885333334,818.48
P01327,2,ED,admit,2026-02-14T16:51:01.099002,2026-02-20T16:31:34.964313,2026-02-21T06:18:28.964313,8620.56442185,826.9
P01328,2,ED,admit,2026-02-14T16:51:56.983646,2026-02-20T16:43:11.121574,2026-02-21T06:48:02.121574,8631.235632133334,844.85
P01329,3,ED,admit,2026-02-14T16:52:56.935221,2026-02-20T16:47:29.813985,2026-02-21T05:53:49.013985,8634.5479794,786.32
P01330,3,ED,admit,2026-02-14T16:53:22.812246,2026-02-20T17:08:18.273564,2026-02-21T05:42:46.473564,8654.9243553,754.47
P01331,3,ED,admit,2026-02-14T16:54:34.690448,2026-02-20T17:09:08.075188,2026-02-21T05:36:01.475188,8654.556412333333,746.89
P01332,2,ED,admit,2026-02-14T16:54:39.951552,2026-02-20T17:38:05.143225,2026-02-21T07:39:17.143225,8683.419861216667,841.2
P01333,2,ED,admit,2026-02-14T17:01:10.459535,2026-02-20T17:42:10.553846,2026-02-21T07:24:27.953846,8681.00157185,822.29
P01334,2,ED,admit,2026-02-14T17:01:57.155202,2026-02-20T17:45:32.412830,2026-02-21T07:55:07.212830,8683.587627133333,849.58
P01335,3,ED,admit,2026-02-14T17:05:05.944393,2026-02-20T17:51:14.278583,2026-02-21T06:46:56.278583,8686.138903166668,775.7
P01336,2,ED,admit,2026-02-14T17:10:33.754608,2026-02-20T18:12:39.410806,2026-02-21T08:22:04.010806,8702.094269966667,849.41
P01337,2,ED,admit,2026-02-14T17:10:54.926424,2026-02-20T18:13:43.239712,2026-02-21T09:09:48.039712,8702.805221466666,896.08
P01338,2,ICU,admit,2026-02-14T17:12:10.475810,2026-02-14T17:26:51.220479,2026-02-14T21:14:03.820479,14.679077816666668,227.21
P01339,3,ED,admit,2026-02-14T17:12:16.368133,2026-02-20T18:33:45.650703,2026-02-21T07:10:55.850703,8721.488042833333,757.17
P01340,2,ED,admit,2026-02-14T17:12:54.954010,2026-02-20T18:48:44.123688,2026-02-21T08:48:23.723688,8735.819494633333,839.66
P01341,3,ED,admit,2026-02-14T17:15:01.401798,2026-02-20T18:53:49.042845,2026-02-21T08:11:33.442845,8738.79401745,797.74
P01342,2,ED,admit,2026-02-14T17:16:08.886677,2026-02-20T19:00:04.066023,2026-02-21T10:06:51.466023,8743.919655766666,906.79
P01343,3,ED,admit,2026-02-14T17:17:10.088927,2026-02-20T19:00:08.092008,2026-02-21T07:21:03.892008,8742.966718016665,740.93
P01344,3,ED,admit,2026-02-14T17:19:02.705847,2026-02-20T19:46:42.583914,2026-02-21T08:47:05.983914,8787.664634449999,780.39
P01345,3,ED,admit,2026-02-14T17:21:55.896500,2026-02-20T20:05:10.840871,2026-02-21T09:09:01.840871,8803.249072850002,783.85
P01346,2,ED,admit,2026-02-14T17:22:49.739354,2026-02-20T20:14:13.470115,2026-02-21T10:33:27.270115,8811.395512683333,859.23
P01347,3,ED,admit,2026-02-14T17:24:50.911834,2026-02-20T20:30:36.765587,2026-02-21T10:00:37.965587,8825.764229216667,810.02
P01348,3,ED,admit,2026-02-14T17:27:07.386751,2026-02-20T21:07:26.354264,2026-02-21T10:14:53.954264,8860.316125216666,787.46
P01349,3,ED,admit,2026-02-14T17:28:04.677149,2026-02-20T21:12:07.571276,2026-02-21T10:20:03.371276,8864.04823545,787.93
P01350,2,ED,admit,2026-02-14T17:30:13.643420,2026-02-20T21:18:01.891258,2026-02-21T12:04:04.291258,8867.804130633333,886.04
P01351,2,ED,admit,2026-02-14T17:31:54.738775,2026-02-20T21:30:43.772920,2026-02-21T11:59:00.572920,8878.81723575,868.28
P01352,3,ED,admit,2026-02-14T17:35:28.849553,2026-02-20T21:42:56.585996,2026-02-21T11:20:11.585996,8887.46227405,817.25
P01353,3,ED,admit,2026-02-14T17:35:50.797871,2026-02-20T22:08:59.289062,2026-02-21T10:49:42.489062,8913.14151985,760.72
P01354,3,ED,admit,2026-02-14T17:37:04.219909,2026-02-20T22:27:32.459822,2026-02-21T12:06:15.659822,8930.470665216668,818.72
P01355,3,ED,admit,2026-02-14T17:39:43.471483,2026-02-20T22:41:32.994453,2026-02-21T11:30:19.794453,8941.825382833335,768.78
P01356,2,ED,admit,2026-02-14T17:43:29.872916,2026-02-20T22:45:48.562017,2026-02-21T12:14:39.562017,8942.311485016666,808.85
P01357,2,ED,admit,2026-02-14T17:44:52.150287,2026-02-20T22:47:59.162950,2026-02-21T13:05:05.762950,8943.116877716668,857.11
P01358,3,ED,admit,2026-02-14T17:45:20.121057,2026-02-20T22:48:18.302279,2026-02-21T11:35:42.902279,8942.969687033334,767.41
P01359,3,ED,admit,2026-02-14T17:47:36.445253,2026-02-20T23:10:35.232743,2026-02-21T12:13:52.032743,8962.9797915,783.28
P01360,3,ED,admit,2026-02-14T17:49:04.460379,2026-02-20T23:12:01.833931,2026-02-21T12:48:28.833931,8962.956225866667,816.45
P01361,2,ED,admit,2026-02-14T17:55:31.367338,2026-02-20T23:34:44.934536,2026-02-21T14:18:23.334536,8979.226119966666,883.64
P01362,3,ED,admit,2026-02-14T17:56:55.857700,2026-02-21T01:16:36.309468,2026-02-21T14:17:35.109468,9079.674196133334,780.98
P01363,3,ED,admit,2026-02-14T17:57:32.825094,2026-02-21T01:50:26.654088,2026-02-21T15:18:59.054088,9112.8971499,808.54
P01364,2,ICU,admit,2026-02-14T17:57:44.081212,2026-02-14T17:57:44.081212,2026-02-14T21:26:10.481212,0.0,208.44
P01365,3,ED,admit,2026-02-14T18:00:15.985613,2026-02-21T01:50:33.514713,2026-02-21T15:20:23.314713,9110.292151666667,809.83
P01366,2,ICU,admit,2026-02-14T18:03:49.451578,2026-02-14T18:43:12.796225,2026-02-14T23:05:36.196225,39.389077449999995,262.39
P01367,3,ED,admit,2026-02-14T18:05:10.517111,2026-02-21T02:12:28.961969,2026-02-21T15:07:14.561969,9127.307414300001,774.76
P01368,2,ICU,admit,2026-02-14T18:07:21.305730,2026-02-14T19:18:13.547236,2026-02-14T23:38:12.947236,70.87069176666667,259.99
P01369,2,ED,admit,2026-02-14T18:08:34.995554,2026-02-21T02:20:36.921457,2026-02-21T15:56:57.321457,9132.032098383334,816.34
P01370,3,ED,admit,2026-02-14T18:11:48.826018,2026-02-21T02:25:58.107866,2026-02-21T15:01:34.107866,9134.154697466667,755.6
P01371,2,ED,admit,2026-02-14T18:13:25.243773,2026-02-21T03:29:18.844224,2026-02-21T18:24:53.644224,9195.89334085,895.58
P01372,2,ICU,admit,2026-02-14T18:16:07.099497,2026-02-14T19:20:35.209197,2026-02-14T23:32:47.209197,64.468495,252.2
P01373,2,ED,admit,2026-02-14T18:16:36.989217,2026-02-21T03:50:10.868989,2026-02-21T19:14:09.668989,9213.564662866667,923.98
P01374,1,ICU,admit,2026-02-14T18:17:49.170301,2026-02-14T19:21:53.051436,2026-02-15T00:50:57.251436,64.06468558333333,329.07
P01375,1,ICU,admit,2026-02-14T18:19:32.376038,2026-02-14T19:26:19.704580,2026-02-15T02:51:20.904580,66.78880903333334,445.02
P01376,3,ED,admit,2026-02-14T18:20:51.394803,2026-02-21T04:13:05.960164,2026-02-21T16:54:06.560164,9232.242756016667,761.01
P01377,2,ED,admit,2026-02-14T18:21:59.694424,2026-02-21T04:16:18.868998,2026-02-21T18:28:24.268998,9234.319576233333,852.09
P01378,3,ED,admit,2026-02-14T18:25:14.481260,2026-02-21T04:25:12.939860,2026-02-21T17:19:05.139860,9239.97431,773.87
P01379,2,ED,admit,2026-02-14T18:31:53.314484,2026-02-21T05:04:32.056639,2026-02-21T20:10:30.256639,9272.645702583333,905.97
P01380,1,ICU,admit,2026-02-14T18:31:53.343002,2026-02-14T19:33:16.317898,2026-02-15T01:05:45.717898,61.38291493333334,332.49
P01381,3,ED,admit,2026-02-14T18:33:57.507814,2026-02-21T05:32:24.295421,2026-02-21T18:46:42.295421,9298.446460116666,794.3
P01382,3,ED,admit,2026-02-14T18:35:48.804553,2026-02-21T05:33:34.980101,2026-02-21T18:27:09.780101,9297.769592466668,773.58
P01383,3,ED,admit,2026-02-14T18:36:17.041436,2026-02-21T05:36:01.475188,2026-02-21T18:27:23.075188,9299.740562533332,771.36
P01384,3,ED,admit,2026-02-14T18:36:17.862376,2026-02-21T05:42:46.473564,2026-02-21T19:30:23.073564,9306.476853133332,827.61
P01385,2,ED,admit,2026-02-14T18:37:39.078779,2026-02-21T05:53:49.013985,2026-02-21T19:54:11.213985,9316.165586766667,840.37
P01386,2,ED,admit,2026-02-14T18:41:40.517730,2026-02-21T06:08:48.041539,2026-02-21T21:13:14.441539,9327.125396816667,904.44
P01387,3,ED,admit,2026-02-14T18:44:31.910744,2026-02-21T06:18:28.964313,2026-02-21T19:34:33.164313,9333.950892816667,796.07
P01388,3,ED,admit,2026-02-14T18:45:14.722875,2026-02-21T06:46:56.278583,2026-02-21T20:32:43.678583,9361.692595133332,825.79
P01389,2,ED,admit,2026-02-14T18:48:46.215490,2026-02-21T06:48:02.121574,2026-02-21T22:02:56.121574,9359.2651014,914.9
P01390,3,ED,admit,2026-02-14T18:49:00.317156,2026-02-21T06:57:03.911938,2026-02-21T20:31:48.911938,9368.059913033332,814.75
P01391,2,ED,admit,2026-02-14T18:49:24.139736,2026-02-21T07:10:55.850703,2026-02-21T21:45:27.050703,9381.528516116667,874.52
P01392,1,ED,admit,2026-02-14T18:53:07.459958,2026-02-21T07:21:03.892008,2026-02-22T01:22:54.892008,9387.940534166666,1081.85
P01393,1,ED,admit,2026-02-14T18:56:46.102471,2026-02-21T07:24:27.953846,2026-02-22T00:05:17.753846,9387.697522916666,1000.83
P01394,2,ICU,admit,2026-02-14T18:56:57.602557,2026-02-14T19:34:59.051987,2026-02-14T23:29:37.451987,38.02415716666667,234.64
P01395,3,ED,admit,2026-02-14T19:03:40.157595,2026-02-21T07:39:17.143225,2026-02-21T20:50:23.143225,9395.616427166668,791.1
P01396,3,ED,admit,2026-02-14T19:04:14.828471,2026-02-21T07:55:07.212830,2026-02-21T20:56:46.212830,9410.87307265,781.65
P01397,3,ED,admit,2026-02-14T19:04:49.479361,2026-02-21T08:11:33.442845,2026-02-21T21:40:17.242845,9426.732724733332,808.73
P01398,3,ED,admit,2026-02-14T19:07:32.985728,2026-02-21T08:22:04.010806,2026-02-21T21:41:37.010806,9434.517084633333,799.55
P01399,2,ED,admit,2026-02-14T19:08:22.670549,2026-02-21T08:47:05.983914,2026-02-22T00:23:46.183914,9458.721889416665,936.67
P01400,2,ED,admit,2026-02-14T19:10:18.199415,2026-02-21T08:48:23.723688,2026-02-21T23:34:02.723688,9458.092071216666,885.65
P01401,2,ED,admit,2026-02-14T19:11:30.628632,2026-02-21T09:09:01.840871,2026-02-22T00:32:45.640871,9477.520203983333,923.73
P01402,1,ICU,admit,2026-02-14T19:11:51.281976,2026-02-14T19:35:20.432843,2026-02-15T01:40:19.232843,23.485847783333334,364.98
P01403,2,ED,admit,2026-02-14T19:13:48.975260,2026-02-21T09:09:48.039712,2026-02-21T23:27:56.439712,9475.984407533333,858.14
P01404,3,ED,admit,2026-02-14T19:14:17.903272,2026-02-21T10:00:37.965587,2026-02-21T23:09:05.565587,9526.334371916666,788.46
P01405,3,ED,admit,2026-02-14T19:15:15.677341,2026-02-21T10:06:51.466023,2026-02-21T23:10:51.466023,9531.596478033334,784.0
P01406,2,ED,admit,2026-02-14T19:15:18.736935,2026-02-21T10:14:53.954264,2026-02-22T00:59:37.154264,9539.586955483333,884.72
P01407,3,ED,admit,2026-02-14T19:16:03.366121,2026-02-21T10:20:03.371276,2026-02-22T00:22:01.571276,9544.000085916667,841.97
P01408,3,ED,admit,2026-02-14T19:21:25.060919,2026-02-21T10:33:27.270115,2026-02-21T23:39:54.870115,9552.036819933333,786.46
P01409,1,ICU,admit,2026-02-14T19:23:57.532934,2026-02-14T19:52:39.762285,2026-02-15T02:15:43.962285,28.703822516666666,383.07
P01410,3,ED,admit,2026-02-14T19:28:05.315178,2026-02-21T10:49:42.489062,2026-02-22T00:10:19.089062,9561.619564733333,800.61
P01411,2,ED,admit,2026-02-14T19:32:11.865197,2026-02-21T11:20:11.585996,2026-02-22T01:02:52.985996,9587.99534665,822.69
P01412,2,ED,admit,2026-02-14T19:33:32.914616,2026-02-21T11:30:19.794453,2026-02-22T02:57:28.194453,9596.781330616668,927.14
P01413,2,ED,admit,2026-02-14T19:41:27.154763,2026-02-21T11:35:42.902279,2026-02-22T02:39:27.902279,9594.262458599998,903.75
P01414,3,ED,admit,2026-02-14T19:43:50.223150,2026-02-21T11:59:00.572920,2026-02-22T01:14:49.172920,9615.172496166666,795.81
P01415,2,ED,admit,2026-02-14T19:46:06.677840,2026-02-21T12:04:04.291258,2026-02-22T03:26:13.891258,9617.960223633334,922.16
P01416,2,ICU,admit,2026-02-14T19:46:20.106884,2026-02-14T19:57:49.839015,2026-02-14T22:34:18.639015,11.495535516666667,156.48
P01417,3,ED,admit,2026-02-14T19:51:37.881676,2026-02-21T12:06:15.659822,2026-02-22T01:41:55.259822,9614.629635766667,815.66
P01418,1,ICU,admit,2026-02-14T19:54:41.514248,2026-02-14T20:09:40.549587,2026-02-15T02:00:17.149587,14.983922316666668,350.61
P01419,3,ED,admit,2026-02-14T19:55:01.967719,2026-02-21T12:13:52.032743,2026-02-22T01:25:22.032743,9618.834417066666,791.5
P01420,1,ED,admit,2026-02-14T19:55:10.572841,2026-02-21T12:14:39.562017,2026-02-22T05:55:45.562017,9619.483152933333,1061.1
P01421,3,ED,admit,2026-02-14T19:55:43.412854,2026-02-21T12:48:28.833931,2026-02-22T02:28:42.033931,9652.75701795,820.22
P01422,3,ED,admit,2026-02-14T19:56:08.395049,2026-02-21T13:05:05.762950,2026-02-22T02:27:05.162950,9668.956131683333,801.99
P01423,3,ED,admit,2026-02-14T19:59:50.956791,2026-02-21T14:17:35.109468,2026-02-22T03:29:09.909468,9737.735877950001,791.58
P01424,3,ED,admit,2026-02-14T20:00:02.735689,2026-02-21T14:18:23.334536,2026-02-22T03:34:25.134536,9738.343314116668,796.03
P01425,2,ED,admit,2026-02-14T20:02:02.258897,2026-02-21T15:01:34.107866,2026-02-22T06:35:53.307866,9779.530816150002,934.32
P01426,3,ED,admit,2026-02-14T20:02:12.963801,2026-02-21T15:07:14.561969,2026-02-22T04:43:39.161969,9785.026636133332,816.41
P01427,3,ED,admit,2026-02-14T20:02:44.059079,2026-02-21T15:18:59.054088,2026-02-22T04:44:38.654088,9796.249916816665,805.66
P01428,3,ED,admit,2026-02-14T20:03:04.527447,2026-02-21T15:20:23.314713,2026-02-22T04:26:00.514713,9797.313121100002,785.62
P01429,2,ED,admit,2026-02-14T20:05:57.082919,2026-02-21T15:56:57.321457,2026-02-22T07:10:42.321457,9831.003975633334,913.75
P01430,1,ICU,admit,2026-02-14T20:07:29.551574,2026-02-14T20:21:56.594678,2026-02-15T00:25:05.594678,14.4507184,243.15
P01431,3,ED,admit,2026-02-14T20:07:53.711963,2026-02-21T16:54:06.560164,2026-02-22T06:55:42.560164,9886.214136683333,841.6
P01432,2,ED,admit,2026-02-14T20:08:12.453034,2026-02-21T17:19:05.139860,2026-02-22T08:01:36.339860,9910.878113766667,882.52
P01433,3,ED,admit,2026-02-14T20:08:42.588770,2026-02-21T18:24:53.644224,2026-02-22T08:06:27.244224,9976.184257566667,821.56
P01434,3,ED,admit,2026-02-14T20:09:45.509079,2026-02-21T18:27:09.780101,2026-02-22T07:40:18.180101,9977.404517033334,793.14
P01435,3,ED,admit,2026-02-14T20:11:36.035729,2026-02-21T18:27:23.075188,2026-02-22T08:35:59.075188,9975.783990983333,848.6
P01436,3,ED,admit,2026-02-14T20:12:10.914797,2026-02-21T18:28:24.268998,2026-02-22T08:28:52.468998,9976.222570016665,840.47
P01437,2,ED,admit,2026-02-14T20:20:06.814299,2026-02-21T18:46:42.295421,2026-02-22T10:16:08.095421,9986.591352033334,929.43
P01438,1,ICU,admit,2026-02-14T20:21:05.630985,2026-02-14T20:25:16.363052,2026-02-15T03:29:10.363052,4.178867783333334,423.9
P01439,3,ED,admit,2026-02-14T20:22:20.257661,2026-02-21T19:14:09.668989,2026-02-22T09:01:18.068989,10011.823522133334,827.14
P01440,3,ED,admit,2026-02-14T20:24:58.024342,2026-02-21T19:30:23.073564,2026-02-22T09:17:15.273564,10025.417487033332,826.87
P01441,2,ED,admit,2026-02-14T20:25:59.899218,2026-02-21T19:34:33.164313,2026-02-22T09:53:34.364313,10028.55441825,859.02
P01442,3,ED,admit,2026-02-14T20:26:41.667485,2026-02-21T19:54:11.213985,2026-02-22T09:45:11.813985,10047.492441666667,831.01
P01443,3,ED,admit,2026-02-14T20:26:52.689846,2026-02-21T20:10:30.256639,2026-02-22T09:30:28.456639,10063.626113216666,799.97
P01444,3,ED,admit,2026-02-14T20:27:14.497439,2026-02-21T20:31:48.911938,2026-02-22T10:18:14.111938,10084.573574983333,826.42
P01445,3,ED,admit,2026-02-14T20:33:29.308969,2026-02-21T20:32:43.678583,2026-02-22T10:35:38.878583,10079.239493566665,842.92
P01446,3,ED,admit,2026-02-14T20:36:32.859824,2026-02-21T20:50:23.143225,2026-02-22T09:58:45.343225,10093.838056683333,788.37
P01447,1,ICU,admit,2026-02-14T20:37:02.200567,2026-02-14T20:37:02.200567,2026-02-15T00:53:05.200567,0.0,256.05
P01448,3,ED,admit,2026-02-14T20:37:48.722190,2026-02-21T20:56:46.212830,2026-02-22T10:27:07.212830,10098.958177333332,810.35
P01449,3,ED,admit,2026-02-14T20:39:25.131986,2026-02-21T21:13:14.441539,2026-02-22T11:02:31.241539,10113.821825883333,829.28
P01450,2,ED,admit,2026-02-14T20:45:22.304322,2026-02-21T21:40:17.242845,2026-02-22T13:31:37.642845,10134.91564205,951.34
P01451,1,ICU,admit,2026-02-14T20:45:31.753934,2026-02-14T20:51:53.776284,2026-02-15T02:18:48.976284,6.367039166666667,326.92
P01452,2,ED,admit,2026-02-14T20:48:54.927273,2026-02-21T21:41:37.010806,2026-02-22T12:50:51.410806,10132.701392216666,909.24
P01453,1,ICU,admit,2026-02-14T20:49:30.958050,2026-02-14T21:14:03.820479,2026-02-15T02:15:11.020479,24.54770715,301.12
P01454,3,ED,admit,2026-02-14T20:49:58.256284,2026-02-21T21:45:27.050703,2026-02-22T12:00:47.450703,10135.479906983333,855.34
P01455,3,ED,admit,2026-02-14T20:51:57.510831,2026-02-21T22:02:56.121574,2026-02-22T12:17:32.721574,10150.976845716668,854.61
P01456,3,ED,admit,2026-02-14T20:52:58.203177,2026-02-21T23:09:05.565587,2026-02-22T12:46:25.365587,10216.122706833332,817.33
P01457,3,ED,admit,2026-02-14T21:02:13.413489,2026-02-21T23:10:51.466023,2026-02-22T13:11:30.466023,10208.6342089,840.65
P01458,2,ED,admit,2026-02-14T21:02:32.609460,2026-02-21T23:27:56.439712,2026-02-22T15:22:01.239712,10225.397170866667,954.08
P01459,3,ED,admit,2026-02-14T21:04:09.335669,2026-02-21T23:34:02.723688,2026-02-22T13:39:47.723688,10229.889800316665,845.75
P01460,2,ED,admit,2026-02-14T21:05:00.286431,2026-02-21T23:39:54.870115,2026-02-22T15:12:40.470115,10234.909728066667,932.76
P01461,2,ED,admit,2026-02-14T21:11:04.922611,2026-02-22T00:05:17.753846,2026-02-22T15:00:51.353846,10254.213853916668,895.56
P01462,3,ED,admit,2026-02-14T21:16:19.415892,2026-02-22T00:10:19.089062,2026-02-22T13:27:10.689062,10253.994552833332,796.86
P01463,3,ED,admit,2026-02-14T21:18:40.957388,2026-02-22T00:22:01.571276,2026-02-22T14:16:57.971276,10263.3435648,834.94
P01464,2,ED,admit,2026-02-14T21:31:38.117526,2026-02-22T00:23:46.183914,2026-02-22T15:04:38.983914,10252.1344398,880.88
P01465,2,ED,admit,2026-02-14T21:33:31.531009,2026-02-22T00:32:45.640871,2026-02-22T15:05:49.240871,10259.235164366666,873.06
P01466,2,ED,admit,2026-02-14T21:36:10.246249,2026-02-22T00:59:37.154264,2026-02-22T15:24:04.154264,10283.448466916667,864.45
P01467,3,ED,admit,2026-02-14T21:37:59.558259,2026-02-22T01:02:52.985996,2026-02-22T15:00:22.385996,10284.890462283334,837.49
P01468,3,ED,admit,2026-02-14T21:41:06.406884,2026-02-22T01:14:49.172920,2026-02-22T14:52:11.972920,10293.712767266667,817.38
P01469,3,ED,admit,2026-02-14T21:42:28.494013,2026-02-22T01:22:54.892008,2026-02-22T15:21:14.692008,10300.439966583333,838.33
P01470,2,ED,admit,2026-02-14T21:45:04.629087,2026-02-22T01:25:22.032743,2026-02-22T16:13:08.832743,10300.290060933334,887.78
P01471,3,ED,admit,2026-02-14T21:45:54.435825,2026-02-22T01:41:55.259822,2026-02-22T15:08:01.859822,10316.013733283333,806.11
P01472,3,ED,admit,2026-02-14T21:46:25.745645,2026-02-22T02:27:05.162950,2026-02-22T16:14:58.562950,10360.656955083334,827.89
P01473,3,ED,admit,2026-02-14T21:47:07.534398,2026-02-22T02:28:42.033931,2026-02-22T16:15:21.633931,10361.574992216667,826.66
P01474,3,ED,admit,2026-02-14T21:52:19.424061,2026-02-22T02:39:27.902279,2026-02-22T16:38:54.302279,10367.141303633334,839.44
P01475,3,ED,admit,2026-02-14T21:52:32.422979,2026-02-22T02:57:28.194453,2026-02-22T16:34:50.394453,10384.929524566665,817.37
P01476,3,ED,admit,2026-02-14T21:56:24.194376,2026-02-22T03:26:13.891258,2026-02-22T17:16:43.291258,10409.828281366666,830.49
P01477,3,ED,admit,2026-02-14T21:58:54.644883,2026-02-22T03:29:09.909468,2026-02-22T17:25:37.509468,10410.25440975,836.46
P01478,1,ICU,admit,2026-02-14T21:58:56.561978,2026-02-14T21:58:56.561978,2026-02-15T02:29:10.361978,0.0,270.23
P01479,3,ED,admit,2026-02-14T22:02:12.947324,2026-02-22T03:34:25.134536,2026-02-22T17:17:17.334536,10412.2031202,822.87
P01480,3,ED,admit,2026-02-14T22:05:22.385959,2026-02-22T04:26:00.514713,2026-02-22T17:53:35.914713,10460.635479233333,807.59
P01481,3,ED,admit,2026-02-14T22:06:28.423933,2026-02-22T04:43:39.161969,2026-02-22T18:09:58.961969,10477.178967266667,806.33
P01482,2,ED,admit,2026-02-14T22:14:08.287685,2026-02-22T04:44:38.654088,2026-02-22T19:11:17.054088,10470.506106716666,866.64
P01483,1,ED,admit,2026-02-14T22:14:20.532238,2026-02-22T05:55:45.562017,2026-02-22T22:25:16.162017,10541.417162983333,989.51
P01484,3,ED,admit,2026-02-14T22:16:23.325614,2026-02-22T06:35:53.307866,2026-02-22T20:23:49.707866,10579.4997042,827.94
P01485,2,ED,admit,2026-02-14T22:19:30.684791,2026-02-22T06:55:42.560164,2026-02-22T21:02:35.960164,10596.197922883333,846.89
P01486,3,ED,admit,2026-02-14T22:22:36.756371,2026-02-22T07:10:42.321457,2026-02-22T21:12:46.521457,10608.092751433334,842.07
P01487,2,ED,admit,2026-02-14T22:22:37.793185,2026-02-22T07:40:18.180101,2026-02-22T22:04:46.380101,10637.673115266667,864.47
P01488,3,ED,admit,2026-02-14T22:23:41.943378,2026-02-22T08:01:36.339860,2026-02-22T22:12:11.139860,10657.906608033334,850.58
P01489,2,ED,admit,2026-02-14T22:26:50.635464,2026-02-22T08:06:27.244224,2026-02-22T23:19:44.644224,10659.610145999999,913.29
P01490,1,ICU,admit,2026-02-14T22:27:08.243493,2026-02-14T22:27:08.243493,2026-02-15T03:48:47.843493,0.0,321.66
P01491,3,ED,admit,2026-02-14T22:33:14.496034,2026-02-22T08:28:52.468998,2026-02-22T22:27:52.468998,10675.632882733333,839.0
P01492,2,ED,admit,2026-02-14T22:37:09.147763,2026-02-22T08:35:59.075188,2026-02-22T22:39:33.875188,10678.83212375,843.58
P01493,3,ED,admit,2026-02-14T22:40:46.934725,2026-02-22T09:01:18.068989,2026-02-22T23:03:57.068989,10700.5189044,842.65
P01494,2,ED,admit,2026-02-14T22:43:39.019229,2026-02-22T09:17:15.273564,2026-02-22T23:33:15.873564,10713.604238916665,856.01
P01495,3,ED,admit,2026-02-14T22:45:14.488160,2026-02-22T09:30:28.456639,2026-02-22T22:56:34.456639,10725.232807983333,806.1
P01496,3,ED,admit,2026-02-14T22:45:25.501218,2026-02-22T09:45:11.813985,2026-02-22T23:03:11.213985,10739.771879450002,797.99
P01497,1,ICU,admit,2026-02-14T22:46:08.702251,2026-02-14T22:46:08.702251,2026-02-15T05:05:16.502251,0.0,379.13
P01498,3,ED,admit,2026-02-14T22:47:13.784945,2026-02-22T09:53:34.364313,2026-02-22T23:36:37.964313,10746.342989466668,823.06
P01499,2,ED,admit,2026-02-14T22:48:30.683231,2026-02-22T09:58:45.343225,2026-02-23T01:21:32.143225,10750.244333233333,922.78
P01500,3,ED,admit,2026-02-14T22:56:54.843788,2026-02-22T10:16:08.095421,2026-02-22T23:39:50.095421,10759.22086055,803.7
P01501,3,ED,admit,2026-02-14T22:57:02.264239,2026-02-22T10:18:14.111938,2026-02-22T23:44:40.511938,10761.197461650001,806.44
P01502,3,ED,admit,2026-02-14T22:57:39.050209,2026-02-22T10:27:07.212830,2026-02-23T00:24:52.812830,10769.469377016667,837.76
P01503,2,ED,admit,2026-02-14T22:59:51.792272,2026-02-22T10:35:38.878583,2026-02-23T02:19:58.078583,10775.784771850002,944.32
P01504,3,ED,admit,2026-02-14T22:59:59.405522,2026-02-22T11:02:31.241539,2026-02-23T01:00:25.241539,10802.530600283333,837.9
P01505,3,ED,admit,2026-02-14T23:00:48.684909,2026-02-22T12:00:47.450703,2026-02-23T01:44:58.850703,10859.9794299,824.19
P01506,1,ED,admit,2026-02-14T23:02:35.600503,2026-02-22T12:17:32.721574,2026-02-23T05:08:32.721574,10874.95201785,1011.0
P01507,1,ICU,admit,2026-02-14T23:05:43.577965,2026-02-14T23:05:43.577965,2026-02-15T03:06:52.577965,0.0,241.15
P01508,3,ED,admit,2026-02-14T23:07:34.481656,2026-02-22T12:46:25.365587,2026-02-23T03:04:51.165587,10898.848065516668,858.43
P01509,2,ED,admit,2026-02-14T23:08:34.640718,2026-02-22T12:50:51.410806,2026-02-23T03:24:49.610806,10902.279501466666,873.97
P01510,2,ED,admit,2026-02-14T23:08:47.070250,2026-02-22T13:11:30.466023,2026-02-23T03:43:44.266023,10922.723262883334,872.23
P01511,3,ED,admit,2026-02-14T23:10:04.325387,2026-02-22T13:27:10.689062,2026-02-23T03:42:58.089062,10937.10606125,855.79
P01512,3,ED,admit,2026-02-14T23:13:32.352370,2026-02-22T13:31:37.642845,2026-02-23T03:28:24.442845,10938.088174583334,836.78
P01513,3,ED,admit,2026-02-14T23:17:00.532215,2026-02-22T13:39:47.723688,2026-02-23T03:44:14.123688,10942.78652455,844.44
P01514,3,ED,admit,2026-02-14T23:17:30.478552,2026-02-22T14:16:57.971276,2026-02-23T04:14:26.171276,10979.458212066667,837.47
P01515,2,ED,admit,2026-02-14T23:21:45.611731,2026-02-22T14:52:11.972920,2026-02-23T05:53:01.172920,11010.439353149999,900.82
P01516,3,ED,admit,2026-02-14T23:25:11.083186,2026-02-22T15:00:22.385996,2026-02-23T05:02:47.585996,11015.188380166666,842.42
P01517,3,ED,admit,2026-02-14T23:25:45.746804,2026-02-22T15:00:51.353846,2026-02-23T05:20:05.753846,11015.0934507,859.24
P01518,3,ED,admit,2026-02-14T23:28:10.176172,2026-02-22T15:04:38.983914,2026-02-23T05:11:44.383914,11016.480129033333,847.09
P01519,2,ED,admit,2026-02-14T23:30:28.865682,2026-02-22T15:05:49.240871,2026-02-23T06:37:16.240871,11015.339586483335,931.45
P01520,3,ED,admit,2026-02-14T23:32:02.957170,2026-02-22T15:08:01.859822,2026-02-23T04:47:33.059822,11015.981710866667,819.52
P01521,2,ED,admit,2026-02-14T23:32:49.908274,2026-02-22T15:12:40.470115,2026-02-23T06:28:04.470115,11019.842697349999,915.4
P01522,2,ED,admit,2026-02-14T23:33:07.386875,2026-02-22T15:21:14.692008,2026-02-23T07:32:54.892008,11028.121752216666,971.67
P01523,3,ED,admit,2026-02-14T23:42:25.196379,2026-02-22T15:22:01.239712,2026-02-23T05:28:28.239712,11019.600722216668,846.45
P01524,3,ED,admit,2026-02-14T23:43:40.736417,2026-02-22T15:24:04.154264,2026-02-23T04:59:00.554264,11020.39029745,814.94
P01525,2,ED,admit,2026-02-14T23:49:35.831168,2026-02-22T16:13:08.832743,2026-02-23T07:23:53.832743,11063.55002625,910.75
P01526,3,ED,admit,2026-02-14T23:51:48.647557,2026-02-22T16:14:58.562950,2026-02-23T06:31:29.162950,11063.16525655,856.51
P01527,2,ED,admit,2026-02-14T23:52:20.372188,2026-02-22T16:15:21.633931,2026-02-23T07:15:00.633931,11063.02102905,899.65
P01528,2,ED,admit,2026-02-14T23:53:28.816209,2026-02-22T16:34:50.394453,2026-02-23T07:54:26.994453,11081.359637399999,919.61
P01529,2,ED,admit,2026-02-14T23:55:08.925537,2026-02-22T16:38:54.302279,2026-02-23T07:32:18.902279,11083.756279033334,893.41
P01530,3,ED,admit,2026-02-14T23:58:10.114321,2026-02-22T17:16:43.291258,2026-02-23T07:18:08.491258,11118.55294895,841.42
P01531,2,ED,admit,2026-02-15T00:00:07.978729,2026-02-22T17:17:17.334536,2026-02-23T07:53:54.534536,11117.155930116665,876.62
P01532,3,ED,admit,2026-02-15T00:00:24.820288,2026-02-22T17:25:37.509468,2026-02-23T07:30:15.309468,11125.211486333334,844.63
P01533,3,ED,admit,2026-02-15T00:01:02.193202,2026-02-22T17:53:35.914713,2026-02-23T08:19:57.514713,11152.562025183333,866.36
P01534,2,ED,admit,2026-02-15T00:07:37.110732,2026-02-22T18:09:58.961969,2026-02-23T09:37:28.361969,11162.364187283332,927.49
P01535,3,ED,admit,2026-02-15T00:10:23.633904,2026-02-22T19:11:17.054088,2026-02-23T08:48:51.854088,11220.890336400002,817.58
P01536,2,ED,admit,2026-02-15T00:11:58.598356,2026-02-22T20:23:49.707866,2026-02-23T11:53:21.507866,11291.851825166666,929.53
P01537,3,ED,admit,2026-02-15T00:12:00.072741,2026-02-22T21:02:35.960164,2026-02-23T10:45:16.160164,11330.598123716665,822.67
P01538,2,ED,admit,2026-02-15T00:12:51.539549,2026-02-22T21:12:46.521457,2026-02-23T11:39:11.721457,11339.916365133333,866.42
P01539,1,ICU,admit,2026-02-15T00:13:09.056603,2026-02-15T00:13:09.056603,2026-02-15T04:45:40.856603,0.0,272.53
P01540,3,ED,admit,2026-02-15T00:14:00.083764,2026-02-22T22:04:46.380101,2026-02-23T12:20:39.180101,11390.771605616666,855.88
P01541,3,ED,admit,2026-02-15T00:16:27.930515,2026-02-22T22:12:11.139860,2026-02-23T12:08:18.939860,11395.72015575,836.13
P01542,2,ED,admit,2026-02-15T00:17:01.246152,2026-02-22T22:25:16.162017,2026-02-23T14:19:13.162017,11408.24859775,953.95
P01543,2,ED,admit,2026-02-15T00:19:46.556489,2026-02-22T22:27:52.468998,2026-02-23T14:10:47.668998,11408.098541816667,942.92
P01544,1,ED,admit,2026-02-15T00:26:28.767485,2026-02-22T22:39:33.875188,2026-02-23T15:20:53.675188,11413.085128383333,1001.33
P01545,3,ED,admit,2026-02-15T00:26:57.395609,2026-02-22T22:56:34.456639,2026-02-23T13:21:06.256639,11429.617683833332,864.53
P01546,3,ED,admit,2026-02-15T00:27:28.367188,2026-02-22T23:03:11.213985,2026-02-23T12:43:35.213985,11435.714113283333,820.4
P01547,3,ED,admit,2026-02-15T00:27:55.762322,2026-02-22T23:03:57.068989,2026-02-23T12:38:57.068989,11436.021777783335,815.0
P01548,3,ED,admit,2026-02-15T00:28:33.772824,2026-02-22T23:19:44.644224,2026-02-23T13:18:09.244224,11451.18119,838.41
P01549,3,ED,admit,2026-02-15T00:30:56.602790,2026-02-22T23:33:15.873564,2026-02-23T13:54:26.673564,11462.321179566667,861.18
P01550,3,ED,admit,2026-02-15T00:31:14.998494,2026-02-22T23:36:37.964313,2026-02-23T13:25:51.764313,11465.382763650001,829.23
P01551,3,ED,admit,2026-02-15T00:32:45.437149,2026-02-22T23:39:50.095421,2026-02-23T13:40:50.095421,11467.077637866667,841.0
P01552,3,ED,admit,2026-02-15T00:33:15.934376,2026-02-22T23:44:40.511938,2026-02-23T14:15:08.111938,11471.409626033334,870.46
P01553,2,ED,admit,2026-02-15T00:34:51.470141,2026-02-23T00:24:52.812830,2026-02-23T15:26:57.612830,11510.022378149999,902.08
P01554,2,ED,admit,2026-02-15T00:37:57.928515,2026-02-23T01:00:25.241539,2026-02-23T16:22:40.841539,11542.455217066667,922.26
P01555,2,ED,admit,2026-02-15T00:39:23.100267,2026-02-23T01:21:32.143225,2026-02-23T16:04:54.943225,11562.150715966667,883.38
P01556,3,ED,admit,2026-02-15T00:41:08.559717,2026-02-23T01:44:58.850703,2026-02-23T15:47:13.250703,11583.838183099999,842.24
P01557,1,ICU,admit,2026-02-15T00:42:25.853627,2026-02-15T00:42:25.853627,2026-02-15T06:22:19.253627,0.0,339.89
P01558,3,ED,admit,2026-02-15T00:46:24.633399,2026-02-23T02:19:58.078583,2026-02-23T16:52:33.478583,11613.557419733332,872.59
P01559,2,ED,admit,2026-02-15T00:48:15.289192,2026-02-23T03:04:51.165587,2026-02-23T18:44:24.765587,11656.597939916666,939.56
P01560,3,ED,admit,2026-02-15T00:48:23.847961,2026-02-23T03:24:49.610806,2026-02-23T17:14:16.010806,11676.42938075,829.44
P01561,3,ED,admit,2026-02-15T00:51:55.681904,2026-02-23T03:28:24.442845,2026-02-23T17:41:16.042845,11676.479349016667,852.86
P01562,3,ED,admit,2026-02-15T00:54:20.416327,2026-02-23T03:42:58.089062,2026-02-23T17:55:33.489062,11688.627878916666,852.59
P01563,1,ED,admit,2026-02-15T00:54:22.061228,2026-02-23T03:43:44.266023,2026-02-23T20:30:06.466023,11689.370079916667,1006.37
P01564,2,ED,admit,2026-02-15T00:58:32.432357,2026-02-23T03:44:14.123688,2026-02-23T19:17:21.923688,11685.694855516665,933.13
P01565,3,ED,admit,2026-02-15T00:59:18.146587,2026-02-23T04:14:26.171276,2026-02-23T18:58:29.171276,11715.133744816667,884.05
P01566,3,ED,admit,2026-02-15T01:00:28.227083,2026-02-23T04:47:33.059822,2026-02-23T19:05:52.859822,11747.08054565,858.33
P01567,3,ED,admit,2026-02-15T01:00:44.863107,2026-02-23T04:59:00.554264,2026-02-23T19:35:13.754264,11758.261519283335,876.22
P01568,3,ED,admit,2026-02-15T01:00:51.534150,2026-02-23T05:02:47.585996,2026-02-23T19:19:43.985996,11761.934197433333,856.94
P01569,3,ED,admit,2026-02-15T01:02:36.845448,2026-02-23T05:08:32.721574,2026-02-23T19:12:15.321574,11765.931268766666,843.71
P01570,1,ED,admit,2026-02-15T01:04:37.420400,2026-02-23T05:11:44.383914,2026-02-23T22:14:01.183914,11767.116058566666,1022.28
P01571,3,ED,admit,2026-02-15T01:11:00.478873,2026-02-23T05:20:05.753846,2026-02-23T19:33:38.153846,11769.087916216668,853.54
P01572,3,ED,admit,2026-02-15T01:11:28.211040,2026-02-23T05:28:28.239712,2026-02-23T20:18:24.039712,11777.000477866668,889.93
P01573,2,ED,admit,2026-02-15T01:12:44.911942,2026-02-23T05:53:01.172920,2026-02-23T22:44:04.772920,11800.2710163,1011.06
P01574,3,ED,admit,2026-02-15T01:16:26.565484,2026-02-23T06:28:04.470115,2026-02-23T20:52:26.670115,11831.631743850001,864.37
P01575,2,ED,admit,2026-02-15T01:17:58.401999,2026-02-23T06:31:29.162950,2026-02-23T21:56:13.562950,11833.512682516668,924.74
P01576,3,ED,admit,2026-02-15T01:18:32.084354,2026-02-23T06:37:16.240871,2026-02-23T20:51:00.640871,11838.73594195,853.74
P01577,3,ED,admit,2026-02-15T01:20:31.722042,2026-02-23T07:15:00.633931,2026-02-23T22:16:49.233931,11874.481864816666,901.81
P01578,3,ED,admit,2026-02-15T01:20:41.712956,2026-02-23T07:18:08.491258,2026-02-23T22:27:12.091258,11877.446305033334,909.06
P01579,2,ED,admit,2026-02-15T01:26:04.571371,2026-02-23T07:23:53.832743,2026-02-23T22:40:59.232743,11877.821022866667,917.09
P01580,3,ED,admit,2026-02-15T01:26:27.143035,2026-02-23T07:30:15.309468,2026-02-23T22:18:26.709468,11883.802773883333,888.19
P01581,2,ED,admit,2026-02-15T01:27:24.496268,2026-02-23T07:32:18.902279,2026-02-23T23:54:25.502279,11884.906766850001,982.11
P01582,3,ED,admit,2026-02-15T01:31:51.663325,2026-02-23T07:32:54.892008,2026-02-23T21:49:43.492008,11881.053811383334,856.81
P01583,1,ICU,admit,2026-02-15T01:32:16.551430,2026-02-15T01:32:16.551430,2026-02-15T08:25:53.751430,0.0,413.62
P01584,2,ED,admit,2026-02-15T01:36:01.138444,2026-02-23T07:53:54.534536,2026-02-24T00:38:56.934536,11897.889934866665,1005.04
P01585,2,ED,admit,2026-02-15T01:37:16.688121,2026-02-23T07:54:26.994453,2026-02-23T23:55:29.994453,11897.1717722,961.05
P01586,2,ICU,admit,2026-02-15T01:38:48.523655,2026-02-15T01:38:48.523655,2026-02-15T03:59:31.123655,0.0,140.71
P01587,2,ICU,admit,2026-02-15T01:39:10.936802,2026-02-15T01:39:10.936802,2026-02-15T05:20:17.536802,0.0,221.11
P01588,3,ED,admit,2026-02-15T01:41:21.534398,2026-02-23T08:19:57.514713,2026-02-23T22:31:28.714713,11918.599671916667,851.52
P01589,2,ED,admit,2026-02-15T01:42:03.510226,2026-02-23T08:48:51.854088,2026-02-24T00:36:53.654088,11946.805731033333,948.03
P01590,3,ED,admit,2026-02-15T01:42:44.128354,2026-02-23T09:37:28.361969,2026-02-24T00:39:00.161969,11994.737226916668,901.53
P01591,3,ED,admit,2026-02-15T01:42:47.637626,2026-02-23T10:45:16.160164,2026-02-24T01:43:45.560164,12062.475375633334,898.49
P01592,3,ED,admit,2026-02-15T01:43:10.039901,2026-02-23T11:39:11.721457,2026-02-24T02:00:50.121457,12116.028025933334,861.64
P01593,2,ED,admit,2026-02-15T01:44:14.147854,2026-02-23T11:53:21.507866,2026-02-24T03:10:11.907866,12129.122666866666,916.84
P01594,3,ED,admit,2026-02-15T01:49:28.890094,2026-02-23T12:08:18.939860,2026-02-24T02:55:47.139860,12138.834162766667,887.47
P01595,3,ED,admit,2026-02-15T01:53:00.447008,2026-02-23T12:20:39.180101,2026-02-24T02:44:03.180101,12147.64555155,863.4
P01596,2,ICU,admit,2026-02-15T01:55:08.267799,2026-02-15T01:55:08.267799,2026-02-15T03:56:31.667799,0.0,121.39
P01597,2,ED,admit,2026-02-15T01:55:15.433251,2026-02-23T12:38:57.068989,2026-02-24T05:14:44.468989,12163.693928966668,995.79
P01598,3,ED,admit,2026-02-15T01:55:17.593352,2026-02-23T12:43:35.213985,2026-02-24T03:03:44.213985,12168.293677216667,860.15
P01599,3,ED,admit,2026-02-15T01:58:51.897732,2026-02-23T13:18:09.244224,2026-02-24T03:45:08.644224,12199.2891082,866.99
P01600,2,ED,admit,2026-02-15T01:59:52.903800,2026-02-23T13:21:06.256639,2026-02-24T05:37:56.056639,12201.222547316667,976.83
P01601,3,ED,admit,2026-02-15T02:02:30.824517,2026-02-23T13:25:51.764313,2026-02-24T04:20:33.764313,12203.3489966,894.7
P01602,2,ED,admit,2026-02-15T02:06:25.489481,2026-02-23T13:40:50.095421,2026-02-24T06:04:57.895421,12214.410099,984.13
P01603,3,ED,admit,2026-02-15T02:08:51.063598,2026-02-23T13:54:26.673564,2026-02-24T04:04:32.673564,12225.593499433333,850.1
P01604,3,ED,admit,2026-02-15T02:09:00.977598,2026-02-23T14:10:47.668998,2026-02-24T04:28:38.668998,12241.77819,857.85
P01605,3,ED,admit,2026-02-15T02:09:50.330096,2026-02-23T14:15:08.111938,2026-02-24T04:47:27.311938,12245.296364033333,872.32
P01606,3,ED,admit,2026-02-15T02:11:10.053678,2026-02-23T14:19:13.162017,2026-02-24T04:39:38.362017,12248.05180565,860.42
P01607,3,ED,admit,2026-02-15T02:11:37.094119,2026-02-23T15:20:53.675188,2026-02-24T05:53:35.675188,12309.27635115,872.7
P01608,3,ED,admit,2026-02-15T02:12:20.602479,2026-02-23T15:26:57.612830,2026-02-24T06:35:36.012830,12314.616839183333,908.64
P01609,1,ICU,admit,2026-02-15T02:13:56.014766,2026-02-15T02:13:56.014766,2026-02-15T09:13:05.014766,0.0,419.15
P01610,1,ED,admit,2026-02-15T02:19:51.103214,2026-02-23T15:47:13.250703,2026-02-24T10:28:24.050703,12327.369124816667,1121.18
P01611,3,ED,admit,2026-02-15T02:22:12.309886,2026-02-23T16:04:54.943225,2026-02-24T06:54:22.543225,12342.710555650001,889.46
P01612,3,ED,admit,2026-02-15T02:23:25.760703,2026-02-23T16:22:40.841539,2026-02-24T07:01:56.441539,12359.251347266667,879.26
P01613,3,ED,admit,2026-02-15T02:23:48.745615,2026-02-23T16:52:33.478583,2026-02-24T07:54:37.678583,12388.745549466666,902.07
P01614,3,ED,admit,2026-02-15T02:27:16.429420,2026-02-23T17:14:16.010806,2026-02-24T08:15:37.010806,12406.9930231,901.35
P01615,2,ED,admit,2026-02-15T02:28:20.004735,2026-02-23T17:41:16.042845,2026-02-24T09:54:26.842845,12432.9339685,973.18
P01616,3,ED,admit,2026-02-15T02:31:56.425316,2026-02-23T17:55:33.489062,2026-02-24T08:21:58.089062,12443.6177291,866.41
P01617,3,ED,admit,2026-02-15T02:33:18.572232,2026-02-23T18:44:24.765587,2026-02-24T09:38:15.165587,12491.103222583333,893.84
P01618,3,ED,admit,2026-02-15T02:33:37.954665,2026-02-23T18:58:29.171276,2026-02-24T09:35:48.371276,12504.853610183334,877.32
P01619,2,ED,admit,2026-02-15T02:33:45.051798,2026-02-23T19:05:52.859822,2026-02-24T11:09:06.659822,12512.130133733333,963.23
P01620,3,ED,admit,2026-02-15T02:39:04.101181,2026-02-23T19:12:15.321574,2026-02-24T09:50:30.321574,12513.18700655,878.25
P01621,3,ED,admit,2026-02-15T02:40:14.418536,2026-02-23T19:17:21.923688,2026-02-24T10:26:57.323688,12517.125085866666,909.59
P01622,3,ED,admit,2026-02-15T02:41:48.918404,2026-02-23T19:19:43.985996,2026-02-24T09:49:21.785996,12517.9177932,869.63
P01623,3,ED,admit,2026-02-15T02:42:37.018885,2026-02-23T19:33:38.153846,2026-02-24T10:12:18.353846,12531.018916016666,878.67
P01624,2,ED,admit,2026-02-15T02:47:25.581244,2026-02-23T19:35:13.754264,2026-02-24T11:16:40.154264,12527.802883666667,941.44
P01625,1,ICU,admit,2026-02-15T02:50:28.661918,2026-02-15T02:50:28.661918,2026-02-15T07:43:25.061918,0.0,292.94
P01626,1,ICU,admit,2026-02-15T02:52:17.724750,2026-02-15T02:52:17.724750,2026-02-15T08:04:30.924750,0.0,312.22
P01627,2,ED,admit,2026-02-15T02:54:34.919068,2026-02-23T20:18:24.039712,2026-02-24T11:38:30.639712,12563.8186774,920.11
P01628,3,ED,admit,2026-02-15T02:55:37.478454,2026-02-23T20:30:06.466023,2026-02-24T11:12:35.266023,12574.48312615,882.48
P01629,2,ED,admit,2026-02-15T03:01:11.492342,2026-02-23T20:51:00.640871,2026-02-24T12:48:18.640871,12589.81914215,957.3
P01630,3,ED,admit,2026-02-15T03:06:52.496610,2026-02-23T20:52:26.670115,2026-02-24T12:06:42.870115,12585.569558416666,914.27
P01631,2,ED,admit,2026-02-15T03:07:44.415111,2026-02-23T21:49:43.492008,2026-02-24T13:46:27.292008,12641.984614949999,956.73
P01632,3,ED,admit,2026-02-15T03:08:50.423985,2026-02-23T21:56:13.562950,2026-02-24T12:17:00.362950,12647.385649416667,860.78
P01633,3,ED,admit,2026-02-15T03:09:02.342358,2026-02-23T22:14:01.183914,2026-02-24T13:09:15.583914,12664.9806926,895.24
P01634,3,ED,admit,2026-02-15T03:10:21.133520,2026-02-23T22:16:49.233931,2026-02-24T13:00:54.633931,12666.468340183334,884.09
P01635,3,ED,admit,2026-02-15T03:14:00.859813,2026-02-23T22:18:26.709468,2026-02-24T13:10:29.709468,12664.430827583334,892.05
P01636,2,ED,admit,2026-02-15T03:14:12.833986,2026-02-23T22:27:12.091258,2026-02-24T14:31:21.691258,12672.9876212,964.16
P01637,2,ED,admit,2026-02-15T03:14:45.815468,2026-02-23T22:31:28.714713,2026-02-24T15:30:08.314713,12676.714987416666,1018.66
P01638,3,ED,admit,2026-02-15T03:18:01.099210,2026-02-23T22:40:59.232743,2026-02-24T13:39:37.032743,12682.968892216666,898.63
P01639,2,ICU,admit,2026-02-15T03:19:18.467916,2026-02-15T03:19:18.467916,2026-02-15T06:11:55.067916,0.0,172.61
P01640,3,ED,admit,2026-02-15T03:19:33.011915,2026-02-23T22:44:04.772920,2026-02-24T13:35:28.172920,12684.529350083332,891.39
P01641,2,ICU,admit,2026-02-15T03:23:32.417168,2026-02-15T03:23:32.417168,2026-02-15T06:20:30.617168,0.0,176.97
P01642,2,ED,admit,2026-02-15T03:28:34.896427,2026-02-23T23:54:25.502279,2026-02-24T15:27:09.302279,12745.843430866666,932.73
P01643,2,ED,admit,2026-02-15T03:29:01.166919,2026-02-23T23:55:29.994453,2026-02-24T15:30:58.794453,12746.480458900001,935.48
P01644,2,ED,admit,2026-02-15T03:29:16.376856,2026-02-24T00:36:53.654088,2026-02-24T17:34:38.054088,12787.6212872,1017.74
P01645,2,ED,admit,2026-02-15T03:29:58.716256,2026-02-24T00:38:56.934536,2026-02-24T17:16:56.934536,12788.970304666667,998.0
P01646,3,ED,admit,2026-02-15T03:30:00.898733,2026-02-24T00:39:00.161969,2026-02-24T15:12:01.961969,12788.9877206,873.03
P01647,2,ED,admit,2026-02-15T03:35:20.952148,2026-02-24T01:43:45.560164,2026-02-24T17:16:48.560164,12848.4101336,933.05
P01648,3,ED,admit,2026-02-15T03:35:23.713656,2026-02-24T02:00:50.121457,2026-02-24T16:52:50.721457,12865.440130016668,892.01
P01649,2,ED,admit,2026-02-15T03:36:59.071135,2026-02-24T02:44:03.180101,2026-02-24T19:02:52.980101,12907.068482766666,978.83
P01650,2,ED,admit,2026-02-15T03:38:27.586818,2026-02-24T02:55:47.139860,2026-02-24T19:51:00.339860,12917.325884033335,1015.22
P01651,3,ED,admit,2026-02-15T03:39:57.526920,2026-02-24T03:03:44.213985,2026-02-24T18:13:34.013985,12923.778117749998,909.83
P01652,2,ED,admit,2026-02-15T03:42:47.357529,2026-02-24T03:10:11.907866,2026-02-24T19:01:23.307866,12927.409172283335,951.19
P01653,3,ED,admit,2026-02-15T03:42:52.869361,2026-02-24T03:45:08.644224,2026-02-24T18:50:50.644224,12962.262914383335,905.7
P01654,3,ED,admit,2026-02-15T03:43:14.201306,2026-02-24T04:04:32.673564,2026-02-24T19:18:02.073564,12981.307870966668,913.49
P01655,3,ED,admit,2026-02-15T03:43:35.704877,2026-02-24T04:20:33.764313,2026-02-24T19:57:01.964313,12996.967657266667,936.47
P01656,3,ED,admit,2026-02-15T03:44:38.017116,2026-02-24T04:28:38.668998,2026-02-24T20:04:27.868998,13004.0108647,935.82
P01657,2,ED,admit,2026-02-15T03:46:05.253651,2026-02-24T04:39:38.362017,2026-02-24T20:19:44.962017,13013.5518061,940.11
P01658,1,ICU,admit,2026-02-15T03:46:43.227337,2026-02-15T03:46:43.227337,2026-02-15T08:56:11.427337,0.0,309.47
P01659,3,ED,admit,2026-02-15T03:47:05.146615,2026-02-24T04:47:27.311938,2026-02-24T20:01:10.511938,13020.36942205,913.72
P01660,3,ED,admit,2026-02-15T03:47:46.445790,2026-02-24T05:14:44.468989,2026-02-24T20:20:18.668989,13046.967053316668,905.57
P01661,3,ED,admit,2026-02-15T03:51:27.763989,2026-02-24T05:37:56.056639,2026-02-24T20:56:45.256639,13066.471544166667,918.82
P01662,2,ED,admit,2026-02-15T03:52:59.098170,2026-02-24T05:53:35.675188,2026-02-24T22:56:36.875188,13080.609616966665,1023.02
P01663,2,ED,admit,2026-02-15T03:53:16.755845,2026-02-24T06:04:57.895421,2026-02-24T23:18:41.095421,13091.685659600002,1033.72
P01664,1,ED,admit,2026-02-15T03:55:06.484397,2026-02-24T06:35:36.012830,2026-02-25T01:21:53.412830,13120.492140549999,1126.29
P01665,3,ED,admit,2026-02-15T04:00:12.325153,2026-02-24T06:54:22.543225,2026-02-24T22:00:02.743225,13134.1703012,905.67
P01666,3,ED,admit,2026-02-15T04:00:21.064179,2026-02-24T07:01:56.441539,2026-02-24T22:07:00.641539,13141.589622666668,905.07
P01667,3,ED,admit,2026-02-15T04:00:59.934794,2026-02-24T07:54:37.678583,2026-02-24T22:47:08.878583,13193.62906315,892.52
P01668,3,ED,admit,2026-02-15T04:01:18.526266,2026-02-24T08:15:37.010806,2026-02-24T23:08:40.610806,13214.308075666666,893.06
P01669,3,ED,admit,2026-02-15T04:04:03.321853,2026-02-24T08:21:58.089062,2026-02-24T23:09:33.489062,13217.912786816665,887.59
P01670,3,ED,admit,2026-02-15T04:05:15.617505,2026-02-24T09:35:48.371276,2026-02-25T01:02:06.971276,13290.545896183332,926.31
P01671,2,ED,admit,2026-02-15T04:08:58.775210,2026-02-24T09:38:15.165587,2026-02-25T02:23:53.565587,13289.27317295,1005.64
P01672,3,ED,admit,2026-02-15T04:11:20.155407,2026-02-24T09:49:21.785996,2026-02-25T01:20:55.385996,13298.027176483332,931.56
P01673,3,ED,admit,2026-02-15T04:11:42.751287,2026-02-24T09:50:30.321574,2026-02-25T01:42:28.521574,13298.792838116668,951.97
P01674,3,ED,admit,2026-02-15T04:14:18.868703,2026-02-24T09:54:26.842845,2026-02-25T01:01:53.842845,13300.132902366666,907.45
P01675,2,ED,admit,2026-02-15T04:14:55.965694,2026-02-24T10:12:18.353846,2026-02-25T03:41:22.553846,13317.373135866666,1049.07
P01676,2,ED,admit,2026-02-15T04:17:36.777837,2026-02-24T10:26:57.323688,2026-02-25T04:03:05.123688,13329.34243085,1056.13
P01677,3,ED,admit,2026-02-15T04:19:02.429362,2026-02-24T10:28:24.050703,2026-02-25T02:23:42.050703,13329.360355683333,955.3
P01678,2,ED,admit,2026-02-15T04:19:46.260935,2026-02-24T11:09:06.659822,2026-02-25T04:12:32.459822,13369.33998145,1023.43
P01679,3,ED,admit,2026-02-15T04:22:39.980266,2026-02-24T11:12:35.266023,2026-02-25T02:51:07.066023,13369.921429283333,938.53
P01680,1,ED,admit,2026-02-15T04:24:47.767603,2026-02-24T11:16:40.154264,2026-02-25T06:08:41.354264,13371.873111016666,1132.02
P01681,3,ED,admit,2026-02-15T04:26:02.097304,2026-02-24T11:38:30.639712,2026-02-25T03:23:04.239712,13392.4757068,944.56
P01682,3,ED,admit,2026-02-15T04:27:10.162664,2026-02-24T12:06:42.870115,2026-02-25T04:00:42.270115,13419.545124183333,953.99
P01683,2,ED,admit,2026-02-15T04:27:45.008479,2026-02-24T12:17:00.362950,2026-02-25T04:54:27.962950,13429.25590785,997.46
P01684,3,ED,admit,2026-02-15T04:28:26.462273,2026-02-24T12:48:18.640871,2026-02-25T04:52:48.040871,13459.869643299999,964.49
P01685,3,ED,admit,2026-02-15T04:28:44.549381,2026-02-24T13:00:54.633931,2026-02-25T05:01:54.033931,13472.168075833333,960.99
P01686,2,ED,admit,2026-02-15T04:30:25.007836,2026-02-24T13:09:15.583914,2026-02-25T06:43:53.983914,13478.842934633334,1054.64
P01687,3,ED,admit,2026-02-15T04:32:49.379692,2026-02-24T13:10:29.709468,2026-02-25T05:00:03.309468,13477.672162933333,949.56
P01688,2,ED,admit,2026-02-15T04:33:16.632249,2026-02-24T13:35:28.172920,2026-02-25T07:30:04.772920,13502.192344516667,1074.61
P01689,3,ED,admit,2026-02-15T04:36:45.414109,2026-02-24T13:39:37.032743,2026-02-25T05:36:14.832743,13502.860310566666,956.63
P01690,2,ED,admit,2026-02-15T04:37:52.201838,2026-02-24T13:46:27.292008,2026-02-25T07:43:28.492008,13508.584836166667,1077.02
P01691,3,ED,admit,2026-02-15T04:38:17.649267,2026-02-24T14:31:21.691258,2026-02-25T06:37:29.491258,13553.067366516665,966.13
P01692,3,ED,admit,2026-02-15T04:40:06.976683,2026-02-24T15:12:01.961969,2026-02-25T06:35:31.961969,13591.916421433332,923.5
P01693,2,ED,admit,2026-02-15T04:42:22.979554,2026-02-24T15:27:09.302279,2026-02-25T09:02:11.702279,13604.772045416667,1055.04
P01694,3,ED,admit,2026-02-15T04:46:09.721788,2026-02-24T15:30:08.314713,2026-02-25T07:05:04.714713,13603.97654875,934.94
P01695,3,ED,admit,2026-02-15T04:46:29.980759,2026-02-24T15:30:58.794453,2026-02-25T07:40:45.594453,13604.480228233333,969.78
P01696,1,ICU,admit,2026-02-15T04:47:31.188978,2026-02-15T04:47:31.188978,2026-02-15T10:59:24.588978,0.0,371.89
P01697,2,ED,admit,2026-02-15T04:47:32.802456,2026-02-24T16:52:50.721457,2026-02-25T10:39:20.121457,13685.298650016666,1066.49
P01698,2,ICU,admit,2026-02-15T04:50:27.505778,2026-02-15T04:50:27.505778,2026-02-15T07:32:40.705778,0.0,162.22
P01699,3,ED,admit,2026-02-15T04:50:59.628079,2026-02-24T17:16:48.560164,2026-02-25T09:32:33.560164,13705.81553475,975.75
P01700,3,ED,admit,2026-02-15T04:51:59.030679,2026-02-24T17:16:56.934536,2026-02-25T09:28:02.934536,13704.965064283335,971.1
P01701,3,ED,admit,2026-02-15T04:53:28.436889,2026-02-24T17:34:38.054088,2026-02-25T09:18:13.454088,13721.16028665,943.59
P01702,3,ED,admit,2026-02-15T04:57:43.828531,2026-02-24T18:13:34.013985,2026-02-25T10:00:30.413985,13755.836424233334,946.94
P01703,2,ED,admit,2026-02-15T04:57:45.673833,2026-02-24T18:50:50.644224,2026-02-25T12:13:15.844224,13793.08283985,1042.42
P01704,3,ED,admit,2026-02-15T05:00:34.971278,2026-02-24T19:01:23.307866,2026-02-25T10:42:52.707866,13800.8056098,941.49
P01705,2,ED,admit,2026-02-15T05:00:58.424353,2026-02-24T19:02:52.980101,2026-02-25T11:55:25.980101,13801.909262466668,1012.55
P01706,3,ED,admit,2026-02-15T05:03:10.006454,2026-02-24T19:18:02.073564,2026-02-25T11:19:12.273564,13814.867785166665,961.17
P01707,3,ED,admit,2026-02-15T05:03:29.006125,2026-02-24T19:51:00.339860,2026-02-25T12:01:10.539860,13847.522228916667,970.17
P01708,2,ICU,admit,2026-02-15T05:08:03.390954,2026-02-15T05:08:03.390954,2026-02-15T09:06:24.390954,0.0,238.35
P01709,2,ICU,admit,2026-02-15T05:08:49.183429,2026-02-15T05:08:49.183429,2026-02-15T08:33:08.383429,0.0,204.32
P01710,3,ED,admit,2026-02-15T05:13:36.904718,2026-02-24T19:57:01.964313,2026-02-25T12:07:43.364313,13843.417659916666,970.69
P01711,3,ED,admit,2026-02-15T05:17:56.875904,2026-02-24T20:01:10.511938,2026-02-25T11:39:33.311938,13843.227267233333,938.38
P01712,3,ED,admit,2026-02-15T05:19:20.949135,2026-02-24T20:04:27.868998,2026-02-25T11:40:37.468998,13845.115331050001,936.16
P01713,2,ED,admit,2026-02-15T05:19:31.011181,2026-02-24T20:19:44.962017,2026-02-25T12:43:58.162017,13860.232513933333,984.22
P01714,3,ED,admit,2026-02-15T05:19:48.198272,2026-02-24T20:20:18.668989,2026-02-25T12:13:45.668989,13860.507845283333,953.45
P01715,2,ED,admit,2026-02-15T05:19:48.816458,2026-02-24T20:56:45.256639,2026-02-25T14:49:51.256639,13896.940669683334,1073.1
P01716,3,ED,admit,2026-02-15T05:26:28.406806,2026-02-24T22:00:02.743225,2026-02-25T13:19:14.143225,13953.572273650001,919.19
P01717,3,ED,admit,2026-02-15T05:27:29.777252,2026-02-24T22:07:00.641539,2026-02-25T14:09:43.841539,13959.514404783335,962.72
P01718,3,ED,admit,2026-02-15T05:28:38.029963,2026-02-24T22:47:08.878583,2026-02-25T14:45:13.078583,13998.514143666665,958.07
P01719,3,ED,admit,2026-02-15T05:29:08.167157,2026-02-24T22:56:36.875188,2026-02-25T14:42:32.675188,14007.478467183333,945.93
P01720,3,ED,admit,2026-02-15T05:31:05.963974,2026-02-24T23:08:40.610806,2026-02-25T15:28:07.010806,14017.5774472,979.44
P01721,3,ED,admit,2026-02-15T05:32:30.740531,2026-02-24T23:09:33.489062,2026-02-25T15:24:45.489062,14017.04580885,975.2
P01722,1,ICU,admit,2026-02-15T05:32:52.968780,2026-02-15T05:32:52.968780,2026-02-15T11:16:51.168780,0.0,343.97
P01723,3,ED,admit,2026-02-15T05:32:57.010000,2026-02-24T23:18:41.095421,2026-02-25T15:36:30.895421,14025.734757016668,977.83
P01724,3,ED,admit,2026-02-15T05:33:36.372051,2026-02-25T01:01:53.842845,2026-02-25T17:04:55.042845,14128.2911799,963.02
P01725,3,ED,admit,2026-02-15T05:34:20.570961,2026-02-25T01:02:06.971276,2026-02-25T17:26:03.371276,14127.773338583333,983.94
P01726,3,ED,admit,2026-02-15T05:35:03.088106,2026-02-25T01:20:55.385996,2026-02-25T18:01:06.185996,14145.8716315,1000.18
P01727,3,ED,admit,2026-02-15T05:35:14.827023,2026-02-25T01:21:53.412830,2026-02-25T17:30:29.412830,14146.643096783335,968.6
P01728,3,ED,admit,2026-02-15T05:35:30.694435,2026-02-25T01:42:28.521574,2026-02-25T17:49:09.321574,14166.96378565,966.68
P01729,3,ED,admit,2026-02-15T05:39:33.566937,2026-02-25T02:23:42.050703,2026-02-25T18:34:58.850703,14204.1413961,971.28
P01730,2,ED,admit,2026-02-15T05:40:08.091757,2026-02-25T02:23:53.565587,2026-02-25T20:01:22.965587,14203.757897166668,1057.49
P01731,3,ED,admit,2026-02-15T05:41:28.822777,2026-02-25T02:51:07.066023,2026-02-25T19:19:59.266023,14229.637387433333,988.87
P01732,3,ED,admit,2026-02-15T05:43:51.158630,2026-02-25T03:23:04.239712,2026-02-25T19:30:18.639712,14259.218018033334,967.24
P01733,3,ED,admit,2026-02-15T05:44:31.772425,2026-02-25T03:41:22.553846,2026-02-25T20:25:29.753846,14276.846357016668,1004.12
P01734,2,ED,admit,2026-02-15T05:44:58.140811,2026-02-25T04:00:42.270115,2026-02-25T20:59:56.670115,14295.7354884,1019.24
P01735,3,ED,admit,2026-02-15T05:46:07.173826,2026-02-25T04:03:05.123688,2026-02-25T20:18:26.723688,14296.965831033333,975.36
P01736,1,ICU,admit,2026-02-15T05:54:35.640620,2026-02-15T05:54:35.640620,2026-02-15T11:28:18.840620,0.0,333.72
P01737,3,ED,admit,2026-02-15T05:56:14.680874,2026-02-25T04:12:32.459822,2026-02-25T20:35:04.259822,14296.2963158,982.53
P01738,2,ED,admit,2026-02-15T05:56:15.059269,2026-02-25T04:52:48.040871,2026-02-25T22:32:45.040871,14336.549693366665,1059.95
P01739,1,ICU,admit,2026-02-15T05:57:29.457449,2026-02-15T05:57:29.457449,2026-02-15T12:41:21.657449,0.0,403.87
P01740,2,ED,admit,2026-02-15T05:58:13.125710,2026-02-25T04:54:27.962950,2026-02-25T22:32:57.962950,14336.247287333334,1058.5
P01741,2,ICU,admit,2026-02-15T05:58:30.347948,2026-02-15T05:58:30.347948,2026-02-15T09:09:07.547948,0.0,190.62
P01742,3,ED,admit,2026-02-15T05:59:33.685493,2026-02-25T05:00:03.309468,2026-02-25T21:29:31.509468,14340.493732916666,989.47
P01743,2,ED,admit,2026-02-15T06:04:46.220765,2026-02-25T05:01:54.033931,2026-02-25T23:28:44.433931,14337.130219433333,1106.84
P01744,3,ED,admit,2026-02-15T06:05:13.867546,2026-02-25T05:36:14.832743,2026-02-25T22:11:26.232743,14371.016086616666,995.19
P01745,3,ED,admit,2026-02-15T06:05:26.388566,2026-02-25T06:08:41.354264,2026-02-25T22:15:01.154264,14403.249428300001,966.33
P01746,3,ED,admit,2026-02-15T06:05:53.300589,2026-02-25T06:35:31.961969,2026-02-25T23:12:49.361969,14429.644356333332,997.29
P01747,3,ED,admit,2026-02-15T06:08:33.089021,2026-02-25T06:37:29.491258,2026-02-25T22:50:23.491258,14428.940037283332,972.9
P01748,1,ED,admit,2026-02-15T06:11:06.560919,2026-02-25T06:43:53.983914,2026-02-26T03:08:17.983914,14432.79038325,1224.4
P01749,2,ED,admit,2026-02-15T06:12:28.051496,2026-02-25T07:05:04.714713,2026-02-25T23:56:55.114713,14452.611053616665,1011.84
P01750,2,ICU,admit,2026-02-15T06:13:58.146449,2026-02-15T06:13:58.146449,2026-02-15T10:06:25.146449,0.0,232.45
P01751,2,ED,admit,2026-02-15T06:14:07.328596,2026-02-25T07:30:04.772920,2026-02-26T00:35:33.572920,14475.9574054,1025.48
P01752,3,ED,admit,2026-02-15T06:15:59.688490,2026-02-25T07:40:45.594453,2026-02-25T23:45:35.394453,14484.765099383334,964.83
P01753,3,ED,admit,2026-02-15T06:17:55.875632,2026-02-25T07:43:28.492008,2026-02-26T00:02:57.292008,14485.543606266667,979.48
P01754,2,ED,admit,2026-02-15T06:18:41.495799,2026-02-25T09:02:11.702279,2026-02-26T02:02:00.902279,14563.503441333334,1019.82
P01755,2,ED,admit,2026-02-15T06:19:13.376833,2026-02-25T09:18:13.454088,2026-02-26T03:02:08.654088,14579.001287583333,1063.92
P01756,3,ED,admit,2026-02-15T06:22:46.470821,2026-02-25T09:28:02.934536,2026-02-26T02:20:33.534536,14585.274395249999,1012.51
P01757,2,ED,admit,2026-02-15T06:24:16.929764,2026-02-25T09:32:33.560164,2026-02-26T04:04:23.960164,14588.277173333334,1111.84
P01758,2,ED,admit,2026-02-15T06:25:09.614571,2026-02-25T10:00:30.413985,2026-02-26T04:34:43.013985,14615.3466569,1114.21
P01759,3,ED,admit,2026-02-15T06:27:28.147605,2026-02-25T10:39:20.121457,2026-02-26T03:08:17.121457,14651.866230866666,988.95
P01760,3,ED,admit,2026-02-15T06:27:38.459482,2026-02-25T10:42:52.707866,2026-02-26T03:14:55.707866,14655.237473066667,992.05
P01761,3,ED,admit,2026-02-15T06:28:43.602836,2026-02-25T11:19:12.273564,2026-02-26T03:48:53.073564,14690.477845466667,989.68
P01762,3,ED,admit,2026-02-15T06:30:35.835957,2026-02-25T11:39:33.311938,2026-02-26T04:54:21.911938,14708.957933016667,1034.81
P01763,3,ED,admit,2026-02-15T06:30:41.216753,2026-02-25T11:40:37.468998,2026-02-26T04:40:57.268998,14709.937537416667,1020.33
P01764,2,ED,admit,2026-02-15T06:31:52.388871,2026-02-25T11:55:25.980101,2026-02-26T05:21:23.580101,14723.559853833334,1045.96
P01765,2,ED,admit,2026-02-15T06:32:16.606546,2026-02-25T12:01:10.539860,2026-02-26T05:53:58.539860,14728.898888566668,1072.8
P01766,3,ED,admit,2026-02-15T06:34:15.988624,2026-02-25T12:07:43.364313,2026-02-26T05:05:37.964313,14733.456261483334,1017.91
P01767,2,ED,admit,2026-02-15T06:36:28.033591,2026-02-25T12:13:15.844224,2026-02-26T06:53:17.644224,14736.796843883332,1120.03
P01768,3,ED,admit,2026-02-15T06:36:48.430905,2026-02-25T12:13:45.668989,2026-02-26T05:13:31.868989,14736.953968066666,1019.77
P01769,2,ICU,admit,2026-02-15T06:37:22.696615,2026-02-15T06:37:22.696615,2026-02-15T10:33:15.496615,0.0,235.88
P01770,2,ICU,admit,2026-02-15T06:37:35.043788,2026-02-15T06:37:35.043788,2026-02-15T09:41:23.043788,0.0,183.8
P01771,2,ED,admit,2026-02-15T06:38:10.278127,2026-02-25T12:43:58.162017,2026-02-26T06:06:01.162017,14765.798064833334,1042.05
P01772,3,ED,admit,2026-02-15T06:42:39.991554,2026-02-25T13:19:14.143225,2026-02-26T05:59:35.743225,14796.569194516667,1000.36
P01773,2,ED,admit,2026-02-15T06:43:28.748176,2026-02-25T14:09:43.841539,2026-02-26T08:11:46.241539,14846.25155605,1082.04
P01774,2,ED,admit,2026-02-15T06:43:35.036243,2026-02-25T14:42:32.675188,2026-02-26T09:08:45.875188,14878.960649083334,1106.22
P01775,3,ED,admit,2026-02-15T06:48:58.769947,2026-02-25T14:45:13.078583,2026-02-26T07:23:33.478583,14876.238477266666,998.34
P01776,3,ED,admit,2026-02-15T06:49:12.744197,2026-02-25T14:49:51.256639,2026-02-26T07:25:44.656639,14880.641874033334,995.89
P01777,2,ED,admit,2026-02-15T06:49:40.263200,2026-02-25T15:24:45.489062,2026-02-26T10:27:35.889062,14915.0870977,1142.84
P01778,2,ED,admit,2026-02-15T06:49:56.080244,2026-02-25T15:28:07.010806,2026-02-26T09:54:45.410806,14918.182176033333,1106.64
P01779,3,ED,admit,2026-02-15T06:51:50.962612,2026-02-25T15:36:30.895421,2026-02-26T08:56:13.495421,14924.665546816666,1039.71
P01780,2,ED,admit,2026-02-15T06:52:35.637014,2026-02-25T17:04:55.042845,2026-02-26T12:29:34.642845,15012.323430516666,1164.66
P01781,3,ED,admit,2026-02-15T06:57:01.033859,2026-02-25T17:26:03.371276,2026-02-26T10:38:45.971276,15029.03895695,1032.71
P01782,3,ED,admit,2026-02-15T06:57:17.253719,2026-02-25T17:30:29.412830,2026-02-26T10:19:37.812830,15033.20265185,1009.14
P01783,3,ED,admit,2026-02-15T06:59:33.188881,2026-02-25T17:49:09.321574,2026-02-26T10:31:56.121574,15049.60221155,1002.78
P01784,3,ED,admit,2026-02-15T07:01:48.513763,2026-02-25T18:01:06.185996,2026-02-26T11:25:52.985996,15059.294537216667,1044.78
P01785,2,ED,admit,2026-02-15T07:03:43.357634,2026-02-25T18:34:58.850703,2026-02-26T12:03:09.650703,15091.258217816667,1048.18
P01786,2,ED,admit,2026-02-15T07:04:23.341132,2026-02-25T19:19:59.266023,2026-02-26T14:24:35.866023,15135.598748183334,1144.61
P01787,3,ED,admit,2026-02-15T07:05:46.117929,2026-02-25T19:30:18.639712,2026-02-26T12:43:09.039712,15144.542029716666,1032.84
P01788,2,ED,admit,2026-02-15T07:12:02.953338,2026-02-25T20:01:22.965587,2026-02-26T13:21:00.765587,15169.333537483333,1039.63
P01789,2,ED,admit,2026-02-15T07:12:28.854293,2026-02-25T20:18:26.723688,2026-02-26T14:29:20.723688,15185.964489916667,1090.9
P01790,2,ICU,admit,2026-02-15T07:12:33.977132,2026-02-15T07:12:33.977132,2026-02-15T11:01:53.177132,0.0,229.32
P01791,3,ED,admit,2026-02-15T07:14:39.118900,2026-02-25T20:25:29.753846,2026-02-26T13:50:49.553846,15190.843915766665,1045.33
P01792,2,ICU,admit,2026-02-15T07:17:08.699906,2026-02-15T07:17:08.699906,2026-02-15T09:20:11.099906,0.0,123.04
P01793,3,ED,admit,2026-02-15T07:17:37.353022,2026-02-25T20:35:04.259822,2026-02-26T13:42:05.459822,15197.448446666667,1027.02
P01794,3,ED,admit,2026-02-15T07:18:53.285145,2026-02-25T20:59:56.670115,2026-02-26T13:35:52.470115,15221.056416166666,995.93
P01795,3,ED,admit,2026-02-15T07:18:56.348428,2026-02-25T21:29:31.509468,2026-02-26T14:55:30.909468,15250.586017333333,1045.99
P01796,2,ED,admit,2026-02-15T07:21:34.826689,2026-02-25T22:11:26.232743,2026-02-26T15:52:22.632743,15289.856767566667,1060.94
P01797,3,ED,admit,2026-02-15T07:24:57.461428,2026-02-25T22:15:01.154264,2026-02-26T15:03:52.754264,15290.061547266667,1008.86
P01798,3,ED,admit,2026-02-15T07:25:29.624467,2026-02-25T22:32:45.040871,2026-02-26T15:15:32.440871,15307.256940066667,1002.79
P01799,2,ED,admit,2026-02-15T07:25:54.738749,2026-02-25T22:32:57.962950,2026-02-26T17:06:08.162950,15307.053736683332,1113.17
P01800,3,ED,admit,2026-02-15T07:28:40.225602,2026-02-25T22:50:23.491258,2026-02-26T16:20:01.891258,15321.721094266666,1049.64
P01801,3,ED,admit,2026-02-15T07:29:26.249186,2026-02-25T23:12:49.361969,2026-02-26T16:21:15.161969,15343.38521305,1028.43
P01802,3,ED,admit,2026-02-15T07:33:49.391667,2026-02-25T23:28:44.433931,2026-02-26T16:56:30.033931,15354.917371066667,1047.76
P01803,1,ICU,admit,2026-02-15T07:34:15.395748,2026-02-15T07:34:15.395748,2026-02-15T13:02:42.395748,0.0,328.45
P01804,2,ED,admit,2026-02-15T07:34:39.131964,2026-02-25T23:45:35.394453,2026-02-26T19:19:22.794453,15370.93770815,1173.79
P01805,3,ED,admit,2026-02-15T07:34:53.908144,2026-02-25T23:56:55.114713,2026-02-26T17:37:49.114713,15382.020109483334,1060.9
P01806,2,ED,admit,2026-02-15T07:36:18.280082,2026-02-26T00:02:57.292008,2026-02-26T18:22:23.092008,15386.650198766667,1099.43
P01807,3,ED,admit,2026-02-15T07:37:11.672617,2026-02-26T00:35:33.572920,2026-02-26T17:35:09.572920,15418.36500505,1019.6
P01808,1,ICU,admit,2026-02-15T07:37:20.431706,2026-02-15T07:37:20.431706,2026-02-15T14:36:49.231706,0.0,419.48
P01809,3,ED,admit,2026-02-15T07:41:51.794550,2026-02-26T02:02:00.902279,2026-02-26T19:29:47.102279,15500.151795483334,1047.77
P01810,3,ED,admit,2026-02-15T07:44:32.643448,2026-02-26T02:20:33.534536,2026-02-26T19:42:41.334536,15516.014851466667,1042.13
P01811,2,ED,admit,2026-02-15T07:45:12.659485,2026-02-26T03:02:08.654088,2026-02-26T22:14:48.254088,15556.933243383333,1152.66
P01812,3,ED,admit,2026-02-15T07:45:42.765796,2026-02-26T03:08:17.121457,2026-02-26T20:38:41.721457,15562.57259435,1050.41
P01813,3,ED,admit,2026-02-15T07:47:17.965331,2026-02-26T03:08:17.983914,2026-02-26T20:55:18.583914,15561.000309716668,1067.01
P01814,3,ED,admit,2026-02-15T07:47:30.114985,2026-02-26T03:14:55.707866,2026-02-26T20:31:34.107866,15567.426548016667,1036.64
P01815,2,ED,admit,2026-02-15T07:48:17.393759,2026-02-26T03:48:53.073564,2026-02-26T22:29:35.673564,15600.594663416667,1120.71
P01816,3,ED,admit,2026-02-15T07:48:37.687673,2026-02-26T04:04:23.960164,2026-02-26T21:36:05.360164,15615.771208183334,1051.69
P01817,2,ED,admit,2026-02-15T07:54:10.201395,2026-02-26T04:34:43.013985,2026-02-26T22:25:46.013985,15640.5468765,1071.05
P01818,3,ED,admit,2026-02-15T07:55:33.483104,2026-02-26T04:40:57.268998,2026-02-26T21:37:35.668998,15645.396431566665,1016.64
P01819,3,ED,admit,2026-02-15T08:00:20.416432,2026-02-26T04:54:21.911938,2026-02-26T21:57:26.711938,15654.0249251,1023.08
P01820,1,ICU,admit,2026-02-15T08:01:54.324928,2026-02-15T08:01:54.324928,2026-02-15T12:04:35.124928,0.0,242.68
P01821,3,ED,admit,2026-02-15T08:05:50.349984,2026-02-26T05:05:37.964313,2026-02-26T22:51:38.564313,15659.79357215,1066.01
P01822,3,ED,admit,2026-02-15T08:06:01.112017,2026-02-26T05:13:31.868989,2026-02-26T22:42:46.268989,15667.5126162,1049.24
P01823,3,ED,admit,2026-02-15T08:07:21.029921,2026-02-26T05:21:23.580101,2026-02-26T22:47:53.580101,15674.042503,1046.5
P01824,3,ED,admit,2026-02-15T08:12:21.270574,2026-02-26T05:53:58.539860,2026-02-26T22:51:09.339860,15701.621154766668,1017.18
P01825,3,ED,admit,2026-02-15T08:15:11.656850,2026-02-26T05:59:35.743225,2026-02-26T23:15:46.543225,15704.401439583333,1036.18
P01826,2,ED,admit,2026-02-15T08:15:52.384684,2026-02-26T06:06:01.162017,2026-02-27T00:30:20.362017,15710.146288883332,1104.32
P01827,3,ED,admit,2026-02-15T08:19:21.783611,2026-02-26T06:53:17.644224,2026-02-27T00:32:32.644224,15753.931010216667,1059.25
P01828,2,ICU,admit,2026-02-15T08:19:55.341134,2026-02-15T08:19:55.341134,2026-02-15T10:28:13.941134,0.0,128.31
P01829,3,ED,admit,2026-02-15T08:20:38.228267,2026-02-26T07:23:33.478583,2026-02-27T00:50:00.478583,15782.9208386,1046.45
P01830,3,ED,admit,2026-02-15T08:21:01.169881,2026-02-26T07:25:44.656639,2026-02-27T00:50:01.456639,15784.7247793,1044.28
P01831,2,ED,admit,2026-02-15T08:21:15.429449,2026-02-26T08:11:46.241539,2026-02-27T03:55:07.841539,15830.513534833333,1183.36
P01832,3,ED,admit,2026-02-15T08:21:33.798832,2026-02-26T08:56:13.495421,2026-02-27T02:05:17.695421,15874.661609816667,1029.07
P01833,3,ED,admit,2026-02-15T08:26:45.290308,2026-02-26T09:08:45.875188,2026-02-27T02:18:54.875188,15882.009748,1030.15
P01834,3,ED,admit,2026-02-15T08:27:20.800103,2026-02-26T09:54:45.410806,2026-02-27T03:09:04.610806,15927.410178383334,1034.32
P01835,3,ED,admit,2026-02-15T08:28:30.230114,2026-02-26T10:19:37.812830,2026-02-27T04:09:23.412830,15951.1263786,1069.76
P01836,3,ED,admit,2026-02-15T08:29:05.676825,2026-02-26T10:27:35.889062,2026-02-27T04:04:55.689062,15958.503537283334,1057.33
P01837,1,ED,admit,2026-02-15T08:31:21.420917,2026-02-26T10:31:56.121574,2026-02-27T08:23:59.721574,15960.578344283333,1312.06
P01838,3,ED,admit,2026-02-15T08:32:08.657084,2026-02-26T10:38:45.971276,2026-02-27T04:14:36.371276,15966.621903199999,1055.84
P01839,2,ED,admit,2026-02-15T08:35:28.034811,2026-02-26T11:25:52.985996,2026-02-27T06:04:05.585996,16010.415853083334,1118.21
P01840,3,ED,admit,2026-02-15T08:35:45.671762,2026-02-26T12:03:09.650703,2026-02-27T05:50:36.650703,16047.399649016666,1067.45
P01841,2,ED,admit,2026-02-15T08:37:20.179304,2026-02-26T12:29:34.642845,2026-02-27T06:59:23.842845,16072.241059016667,1109.82
P01842,3,ED,admit,2026-02-15T08:39:47.118619,2026-02-26T12:43:09.039712,2026-02-27T06:31:58.839712,16083.36535155,1068.83
P01843,3,ED,admit,2026-02-15T08:41:40.109837,2026-02-26T13:21:00.765587,2026-02-27T07:30:58.365587,16119.3442625,1089.96
P01844,3,ED,admit,2026-02-15T08:42:57.442198,2026-02-26T13:35:52.470115,2026-02-27T07:11:17.670115,16132.91713195,1055.42
P01845,3,ED,admit,2026-02-15T08:46:31.649759,2026-02-26T13:42:05.459822,2026-02-27T07:43:09.659822,16135.56350105,1081.07
P01846,3,ED,admit,2026-02-15T08:46:43.679016,2026-02-26T13:50:49.553846,2026-02-27T07:23:57.953846,16144.097913833333,1053.14
P01847,3,ED,admit,2026-02-15T08:46:55.846657,2026-02-26T14:24:35.866023,2026-02-27T07:54:34.666023,16177.666989433334,1049.98
P01848,2,ED,admit,2026-02-15T08:47:32.987336,2026-02-26T14:29:20.723688,2026-02-27T09:01:11.123688,16181.795605866668,1111.84
P01849,2,ED,admit,2026-02-15T08:48:35.961957,2026-02-26T14:55:30.909468,2026-02-27T09:25:47.709468,16206.91579185,1110.28
P01850,2,ED,admit,2026-02-15T08:48:38.537885,2026-02-26T15:03:52.754264,2026-02-27T10:30:02.954264,16215.23693965,1166.17
P01851,3,ED,admit,2026-02-15T08:51:27.531434,2026-02-26T15:15:32.440871,2026-02-27T09:04:02.440871,16224.08182395,1068.5
P01852,2,ED,admit,2026-02-15T08:53:06.400511,2026-02-26T15:52:22.632743,2026-02-27T10:41:44.832743,16259.2705372,1129.37
P01853,2,ED,admit,2026-02-15T08:54:48.844509,2026-02-26T16:20:01.891258,2026-02-27T11:19:16.291258,16285.217445816666,1139.24
P01854,3,ED,admit,2026-02-15T08:55:16.565874,2026-02-26T16:21:15.161969,2026-02-27T09:53:45.161969,16285.976601583334,1052.5
P01855,3,ED,admit,2026-02-15T08:56:07.551848,2026-02-26T16:56:30.033931,2026-02-27T10:21:18.033931,16320.374701383333,1044.8
P01856,3,ED,admit,2026-02-15T08:58:02.830932,2026-02-26T17:06:08.162950,2026-02-27T10:57:39.362950,16328.088866966666,1071.52
P01857,3,ED,admit,2026-02-15T08:58:18.116284,2026-02-26T17:35:09.572920,2026-02-27T11:45:37.772920,16356.8576106,1090.47
P01858,2,ED,admit,2026-02-15T08:58:30.092258,2026-02-26T17:37:49.114713,2026-02-27T13:32:22.714713,16359.317040916667,1194.56
P01859,3,ED,admit,2026-02-15T09:04:50.136408,2026-02-26T18:22:23.092008,2026-02-27T12:43:44.092008,16397.54926,1101.35
P01860,3,ED,admit,2026-02-15T09:05:49.364419,2026-02-26T19:19:22.794453,2026-02-27T13:40:42.594453,16453.55716723333,1101.33
P01861,3,ED,admit,2026-02-15T09:08:12.583936,2026-02-26T19:29:47.102279,2026-02-27T13:40:03.302279,16461.575305716666,1090.27
P01862,3,ED,admit,2026-02-15T09:08:28.324225,2026-02-26T19:42:41.334536,2026-02-27T13:52:16.134536,16474.216838516666,1089.58
P01863,1,ICU,admit,2026-02-15T09:08:44.534263,2026-02-15T09:08:44.534263,2026-02-15T15:46:45.134263,0.0,398.01
P01864,3,ED,admit,2026-02-15T09:10:22.695328,2026-02-26T20:31:34.107866,2026-02-27T14:42:46.707866,16521.190208966666,1091.21
P01865,2,ICU,admit,2026-02-15T09:10:46.873533,2026-02-15T09:10:46.873533,2026-02-15T12:08:11.473533,0.0,177.41
P01866,2,ED,admit,2026-02-15T09:13:25.767301,2026-02-26T20:38:41.721457,2026-02-27T15:43:32.121457,16525.2659026,1144.84
P01867,2,ED,admit,2026-02-15T09:17:59.208592,2026-02-26T20:55:18.583914,2026-02-27T16:49:33.583914,16537.322922033334,1194.25
P01868,2,ICU,admit,2026-02-15T09:19:38.940721,2026-02-15T09:19:38.940721,2026-02-15T12:24:28.140721,0.0,184.82
P01869,2,ED,admit,2026-02-15T09:21:12.090515,2026-02-26T21:36:05.360164,2026-02-27T15:52:07.160164,16574.887827483333,1096.03
P01870,2,ED,admit,2026-02-15T09:25:45.065670,2026-02-26T21:37:35.668998,2026-02-27T15:55:45.868998,16571.8433888,1098.17
P01871,3,ED,admit,2026-02-15T09:26:29.744260,2026-02-26T21:57:26.711938,2026-02-27T16:09:11.111938,16590.9494613,1091.74
P01872,3,ED,admit,2026-02-15T09:26:57.142134,2026-02-26T22:14:48.254088,2026-02-27T15:49:25.454088,16607.8518659,1054.62
P01873,2,ED,admit,2026-02-15T09:27:49.455695,2026-02-26T22:25:46.013985,2026-02-27T17:48:14.213985,16617.942638166667,1162.47
P01874,3,ED,admit,2026-02-15T09:28:26.579679,2026-02-26T22:29:35.673564,2026-02-27T16:50:34.473564,16621.15156475,1100.98
P01875,1,ICU,admit,2026-02-15T09:29:00.365313,2026-02-15T09:29:00.365313,2026-02-15T14:38:21.365313,0.0,309.35
P01876,3,ED,admit,2026-02-15T09:31:41.881794,2026-02-26T22:42:46.268989,2026-02-27T16:42:03.068989,16631.073119916666,1079.28
P01877,3,ED,admit,2026-02-15T09:31:48.624530,2026-02-26T22:47:53.580101,2026-02-27T16:23:45.180101,16636.08259285,1055.86
P01878,1,ED,admit,2026-02-15T09:33:41.924321,2026-02-26T22:51:09.339860,2026-02-27T20:52:41.739860,16637.45692565,1321.54
P01879,2,ICU,admit,2026-02-15T09:34:50.128281,2026-02-15T09:34:50.128281,2026-02-15T13:17:26.728281,0.0,222.61
P01880,2,ED,admit,2026-02-15T09:35:42.568668,2026-02-26T22:51:38.564313,2026-02-27T17:56:50.564313,16635.93326075,1145.2
P01881,2,ED,admit,2026-02-15T09:36:48.462315,2026-02-26T23:15:46.543225,2026-02-27T19:25:44.143225,16658.968015166665,1209.96
P01882,3,ED,admit,2026-02-15T09:38:14.539800,2026-02-27T00:30:20.362017,2026-02-27T18:23:30.562017,16732.09703695,1073.17
P01883,3,ED,admit,2026-02-15T09:46:16.431696,2026-02-27T00:32:32.644224,2026-02-27T18:14:49.444224,16726.2702088,1062.28
P01884,3,ED,admit,2026-02-15T09:52:12.152347,2026-02-27T00:50:00.478583,2026-02-27T19:11:20.278583,16737.805437266667,1101.33
P01885,2,ED,admit,2026-02-15T09:52:53.979087,2026-02-27T00:50:01.456639,2026-02-27T20:07:10.456639,16737.124625866665,1157.15
P01886,2,ED,admit,2026-02-15T09:54:34.894931,2026-02-27T02:05:17.695421,2026-02-27T21:07:38.095421,16810.713341500003,1142.34
P01887,3,ED,admit,2026-02-15T09:55:02.912877,2026-02-27T02:18:54.875188,2026-02-27T20:22:35.075188,16823.866038516666,1083.67
P01888,2,ED,admit,2026-02-15T09:56:08.654859,2026-02-27T03:09:04.610806,2026-02-27T22:46:10.610806,16872.932599116666,1177.1
P01889,3,ED,admit,2026-02-15T09:56:13.069428,2026-02-27T03:55:07.841539,2026-02-27T21:47:46.241539,16918.91286851667,1072.64
P01890,2,ED,admit,2026-02-15T09:57:51.949462,2026-02-27T04:04:55.689062,2026-02-27T23:11:02.289062,16927.062326666666,1146.11
P01891,2,ED,admit,2026-02-15T09:58:58.356714,2026-02-27T04:09:23.412830,2026-02-27T22:49:41.412830,16930.417601933335,1120.3
P01892,2,ICU,admit,2026-02-15T09:59:47.475970,2026-02-15T09:59:47.475970,2026-02-15T13:50:40.875970,0.0,230.89
P01893,3,ED,admit,2026-02-15T10:08:01.482670,2026-02-27T04:14:36.371276,2026-02-27T22:26:25.571276,16926.581476766667,1091.82
P01894,3,ED,admit,2026-02-15T10:09:53.908044,2026-02-27T05:50:36.650703,2026-02-28T00:08:55.250703,17020.71237765,1098.31
P01895,2,ED,admit,2026-02-15T10:09:55.717698,2026-02-27T06:04:05.585996,2026-02-28T00:54:16.385996,17034.164471633332,1130.18
P01896,3,ED,admit,2026-02-15T10:19:49.611066,2026-02-27T06:31:58.839712,2026-02-28T00:36:57.039712,17052.153810766667,1084.97
P01897,3,ED,admit,2026-02-15T10:20:02.809484,2026-02-27T06:59:23.842845,2026-02-28T00:38:43.642845,17079.350556016667,1059.33
P01898,3,ED,admit,2026-02-15T10:22:23.700150,2026-02-27T07:11:17.670115,2026-02-28T01:01:24.870115,17088.899499416668,1070.12
P01899,3,ED,admit,2026-02-15T10:26:56.610345,2026-02-27T07:23:57.953846,2026-02-28T01:27:13.553846,17097.02239168333,1083.26
P01900,2,ICU,admit,2026-02-15T10:30:00.000360,2026-02-15T10:30:00.000360,2026-02-15T13:09:12.600360,0.0,159.21
P01901,2,ED,admit,2026-02-15T10:31:45.312796,2026-02-27T07:30:58.365587,2026-02-28T01:48:54.165587,17099.217546516666,1097.93
P01902,3,ED,admit,2026-02-15T10:32:07.184994,2026-02-27T07:43:09.659822,2026-02-28T01:41:30.059822,17111.041247133333,1078.34
P01903,3,ED,admit,2026-02-15T10:36:16.730402,2026-02-27T07:54:34.666023,2026-02-28T02:18:23.266023,17118.298927016665,1103.81
P01904,1,ICU,admit,2026-02-15T10:36:46.953092,2026-02-15T10:36:46.953092,2026-02-15T15:09:13.953092,0.0,272.45
P01905,2,ED,admit,2026-02-15T10:37:51.825401,2026-02-27T08:23:59.721574,2026-02-28T03:24:23.121574,17146.13160288333,1140.39
P01906,3,ED,admit,2026-02-15T10:37:55.587681,2026-02-27T09:01:11.123688,2026-02-28T03:24:22.523688,17183.25893345,1103.19
P01907,1,ICU,admit,2026-02-15T10:37:56.251488,2026-02-15T10:37:56.251488,2026-02-15T17:13:13.651488,0.0,395.29
P01908,3,ED,admit,2026-02-15T10:40:34.602157,2026-02-27T09:04:02.440871,2026-02-28T03:22:34.240871,17183.463978566666,1098.53
P01909,1,ICU,admit,2026-02-15T10:40:39.220693,2026-02-15T10:40:39.220693,2026-02-15T17:18:11.020693,0.0,397.53
P01910,3,ED,admit,2026-02-15T10:41:41.242788,2026-02-27T09:25:47.709468,2026-02-28T03:58:43.509468,17204.107777999998,1112.93
P01911,3,ED,admit,2026-02-15T10:43:05.797409,2026-02-27T09:53:45.161969,2026-02-28T04:07:19.961969,17230.656076,1093.58
P01912,3,ED,admit,2026-02-15T10:44:23.981769,2026-02-27T10:21:18.033931,2026-02-28T04:56:42.033931,17256.900869366666,1115.4
P01913,2,ED,admit,2026-02-15T10:47:47.456367,2026-02-27T10:30:02.954264,2026-02-28T06:32:22.754264,17262.258298283334,1202.33
P01914,2,ED,admit,2026-02-15T10:48:05.319703,2026-02-27T10:41:44.832743,2026-02-28T07:04:10.032743,17273.658550666667,1222.42
P01915,3,ED,admit,2026-02-15T10:59:30.013050,2026-02-27T10:57:39.362950,2026-02-28T05:20:36.962950,17278.155831666667,1102.96
P01916,2,ED,admit,2026-02-15T11:00:33.459186,2026-02-27T11:19:16.291258,2026-02-28T06:38:46.891258,17298.713867866667,1159.51
P01917,2,ED,admit,2026-02-15T11:00:44.504294,2026-02-27T11:45:37.772920,2026-02-28T06:27:43.172920,17324.887810433334,1122.09
P01918,3,ED,admit,2026-02-15T11:02:30.098980,2026-02-27T12:43:44.092008,2026-02-28T06:28:48.292008,17381.233217133333,1065.07
P01919,2,ICU,admit,2026-02-15T11:03:26.246143,2026-02-15T11:03:26.246143,2026-02-15T14:08:18.446143,0.0,184.87
P01920,3,ED,admit,2026-02-15T11:03:36.112491,2026-02-27T13:32:22.714713,2026-02-28T07:09:43.714713,17428.7767037,1057.35
P01921,3,ED,admit,2026-02-15T11:07:42.337966,2026-02-27T13:40:03.302279,2026-02-28T07:39:50.102279,17432.349405216668,1079.78
P01922,2,ED,admit,2026-02-15T11:15:38.703333,2026-02-27T13:40:42.594453,2026-02-28T07:56:47.994453,17425.064852,1096.09
P01923,3,ED,admit,2026-02-15T11:17:00.681498,2026-02-27T13:52:16.134536,2026-02-28T07:53:56.334536,17435.257550633334,1081.67
P01924,3,ED,admit,2026-02-15T11:18:44.239513,2026-02-27T14:42:46.707866,2026-02-28T09:09:28.107866,17484.041139216668,1106.69
P01925,1,ICU,admit,2026-02-15T11:20:52.127087,2026-02-15T11:20:52.127087,2026-02-15T15:52:56.927087,0.0,272.08
P01926,3,ED,admit,2026-02-15T11:24:23.386645,2026-02-27T15:43:32.121457,2026-02-28T10:04:35.121457,17539.145580200002,1101.05
P01927,3,ED,admit,2026-02-15T11:25:39.769593,2026-02-27T15:49:25.454088,2026-02-28T09:35:39.854088,17543.76140825,1066.24
P01928,3,ED,admit,2026-02-15T11:26:13.006264,2026-02-27T15:52:07.160164,2026-02-28T09:55:58.160164,17545.902565,1083.85
P01929,2,ICU,admit,2026-02-15T11:26:14.391233,2026-02-15T11:26:14.391233,2026-02-15T15:09:38.391233,0.0,223.4
P01930,3,ED,admit,2026-02-15T11:26:18.431812,2026-02-27T15:55:45.868998,2026-02-28T10:28:08.668998,17549.45728643333,1112.38
P01931,3,ED,admit,2026-02-15T11:26:58.594887,2026-02-27T16:09:11.111938,2026-02-28T10:17:20.711938,17562.208617516666,1088.16
P01932,3,ED,admit,2026-02-15T11:28:46.854619,2026-02-27T16:23:45.180101,2026-02-28T10:23:21.780101,17574.972091366664,1079.61
P01933,1,ICU,admit,2026-02-15T11:34:30.035816,2026-02-15T11:34:30.035816,2026-02-15T16:57:40.235816,0.0,323.17
P01934,2,ED,admit,2026-02-15T11:34:45.214205,2026-02-27T16:42:03.068989,2026-02-28T12:43:01.868989,17587.29757973333,1200.98
P01935,1,ICU,admit,2026-02-15T11:35:33.474942,2026-02-15T11:35:33.474942,2026-02-15T17:58:10.674942,0.0,382.62
P01936,3,ED,admit,2026-02-15T11:38:50.104305,2026-02-27T16:49:33.583914,2026-02-28T11:10:14.983914,17590.72466015,1100.69
P01937,3,ED,admit,2026-02-15T11:38:55.992817,2026-02-27T16:50:34.473564,2026-02-28T11:02:22.473564,17591.641345783333,1091.8
P01938,1,ICU,admit,2026-02-15T11:41:59.459508,2026-02-15T11:41:59.459508,2026-02-15T18:00:37.259508,0.0,378.63
P01939,3,ED,admit,2026-02-15T11:42:31.199023,2026-02-27T17:48:14.213985,2026-02-28T11:57:11.213985,17645.716916033336,1088.95
P01940,1,ED,admit,2026-02-15T11:46:45.582379,2026-02-27T17:56:50.564313,2026-02-28T16:37:26.564313,17650.083032233335,1360.6
P01941,2,ED,admit,2026-02-15T11:47:37.435323,2026-02-27T18:14:49.444224,2026-02-28T14:16:36.244224,17667.20014835,1201.78
P01942,3,ED,admit,2026-02-15T11:47:40.899587,2026-02-27T18:23:30.562017,2026-02-28T12:28:17.962017,17675.827707166667,1084.79
P01943,3,ED,admit,2026-02-15T11:48:58.208634,2026-02-27T19:11:20.278583,2026-02-28T13:13:39.478583,17722.36783248333,1082.32
P01944,3,ED,admit,2026-02-15T11:50:45.273396,2026-02-27T19:25:44.143225,2026-02-28T14:00:27.343225,17734.981163816665,1114.72
P01945,3,ED,admit,2026-02-15T11:56:28.247387,2026-02-27T20:07:10.456639,2026-02-28T13:50:05.056639,17770.703487533334,1062.91
P01946,2,ICU,admit,2026-02-15T11:58:13.729435,2026-02-15T12:04:35.124928,2026-02-15T15:40:57.324928,6.35659155,216.37
P01947,3,ED,admit,2026-02-15T11:58:33.543007,2026-02-27T20:22:35.075188,2026-02-28T15:02:21.875188,17784.02553635,1119.78
P01948,2,ED,admit,2026-02-15T11:59:25.252176,2026-02-27T20:52:41.739860,2026-02-28T16:30:45.939860,17813.274794733334,1178.07
P01949,3,ED,admit,2026-02-15T12:00:56.231096,2026-02-27T21:07:38.095421,2026-02-28T15:42:39.295421,17826.69773875,1115.02
P01950,3,ED,admit,2026-02-15T12:01:48.126246,2026-02-27T21:47:46.241539,2026-02-28T16:02:24.641539,17865.968588216663,1094.64
P01951,2,ED,admit,2026-02-15T12:02:37.517188,2026-02-27T22:26:25.571276,2026-02-28T18:20:58.571276,17903.800901466668,1194.55
P01952,3,ED,admit,2026-02-15T12:03:20.844356,2026-02-27T22:46:10.610806,2026-02-28T17:12:52.610806,17922.829440833335,1106.7
P01953,3,ED,admit,2026-02-15T12:03:27.499143,2026-02-27T22:49:41.412830,2026-02-28T17:35:21.612830,17926.231894783334,1125.67
P01954,3,ED,admit,2026-02-15T12:03:33.858327,2026-02-27T23:11:02.289062,2026-02-28T17:51:29.289062,17947.473845583332,1120.45
P01955,3,ED,admit,2026-02-15T12:06:48.615504,2026-02-28T00:08:55.250703,2026-02-28T18:28:50.450703,18002.110586649997,1099.92
P01956,2,ED,admit,2026-02-15T12:22:46.297766,2026-02-28T00:36:57.039712,2026-02-28T21:01:37.839712,18014.17903243333,1224.68
P01957,2,ED,admit,2026-02-15T12:23:45.964366,2026-02-28T00:38:43.642845,2026-02-28T20:17:21.442845,18014.961307983333,1178.63
P01958,3,ED,admit,2026-02-15T12:24:29.402633,2026-02-28T00:54:16.385996,2026-02-28T19:13:57.785996,18029.78305605,1099.69
P01959,3,ED,admit,2026-02-15T12:25:21.448604,2026-02-28T01:01:24.870115,2026-02-28T19:44:47.670115,18036.057025183334,1123.38
P01960,3,ED,admit,2026-02-15T12:25:32.969365,2026-02-28T01:27:13.553846,2026-02-28T20:02:53.153846,18061.676408016665,1115.66
P01961,2,ED,admit,2026-02-15T12:30:08.028252,2026-02-28T01:41:30.059822,2026-02-28T21:44:15.059822,18071.367192833335,1202.75
P01962,1,ED,admit,2026-02-15T12:30:14.878934,2026-02-28T01:48:54.165587,2026-03-01T00:34:25.965587,18078.65477755,1365.53
P01963,1,ED,admit,2026-02-15T12:30:26.419973,2026-02-28T02:18:23.266023,2026-03-01T00:38:13.666023,18107.94743416667,1339.84
P01964,2,ED,admit,2026-02-15T12:33:24.526586,2026-02-28T03:22:34.240871,2026-02-28T23:03:19.840871,18169.16190475,1180.76
P01965,3,ED,admit,2026-02-15T12:33:30.172159,2026-02-28T03:24:22.523688,2026-02-28T21:27:08.723688,18170.872525483333,1082.77
P01966,3,ED,admit,2026-02-15T12:33:46.927096,2026-02-28T03:24:23.121574,2026-02-28T21:44:56.121574,18170.6032413,1100.55
P01967,3,ED,admit,2026-02-15T12:34:16.793775,2026-02-28T03:58:43.509468,2026-02-28T21:49:38.709468,18204.44526155,1070.92
P01968,3,ED,admit,2026-02-15T12:34:39.628025,2026-02-28T04:07:19.961969,2026-02-28T22:19:42.161969,18212.6722324,1092.37
P01969,2,ED,admit,2026-02-15T12:37:10.965730,2026-02-28T04:56:42.033931,2026-03-01T00:40:44.433931,18259.51780335,1184.04
P01970,2,ED,admit,2026-02-15T12:37:42.990683,2026-02-28T05:20:36.962950,2026-03-01T01:49:41.162950,18282.899537783334,1229.07
P01971,2,ED,admit,2026-02-15T12:42:21.487437,2026-02-28T06:27:43.172920,2026-03-01T02:24:25.172920,18345.361424716666,1196.7
P01972,3,ED,admit,2026-02-15T12:45:26.839742,2026-02-28T06:28:48.292008,2026-03-01T01:16:44.692008,18343.357537766668,1127.94
P01973,3,ED,admit,2026-02-15T12:45:35.514841,2026-02-28T06:32:22.754264,2026-03-01T01:15:56.354264,18346.787323716668,1123.56
P01974,2,ED,admit,2026-02-15T12:50:21.473064,2026-02-28T06:38:46.891258,2026-03-01T02:25:25.291258,18348.423636566666,1186.64
P01975,3,ED,admit,2026-02-15T12:54:43.671563,2026-02-28T07:04:10.032743,2026-03-01T01:19:09.432743,18369.439353,1094.99
P01976,2,ED,admit,2026-02-15T12:56:05.843466,2026-02-28T07:09:43.714713,2026-03-01T03:25:03.514713,18373.631187450002,1215.33
P01977,3,ED,admit,2026-02-15T12:57:07.325753,2026-02-28T07:39:50.102279,2026-03-01T01:58:22.502279,18402.7129421,1098.54
P01978,3,ED,admit,2026-02-15T12:57:29.928624,2026-02-28T07:53:56.334536,2026-03-01T02:10:11.334536,18416.440098533334,1096.25
P01979,1,ICU,admit,2026-02-15T12:58:26.471544,2026-02-15T12:58:26.471544,2026-02-15T18:17:50.471544,0.0,319.4
P01980,2,ED,admit,2026-02-15T12:58:42.350499,2026-02-28T07:56:47.994453,2026-03-01T04:21:55.194453,18418.0940659,1225.12
P01981,2,ICU,admit,2026-02-15T12:59:32.970640,2026-02-15T12:59:32.970640,2026-02-15T15:01:16.770640,0.0,121.73
P01982,1,ED,admit,2026-02-15T12:59:43.349678,2026-02-28T09:09:28.107866,2026-03-01T08:17:22.107866,18489.7459698,1387.9
P01983,3,ED,admit,2026-02-15T13:00:48.996104,2026-02-28T09:35:39.854088,2026-03-01T04:03:01.454088,18514.847633066664,1107.36
P01984,3,ED,admit,2026-02-15T13:09:44.675466,2026-02-28T09:55:58.160164,2026-03-01T04:37:53.360164,18526.224744966665,1121.92
P01985,1,ICU,admit,2026-02-15T13:09:55.877793,2026-02-15T13:09:55.877793,2026-02-15T17:59:27.077793,0.0,289.52
P01986,3,ED,admit,2026-02-15T13:12:49.784941,2026-02-28T10:04:35.121457,2026-03-01T04:45:02.121457,18531.7556086,1120.45
P01987,2,ED,admit,2026-02-15T13:14:06.818546,2026-02-28T10:17:20.711938,2026-03-01T05:39:08.711938,18543.231556533334,1161.8
P01988,2,ED,admit,2026-02-15T13:17:16.496444,2026-02-28T10:23:21.780101,2026-03-01T05:09:17.580101,18546.088060949998,1125.93
P01989,2,ED,admit,2026-02-15T13:18:30.554798,2026-02-28T10:28:08.668998,2026-03-01T06:38:11.668998,18549.635236666665,1210.05
P01990,3,ED,admit,2026-02-15T13:19:04.341184,2026-02-28T11:02:22.473564,2026-03-01T05:00:08.073564,18583.302206333334,1077.76
P01991,1,ED,admit,2026-02-15T13:19:06.759978,2026-02-28T11:10:14.983914,2026-03-01T11:04:50.383914,18591.1370656,1434.59
P01992,3,ED,admit,2026-02-15T13:21:06.314588,2026-02-28T11:57:11.213985,2026-03-01T06:09:41.813985,18636.081656616665,1092.51
P01993,2,ICU,admit,2026-02-15T13:22:34.201755,2026-02-15T13:22:34.201755,2026-02-15T16:01:54.001755,0.0,159.33
P01994,3,ED,admit,2026-02-15T13:23:32.918450,2026-02-28T12:28:17.962017,2026-03-01T07:19:59.962017,18664.750726116665,1131.7
P01995,3,ED,admit,2026-02-15T13:25:23.189720,2026-02-28T12:43:01.868989,2026-03-01T07:34:15.068989,18677.644654483334,1131.22
P01996,2,ED,admit,2026-02-15T13:26:54.243008,2026-02-28T13:13:39.478583,2026-03-01T09:36:44.878583,18706.75392625,1223.09
P01997,3,ED,admit,2026-02-15T13:27:11.896586,2026-02-28T13:50:05.056639,2026-03-01T08:21:36.856639,18742.886000883336,1111.53
P01998,3,ED,admit,2026-02-15T13:29:28.762259,2026-02-28T14:00:27.343225,2026-03-01T08:25:23.143225,18750.976349433335,1104.93
P01999,2,ED,admit,2026-02-15T13:30:55.702322,2026-02-28T14:16:36.244224,2026-03-01T10:08:46.444224,18765.675698366667,1192.17
P02000,2,ED,admit,2026-02-15T13:30:57.767369,2026-02-28T15:02:21.875188,2026-03-01T11:02:30.875188,18811.401796983333,1200.15
P02001,2,ICU,admit,2026-02-15T13:32:08.259653,2026-02-15T13:32:08.259653,2026-02-15T17:21:49.659653,0.0,229.69
P02002,3,ED,admit,2026-02-15T13:36:32.523230,2026-02-28T15:42:39.295421,2026-03-01T10:19:11.095421,18846.11286985,1116.53
P02003,2,ED,admit,2026-02-15T13:37:40.902459,2026-02-28T16:02:24.641539,2026-03-01T11:33:18.641539,18864.728984666664,1170.9
P02004,2,ED,admit,2026-02-15T13:42:15.452469,2026-02-28T16:30:45.939860,2026-03-01T13:28:17.139860,18888.508123183332,1257.52
P02005,1,ICU,admit,2026-02-15T13:42:52.467020,2026-02-15T13:42:52.467020,2026-02-15T18:08:33.867020,0.0,265.69
P02006,3,ED,admit,2026-02-15T13:43:09.486383,2026-02-28T16:37:26.564313,2026-03-01T11:31:53.564313,18894.284632166666,1134.45
P02007,3,ED,admit,2026-02-15T13:47:50.831126,2026-02-28T17:12:52.610806,2026-03-01T11:58:40.610806,18925.02966133333,1125.8
P02008,3,ED,admit,2026-02-15T13:47:51.940759,2026-02-28T17:35:21.612830,2026-03-01T12:39:14.412830,18947.494534516667,1143.88
P02009,3,ED,admit,2026-02-15T13:49:17.131804,2026-02-28T17:51:29.289062,2026-03-01T12:23:13.689062,18962.202620966666,1111.74
P02010,2,ICU,admit,2026-02-15T13:49:17.281126,2026-02-15T13:50:40.875970,2026-02-15T17:16:54.075970,1.3932474,206.22
P02011,3,ED,admit,2026-02-15T13:49:46.484698,2026-02-28T18:20:58.571276,2026-03-01T13:09:36.971276,18991.201442966667,1128.64
P02012,3,ED,admit,2026-02-15T13:49:50.911348,2026-02-28T18:28:50.450703,2026-03-01T13:45:03.650703,18998.992322583334,1156.22
P02013,3,ED,admit,2026-02-15T13:50:23.872100,2026-02-28T19:13:57.785996,2026-03-01T14:01:34.985996,19043.5652316,1127.62
P02014,3,ED,admit,2026-02-15T13:56:39.110120,2026-02-28T19:44:47.670115,2026-03-01T14:35:14.670115,19068.142666583335,1130.45
P02015,3,ED,admit,2026-02-15T13:58:18.253029,2026-02-28T20:02:53.153846,2026-03-01T14:55:17.753846,19084.581680283336,1132.41
P02016,2,ICU,admit,2026-02-15T13:59:31.627103,2026-02-15T14:08:18.446143,2026-02-15T18:11:16.046143,8.780317333333333,242.96
P02017,2,ICU,admit,2026-02-15T14:03:57.326274,2026-02-15T14:36:49.231706,2026-02-15T17:25:40.831706,32.86509053333334,168.86
P02018,2,ED,admit,2026-02-15T14:05:01.811082,2026-02-28T20:17:21.442845,2026-03-01T17:12:22.642845,19092.327196050002,1255.02
P02019,2,ICU,admit,2026-02-15T14:05:09.868433,2026-02-15T14:38:21.365313,2026-02-15T18:42:30.365313,33.191614666666666,244.15
P02020,3,ED,admit,2026-02-15T14:15:10.985677,2026-02-28T21:01:37.839712,2026-03-01T15:47:10.839712,19126.44756725,1125.55
P02021,3,ED,admit,2026-02-15T14:16:59.421328,2026-02-28T21:27:08.723688,2026-03-01T16:17:17.723688,19150.155039333335,1130.15
P02022,3,ED,admit,2026-02-15T14:17:07.975901,2026-02-28T21:44:15.059822,2026-03-01T16:34:12.659822,19167.118065349998,1129.96
P02023,2,ED,admit,2026-02-15T14:17:53.908220,2026-02-28T21:44:56.121574,2026-03-01T18:09:20.721574,19167.03688923333,1224.41
P02024,3,ED,admit,2026-02-15T14:18:32.741332,2026-02-28T21:49:38.709468,2026-03-01T16:32:05.709468,19171.099468933335,1122.45
P02025,3,ED,admit,2026-02-15T14:20:21.629514,2026-02-28T22:19:42.161969,2026-03-01T17:34:16.961969,19199.342207583333,1154.58
P02026,3,ED,admit,2026-02-15T14:20:31.274779,2026-02-28T23:03:19.840871,2026-03-01T17:57:01.840871,19242.809434866667,1133.7
P02027,3,ED,admit,2026-02-15T14:23:18.088474,2026-03-01T00:34:25.965587,2026-03-01T19:00:43.965587,19331.131285216667,1106.3
P02028,3,ED,admit,2026-02-15T14:27:18.861205,2026-03-01T00:38:13.666023,2026-03-01T19:44:35.866023,19330.913413633334,1146.37
P02029,3,ED,admit,2026-02-15T14:30:47.096030,2026-03-01T00:40:44.433931,2026-03-01T19:13:25.233931,19329.955631683333,1112.68
P02030,2,ICU,admit,2026-02-15T14:32:34.393134,2026-02-15T15:01:16.770640,2026-02-15T18:25:20.970640,28.706291766666666,204.07
P02031,2,ED,admit,2026-02-15T14:33:09.798451,2026-03-01T01:15:56.354264,2026-03-01T20:49:09.554264,19362.775930216667,1173.22
P02032,2,ED,admit,2026-02-15T14:36:06.915190,2026-03-01T01:16:44.692008,2026-03-01T21:34:30.892008,19360.629613633333,1217.77
P02033,3,ED,admit,2026-02-15T14:41:15.210039,2026-03-01T01:19:09.432743,2026-03-01T20:29:41.232743,19357.903711733336,1150.53
P02034,3,ED,admit,2026-02-15T14:41:55.541185,2026-03-01T01:49:41.162950,2026-03-01T20:44:55.562950,19387.76036275,1135.24
P02035,3,ED,admit,2026-02-15T14:42:24.027526,2026-03-01T01:58:22.502279,2026-03-01T21:13:56.702279,19395.97457921667,1155.57
P02036,2,ED,admit,2026-02-15T14:42:46.590539,2026-03-01T02:10:11.334536,2026-03-01T21:32:27.534536,19407.412399949997,1162.27
P02037,3,ED,admit,2026-02-15T14:42:50.461327,2026-03-01T02:24:25.172920,2026-03-01T22:00:50.372920,19421.578526549998,1176.42
P02038,2,ED,admit,2026-02-15T14:43:54.650664,2026-03-01T02:25:25.291258,2026-03-01T22:17:18.691258,19421.510676566668,1191.89
P02039,2,ICU,admit,2026-02-15T14:44:06.627038,2026-02-15T15:09:13.953092,2026-02-15T19:25:06.753092,25.122100900000003,255.88
P02040,3,ED,admit,2026-02-15T14:47:02.126768,2026-03-01T03:25:03.514713,2026-03-01T23:01:31.114713,19478.023132416667,1176.46
P02041,3,ED,admit,2026-02-15T14:47:21.493921,2026-03-01T04:03:01.454088,2026-03-01T22:44:30.254088,19515.666002783335,1121.48
P02042,3,ED,admit,2026-02-15T14:49:31.821361,2026-03-01T04:21:55.194453,2026-03-01T23:08:52.194453,19532.38955153333,1126.95
P02043,2,ED,admit,2026-02-15T14:49:52.156680,2026-03-01T04:37:53.360164,2026-03-02T01:13:32.960164,19548.020058066664,1235.66
P02044,3,ED,admit,2026-02-15T14:50:46.772089,2026-03-01T04:45:02.121457,2026-03-01T23:44:45.321457,19554.255822799998,1139.72
P02045,3,ED,admit,2026-02-15T14:50:50.915769,2026-03-01T05:00:08.073564,2026-03-01T23:54:21.273564,19569.285963249997,1134.22
P02046,3,ED,admit,2026-02-15T14:53:45.669825,2026-03-01T05:09:17.580101,2026-03-02T00:03:24.180101,19575.531837933333,1134.11
P02047,3,ED,admit,2026-02-15T14:56:45.926616,2026-03-01T05:39:08.711938,2026-03-02T01:13:35.711938,19602.379755366666,1174.45
P02048,3,ED,admit,2026-02-15T15:00:11.433330,2026-03-01T06:09:41.813985,2026-03-02T01:40:56.213985,19629.50634425,1171.24
P02049,2,ED,admit,2026-02-15T15:00:19.955830,2026-03-01T06:38:11.668998,2026-03-02T02:48:20.068998,19657.861886133334,1210.14
P02050,3,ED,admit,2026-02-15T15:00:28.084626,2026-03-01T07:19:59.962017,2026-03-02T02:24:24.562017,19699.53128985,1144.41
P02051,1,ED,admit,2026-02-15T15:00:45.325483,2026-03-01T07:34:15.068989,2026-03-02T06:41:03.068989,19713.495725099998,1386.8
P02052,3,ED,admit,2026-02-15T15:01:08.460225,2026-03-01T08:17:22.107866,2026-03-02T03:26:23.307866,19756.227460683334,1149.02
P02053,3,ED,admit,2026-02-15T15:02:07.931152,2026-03-01T08:21:36.856639,2026-03-02T03:41:08.056639,19759.48209145,1159.52
P02054,2,ED,admit,2026-02-15T15:05:59.791557,2026-03-01T08:25:23.143225,2026-03-02T06:08:54.343225,19759.389194466665,1303.52
P02055,3,ED,admit,2026-02-15T15:07:00.095148,2026-03-01T09:36:44.878583,2026-03-02T04:53:31.678583,19829.746390583336,1156.78
P02056,3,ED,admit,2026-02-15T15:08:42.505956,2026-03-01T10:08:46.444224,2026-03-02T05:46:20.044224,19860.065637800002,1177.56
P02057,2,ED,admit,2026-02-15T15:09:02.022479,2026-03-01T10:19:11.095421,2026-03-02T06:57:28.495421,19870.151215700003,1238.29
P02058,3,ED,admit,2026-02-15T15:09:39.933258,2026-03-01T11:02:30.875188,2026-03-02T06:55:50.075188,19912.849032166665,1193.32
P02059,2,ED,admit,2026-02-15T15:11:23.334654,2026-03-01T11:04:50.383914,2026-03-02T08:34:49.783914,19913.450821,1289.99
P02060,3,ED,admit,2026-02-15T15:12:28.379309,2026-03-01T11:31:53.564313,2026-03-02T07:25:34.964313,19939.419750066667,1193.69
P02061,3,ED,admit,2026-02-15T15:15:37.538187,2026-03-01T11:33:18.641539,2026-03-02T07:07:46.841539,19937.685055866667,1174.47
P02062,3,ED,admit,2026-02-15T15:17:07.530105,2026-03-01T11:58:40.610806,2026-03-02T07:57:00.410806,19961.55134501667,1198.33
P02063,2,ED,admit,2026-02-15T15:18:45.451795,2026-03-01T12:23:13.689062,2026-03-02T08:40:18.489062,19984.470621116667,1217.08
P02064,3,ED,admit,2026-02-15T15:19:28.129040,2026-03-01T12:39:14.412830,2026-03-02T08:13:16.212830,19999.7713965,1174.03
P02065,2,ICU,admit,2026-02-15T15:19:37.139510,2026-02-15T15:19:37.139510,2026-02-15T17:36:10.139510,0.0,136.55
P02066,2,ICU,admit,2026-02-15T15:20:55.240689,2026-02-15T15:40:57.324928,2026-02-15T18:55:28.524928,20.034737316666668,194.52
P02067,3,ED,admit,2026-02-15T15:22:01.169575,2026-03-01T13:09:36.971276,2026-03-02T08:17:59.171276,20027.596695016666,1148.37
P02068,3,ED,admit,2026-02-15T15:22:54.099533,2026-03-01T13:28:17.139860,2026-03-02T08:49:05.739860,20045.38400545,1160.81
P02069,2,ED,admit,2026-02-15T15:28:11.271070,2026-03-01T13:45:03.650703,2026-03-02T11:34:06.050703,20056.87299388333,1309.04
P02070,3,ED,admit,2026-02-15T15:28:17.266929,2026-03-01T14:01:34.985996,2026-03-02T09:53:24.785996,20073.295317783333,1191.83
P02071,3,ED,admit,2026-02-15T15:34:44.914244,2026-03-01T14:35:14.670115,2026-03-02T10:16:45.870115,20100.495931183334,1181.52
P02072,3,ED,admit,2026-02-15T15:35:09.122907,2026-03-01T14:55:17.753846,2026-03-02T10:05:50.753846,20120.143848983334,1150.55
P02073,3,ED,admit,2026-02-15T15:38:16.160765,2026-03-01T15:47:10.839712,2026-03-02T10:55:08.439712,20168.911315783334,1147.96
P02074,2,ED,admit,2026-02-15T15:39:14.265128,2026-03-01T16:17:17.723688,2026-03-02T12:32:50.123688,20198.057642666667,1215.54
P02075,2,ED,admit,2026-02-15T15:40:00.121425,2026-03-01T16:32:05.709468,2026-03-02T12:42:02.709468,20212.093134050003,1209.95
P02076,3,ED,admit,2026-02-15T15:42:32.784837,2026-03-01T16:34:12.659822,2026-03-02T12:23:13.859822,20211.664583083333,1189.02
P02077,2,ED,admit,2026-02-15T15:42:51.080125,2026-03-01T17:12:22.642845,2026-03-02T14:33:44.242845,20249.526045333336,1281.36
P02078,2,ED,admit,2026-02-15T15:42:57.543167,2026-03-01T17:34:16.961969,2026-03-02T15:18:39.161969,20271.3236467,1304.37
P02079,2,ICU,admit,2026-02-15T15:45:54.796842,2026-02-15T15:46:45.134263,2026-02-15T18:47:29.534263,0.8389570166666667,180.74
P02080,3,ED,admit,2026-02-15T15:45:58.903973,2026-03-01T17:57:01.840871,2026-03-02T13:23:00.640871,20291.048948300002,1165.98
P02081,3,ED,admit,2026-02-15T15:47:24.396716,2026-03-01T18:09:20.721574,2026-03-02T14:07:20.721574,20301.938747633332,1198.0
P02082,2,ED,admit,2026-02-15T15:47:56.205662,2026-03-01T19:00:43.965587,2026-03-02T16:04:25.365587,20352.79599875,1263.69
P02083,2,ED,admit,2026-02-15T15:49:22.038165,2026-03-01T19:13:25.233931,2026-03-02T15:34:09.033931,20364.05326276667,1220.73
P02084,2,ED,admit,2026-02-15T15:50:32.672256,2026-03-01T19:44:35.866023,2026-03-02T17:34:17.866023,20394.05322945,1309.7
P02085,2,ED,admit,2026-02-15T15:53:18.748131,2026-03-01T20:29:41.232743,2026-03-02T18:00:44.232743,20436.37474353333,1291.05
P02086,3,ED,admit,2026-02-15T15:55:19.840367,2026-03-01T20:44:55.562950,2026-03-02T16:35:15.362950,20449.595376383335,1190.33
P02087,3,ED,admit,2026-02-15T15:55:28.848749,2026-03-01T20:49:09.554264,2026-03-02T16:58:45.554264,20453.67842525,1209.6
P02088,3,ED,admit,2026-02-15T15:55:30.645290,2026-03-01T21:13:56.702279,2026-03-02T16:45:13.502279,20478.43428315,1171.28
P02089,3,ED,admit,2026-02-15T15:57:56.939452,2026-03-01T21:32:27.534536,2026-03-02T17:25:11.334536,20494.509918066666,1192.73
P02090,2,ED,admit,2026-02-15T16:07:18.988618,2026-03-01T21:34:30.892008,2026-03-02T19:27:03.292008,20487.198389833335,1312.54
P02091,3,ED,admit,2026-02-15T16:09:23.861389,2026-03-01T22:00:50.372920,2026-03-02T17:56:48.572920,20511.44185885,1195.97
P02092,3,ED,admit,2026-02-15T16:10:07.500010,2026-03-01T22:17:18.691258,2026-03-02T18:28:18.691258,20527.186520799998,1211.0
P02093,3,ED,admit,2026-02-15T16:13:10.167589,2026-03-01T22:44:30.254088,2026-03-02T18:56:46.454088,20551.334774983334,1212.27
P02094,3,ED,admit,2026-02-15T16:14:45.281132,2026-03-01T23:01:31.114713,2026-03-02T19:16:08.914713,20566.76389301667,1214.63
P02095,2,ED,admit,2026-02-15T16:20:04.332917,2026-03-01T23:08:52.194453,2026-03-02T19:53:29.394453,20568.797692266664,1244.62
P02096,3,ED,admit,2026-02-15T16:21:16.616453,2026-03-01T23:44:45.321457,2026-03-02T19:49:33.321457,20603.478416733335,1204.8
P02097,2,ED,admit,2026-02-15T16:23:40.471456,2026-03-01T23:54:21.273564,2026-03-02T21:51:09.873564,20610.680035133333,1316.81
P02098,3,ED,admit,2026-02-15T16:25:52.921089,2026-03-02T00:03:24.180101,2026-03-02T19:54:06.180101,20617.520983533333,1190.7
P02099,3,ED,admit,2026-02-15T16:28:19.659060,2026-03-02T01:13:32.960164,2026-03-02T21:33:49.760164,20685.221685066666,1220.28
P02100,3,ED,admit,2026-02-15T16:29:49.449279,2026-03-02T01:13:35.711938,2026-03-02T21:22:20.111938,20683.771044316665,1208.74
P02101,3,ED,admit,2026-02-15T16:30:23.046058,2026-03-02T01:40:56.213985,2026-03-02T21:44:04.613985,20710.552798783334,1203.14
P02102,3,ED,admit,2026-02-15T16:30:55.407001,2026-03-02T02:24:24.562017,2026-03-02T22:34:47.362017,20753.485916933332,1210.38
P02103,1,ICU,admit,2026-02-15T16:32:27.791439,2026-02-15T16:32:27.791439,2026-02-15T23:00:19.991439,0.0,387.87
P02104,1,ICU,admit,2026-02-15T16:32:31.198297,2026-02-15T16:32:31.198297,2026-02-15T21:12:44.398297,0.0,280.22
P02105,3,ED,admit,2026-02-15T16:33:01.016731,2026-03-02T02:48:20.068998,2026-03-02T23:01:48.868998,20775.317537783336,1213.48
P02106,3,ED,admit,2026-02-15T16:33:11.737490,2026-03-02T03:26:23.307866,2026-03-02T23:21:22.107866,20813.192839599997,1194.98
P02107,3,ED,admit,2026-02-15T16:34:22.930403,2026-03-02T03:41:08.056639,2026-03-03T00:05:35.656639,20826.752103933333,1224.46
P02108,3,ED,admit,2026-02-15T16:39:03.907445,2026-03-02T04:53:31.678583,2026-03-03T00:33:02.878583,20894.462852300003,1179.52
P02109,2,ED,admit,2026-02-15T16:39:38.176831,2026-03-02T05:46:20.044224,2026-03-03T02:50:53.644224,20946.697789883336,1264.56
P02110,3,ED,admit,2026-02-15T16:43:44.063760,2026-03-02T06:08:54.343225,2026-03-03T02:18:12.343225,20965.171324416664,1209.3
P02111,2,ED,admit,2026-02-15T16:43:45.760114,2026-03-02T06:41:03.068989,2026-03-03T04:20:34.268989,20997.28848125,1299.52
P02112,3,ED,admit,2026-02-15T16:44:34.616565,2026-03-02T06:55:50.075188,2026-03-03T03:16:52.475188,21011.257643716664,1221.04
P02113,1,ICU,admit,2026-02-15T16:45:28.330684,2026-02-15T16:57:40.235816,2026-02-15T23:37:27.635816,12.198418866666666,399.79
P02114,3,ED,admit,2026-02-15T16:46:12.452046,2026-03-02T06:57:28.495421,2026-03-03T02:57:57.295421,21011.267389583332,1200.48
P02115,2,ED,admit,2026-02-15T16:47:00.508614,2026-03-02T07:07:46.841539,2026-03-03T05:18:01.841539,21020.772215416666,1330.25
P02116,3,ED,admit,2026-02-15T16:49:00.214616,2026-03-02T07:25:34.964313,2026-03-03T03:25:20.564313,21036.579161616668,1199.76
P02117,3,ED,admit,2026-02-15T16:49:01.570957,2026-03-02T07:57:00.410806,2026-03-03T04:12:41.210806,21067.98066415,1215.68
P02118,3,ED,admit,2026-02-15T16:49:53.531464,2026-03-02T08:13:16.212830,2026-03-03T04:26:50.412830,21083.37802276667,1213.57
P02119,3,ED,admit,2026-02-15T16:49:54.751298,2026-03-02T08:17:59.171276,2026-03-03T03:58:48.371276,21088.0736663,1180.82
P02120,3,ED,admit,2026-02-15T16:55:23.783905,2026-03-02T08:34:49.783914,2026-03-03T04:28:40.783914,21099.433333483335,1193.85
P02121,1,ED,admit,2026-02-15T16:55:54.734129,2026-03-02T08:40:18.489062,2026-03-03T08:50:11.889062,21104.39591555,1449.89
P02122,3,ED,admit,2026-02-15T16:57:46.650257,2026-03-02T08:49:05.739860,2026-03-03T05:24:38.139860,21111.318160050003,1235.54
P02123,1,ED,admit,2026-02-15T17:00:08.679022,2026-03-02T09:53:24.785996,2026-03-03T09:18:48.785996,21173.26844956667,1405.4
P02124,3,ED,admit,2026-02-15T17:04:42.743860,2026-03-02T10:05:50.753846,2026-03-03T06:22:00.353846,21181.133499766664,1216.16
P02125,2,ED,admit,2026-02-15T17:05:18.452657,2026-03-02T10:16:45.870115,2026-03-03T07:10:27.870115,21191.45695763333,1253.7
P02126,3,ED,admit,2026-02-15T17:09:52.929407,2026-03-02T10:55:08.439712,2026-03-03T07:18:06.639712,21225.258505083333,1222.97
P02127,1,ED,admit,2026-02-15T17:17:36.412471,2026-03-02T11:34:06.050703,2026-03-03T12:01:33.050703,21256.49397053333,1467.45
P02128,3,ED,admit,2026-02-15T17:18:14.707816,2026-03-02T12:23:13.859822,2026-03-03T08:52:52.259822,21304.985866766667,1229.64
P02129,3,ED,admit,2026-02-15T17:21:57.357511,2026-03-02T12:32:50.123688,2026-03-03T08:24:08.123688,21310.879436283332,1191.3
P02130,3,ED,admit,2026-02-15T17:24:14.854995,2026-03-02T12:42:02.709468,2026-03-03T08:54:34.509468,21317.797574549997,1212.53
P02131,3,ED,admit,2026-02-15T17:25:14.967864,2026-03-02T13:23:00.640871,2026-03-03T09:56:28.840871,21357.761216783332,1233.47
P02132,2,ED,admit,2026-02-15T17:25:53.467248,2026-03-02T14:07:20.721574,2026-03-03T11:42:09.321574,21401.45423876667,1294.81
P02133,2,ED,admit,2026-02-15T17:26:59.671674,2026-03-02T14:33:44.242845,2026-03-03T11:22:49.042845,21426.74285285,1249.08
P02134,2,ED,admit,2026-02-15T17:27:02.050887,2026-03-02T15:18:39.161969,2026-03-03T13:55:25.361969,21471.618518033334,1356.77
P02135,2,ED,admit,2026-02-15T17:27:59.536780,2026-03-02T15:34:09.033931,2026-03-03T12:25:58.233931,21486.15828585,1251.82
P02136,3,ED,admit,2026-02-15T17:31:05.397615,2026-03-02T16:04:25.365587,2026-03-03T12:16:50.565587,21513.33279953333,1212.42
P02137,3,ED,admit,2026-02-15T17:32:20.200873,2026-03-02T16:35:15.362950,2026-03-03T13:14:35.162950,21542.91936795,1239.33
P02138,2,ED,admit,2026-02-15T17:33:28.388756,2026-03-02T16:45:13.502279,2026-03-03T14:58:26.702279,21551.751892049997,1333.22
P02139,2,ED,admit,2026-02-15T17:34:39.568235,2026-03-02T16:58:45.554264,2026-03-03T14:13:26.354264,21564.09976715,1274.68
P02140,2,ICU,admit,2026-02-15T17:37:20.578415,2026-02-15T17:37:20.578415,2026-02-15T20:40:19.378415,0.0,182.98
P02141,2,ED,admit,2026-02-15T17:39:01.071237,2026-03-02T17:25:11.334536,2026-03-03T14:54:50.334536,21586.171054983333,1289.65
P02142,3,ED,admit,2026-02-15T17:39:21.693958,2026-03-02T17:34:17.866023,2026-03-03T13:54:58.066023,21594.936201083336,1220.67
P02143,3,ED,admit,2026-02-15T17:39:31.602004,2026-03-02T17:56:48.572920,2026-03-03T14:16:04.772920,21617.2828486,1219.27
P02144,2,ED,admit,2026-02-15T17:40:35.860635,2026-03-02T18:00:44.232743,2026-03-03T15:16:21.432743,21620.139535133334,1275.62
P02145,3,ED,admit,2026-02-15T17:41:10.366669,2026-03-02T18:28:18.691258,2026-03-03T14:42:01.291258,21647.13874315,1213.71
P02146,3,ED,admit,2026-02-15T17:41:26.982595,2026-03-02T18:56:46.454088,2026-03-03T15:56:30.854088,21675.324524883334,1259.74
P02147,3,ED,admit,2026-02-15T17:42:10.282685,2026-03-02T19:16:08.914713,2026-03-03T16:17:14.314713,21693.977200466667,1261.09
P02148,3,ED,admit,2026-02-15T17:49:48.883480,2026-03-02T19:27:03.292008,2026-03-03T16:07:08.092008,21697.240142133334,1240.08
P02149,3,ED,admit,2026-02-15T17:56:51.146455,2026-03-02T19:49:33.321457,2026-03-03T16:42:41.721457,21712.7029167,1253.14
P02150,2,ED,admit,2026-02-15T17:58:50.392529,2026-03-02T19:53:29.394453,2026-03-03T17:49:21.594453,21714.650032066667,1315.87
P02151,2,ED,admit,2026-02-15T18:07:09.572213,2026-03-02T19:54:06.180101,2026-03-03T16:43:27.180101,21706.943464800002,1249.35
P02152,3,ED,admit,2026-02-15T18:09:38.666005,2026-03-02T21:22:20.111938,2026-03-03T18:00:34.511938,21792.69076555,1238.24
P02153,1,ICU,admit,2026-02-15T18:10:45.691828,2026-02-15T18:10:45.691828,2026-02-16T01:00:12.691828,0.0,409.45
P02154,1,ED,admit,2026-02-15T18:11:08.198816,2026-03-02T21:33:49.760164,2026-03-03T21:22:07.760164,21802.692689133335,1428.3
P02155,2,ED,admit,2026-02-15T18:17:55.462595,2026-03-02T21:44:04.613985,2026-03-03T20:16:38.813985,21806.152523166667,1352.57
P02156,3,ED,admit,2026-02-15T18:20:25.529387,2026-03-02T21:51:09.873564,2026-03-03T17:59:05.073564,21810.739069616666,1207.92
P02157,2,ED,admit,2026-02-15T18:20:30.699972,2026-03-02T22:34:47.362017,2026-03-03T20:41:36.562017,21854.277700749997,1326.82
P02158,3,ED,admit,2026-02-15T18:20:56.108608,2026-03-02T23:01:48.868998,2026-03-03T19:27:33.268998,21880.879339833333,1225.74
P02159,3,ED,admit,2026-02-15T18:20:56.156997,2026-03-02T23:21:22.107866,2026-03-03T20:13:37.707866,21900.432514483335,1252.26
P02160,3,ED,admit,2026-02-15T18:21:35.686552,2026-03-03T00:05:35.656639,2026-03-03T20:18:34.456639,21943.99950145,1212.98
P02161,2,ED,admit,2026-02-15T18:22:13.585086,2026-03-03T00:33:02.878583,2026-03-03T21:48:13.078583,21970.821558283333,1275.17
P02162,3,ED,admit,2026-02-15T18:22:37.190176,2026-03-03T02:18:12.343225,2026-03-03T22:36:55.543225,22075.58588415,1218.72
P02163,1,ICU,admit,2026-02-15T18:26:07.785962,2026-02-15T18:26:07.785962,2026-02-15T22:34:09.585962,0.0,248.03
P02164,2,ED,admit,2026-02-15T18:28:45.165452,2026-03-03T02:50:53.644224,2026-03-03T23:55:44.644224,22102.141312866665,1264.85
P02165,3,ED,admit,2026-02-15T18:30:05.889917,2026-03-03T02:57:57.295421,2026-03-03T22:57:02.095421,22107.856758399997,1199.08
P02166,3,ED,admit,2026-02-15T18:30:14.051617,2026-03-03T03:16:52.475188,2026-03-03T23:29:03.275188,22126.64039285,1212.18
P02167,3,ED,admit,2026-02-15T18:30:33.868774,2026-03-03T03:25:20.564313,2026-03-04T00:23:29.564313,22134.778258983333,1258.15
P02168,1,ICU,admit,2026-02-15T18:34:18.491798,2026-02-15T18:34:18.491798,2026-02-15T23:35:05.291798,0.0,300.78
P02169,1,ICU,admit,2026-02-15T18:36:56.411486,2026-02-15T18:36:56.411486,2026-02-16T00:16:43.811486,0.0,339.79
P02170,3,ED,admit,2026-02-15T18:37:27.831458,2026-03-03T03:58:48.371276,2026-03-04T00:08:23.771276,22161.3423303,1209.59
P02171,3,ED,admit,2026-02-15T18:38:33.092056,2026-03-03T04:12:41.210806,2026-03-04T00:37:47.810806,22174.1353125,1225.11
P02172,3,ED,admit,2026-02-15T18:39:28.968608,2026-03-03T04:20:34.268989,2026-03-04T01:09:34.268989,22181.08833968333,1249.0
P02173,1,ICU,admit,2026-02-15T18:41:54.921262,2026-02-15T18:41:54.921262,2026-02-16T01:25:17.721262,0.0,403.38
P02174,3,ED,admit,2026-02-15T18:42:43.736744,2026-03-03T04:26:50.412830,2026-03-04T00:42:46.812830,22184.111268099998,1215.94
P02175,2,ED,admit,2026-02-15T18:43:38.706076,2026-03-03T04:28:40.783914,2026-03-04T02:36:43.183914,22185.03463063333,1328.04
P02176,3,ED,admit,2026-02-15T18:48:12.260758,2026-03-03T05:18:01.841539,2026-03-04T01:29:12.641539,22229.82634635,1211.18
P02177,3,ED,admit,2026-02-15T18:48:39.319226,2026-03-03T05:24:38.139860,2026-03-04T01:54:12.939860,22235.9803439,1229.58
P02178,3,ED,admit,2026-02-15T18:50:52.765730,2026-03-03T06:22:00.353846,2026-03-04T03:24:05.153846,22291.1264686,1262.08
P02179,3,ED,admit,2026-02-15T18:55:31.741748,2026-03-03T07:10:27.870115,2026-03-04T03:46:43.470115,22334.935472783334,1236.26
P02180,2,ED,admit,2026-02-15T18:56:22.022609,2026-03-03T07:18:06.639712,2026-03-04T04:52:41.439712,22341.74361838333,1294.58
P02181,1,ICU,admit,2026-02-15T18:56:25.885925,2026-02-15T18:56:25.885925,2026-02-16T01:31:14.485925,0.0,394.81
P02182,2,ED,admit,2026-02-15T18:59:39.095313,2026-03-03T08:24:08.123688,2026-03-04T05:35:53.723688,22404.48380625,1271.76
P02183,2,ED,admit,2026-02-15T18:59:42.683513,2026-03-03T08:50:11.889062,2026-03-04T06:06:14.889062,22430.48675915,1276.05
P02184,3,ED,admit,2026-02-15T19:01:46.922389,2026-03-03T08:52:52.259822,2026-03-04T05:06:33.059822,22431.088957216667,1213.68
P02185,2,ED,admit,2026-02-15T19:10:56.920896,2026-03-03T08:54:34.509468,2026-03-04T07:18:36.309468,22423.6264762,1344.03
P02186,3,ED,admit,2026-02-15T19:11:13.547207,2026-03-03T09:18:48.785996,2026-03-04T05:51:01.385996,22447.58731315,1232.21
P02187,2,ED,admit,2026-02-15T19:12:09.077112,2026-03-03T09:56:28.840871,2026-03-04T08:06:44.440871,22484.32939598333,1330.26
P02188,3,ED,admit,2026-02-15T19:13:28.123595,2026-03-03T11:22:49.042845,2026-03-04T08:18:24.442845,22569.348654166668,1255.59
P02189,2,ED,admit,2026-02-15T19:16:14.209758,2026-03-03T11:42:09.321574,2026-03-04T10:19:51.921574,22585.918530266666,1357.71
P02190,3,ED,admit,2026-02-15T19:17:37.816148,2026-03-03T12:01:33.050703,2026-03-04T08:40:37.850703,22603.920575916665,1239.08
P02191,3,ED,admit,2026-02-15T19:18:46.751004,2026-03-03T12:16:50.565587,2026-03-04T08:38:51.765587,22618.063576383334,1222.02
P02192,3,ED,admit,2026-02-15T19:19:57.392537,2026-03-03T12:25:58.233931,2026-03-04T09:28:35.433931,22626.014023233332,1262.62
P02193,3,ED,admit,2026-02-15T19:20:09.746439,2026-03-03T13:14:35.162950,2026-03-04T10:18:54.362950,22674.423608516667,1264.32
P02194,1,ED,admit,2026-02-15T19:22:54.474853,2026-03-03T13:54:58.066023,2026-03-04T15:59:56.866023,22712.059852833332,1564.98
P02195,2,ED,admit,2026-02-15T19:23:06.761238,2026-03-03T13:55:25.361969,2026-03-04T11:17:45.761969,22712.310012183334,1282.34
P02196,3,ED,admit,2026-02-15T19:24:41.067282,2026-03-03T14:13:26.354264,2026-03-04T11:15:34.754264,22728.754783033335,1262.14
P02197,2,ED,admit,2026-02-15T19:27:56.814058,2026-03-03T14:16:04.772920,2026-03-04T11:45:35.972920,22728.1326477,1289.52
P02198,3,ED,admit,2026-02-15T19:29:07.543113,2026-03-03T14:42:01.291258,2026-03-04T11:26:59.491258,22752.895802416668,1244.97
P02199,3,ED,admit,2026-02-15T19:30:55.931006,2026-03-03T14:54:50.334536,2026-03-04T11:21:39.534536,22763.9067255,1226.82
P02200,2,ED,admit,2026-02-15T19:31:53.881179,2026-03-03T14:58:26.702279,2026-03-04T12:29:21.302279,22766.547018333335,1290.91
P02201,3,ED,admit,2026-02-15T19:33:23.786295,2026-03-03T15:16:21.432743,2026-03-04T11:42:49.632743,22782.960774133335,1226.47
P02202,1,ICU,admit,2026-02-15T19:34:08.813784,2026-02-15T19:34:08.813784,2026-02-16T00:46:11.213784,0.0,312.04
P02203,2,ED,admit,2026-02-15T19:36:41.042884,2026-03-03T15:56:30.854088,2026-03-04T13:54:37.454088,22819.830186733332,1318.11
P02204,3,ED,admit,2026-02-15T19:36:50.462554,2026-03-03T16:07:08.092008,2026-03-04T12:40:02.692008,22830.293824233333,1232.91
P02205,3,ED,admit,2026-02-15T19:38:10.053899,2026-03-03T16:17:14.314713,2026-03-04T12:51:23.914713,22839.071013566667,1234.16
P02206,2,ED,admit,2026-02-15T19:40:59.573836,2026-03-03T16:42:41.721457,2026-03-04T14:31:53.721457,22861.70246035,1309.2
P02207,3,ED,admit,2026-02-15T19:41:07.762655,2026-03-03T16:43:27.180101,2026-03-04T14:02:49.380101,22862.3236241,1279.37
P02208,2,ED,admit,2026-02-15T19:42:20.853172,2026-03-03T17:49:21.594453,2026-03-04T16:07:04.194453,22927.01235468333,1337.71
P02209,3,ED,admit,2026-02-15T19:43:35.609299,2026-03-03T17:59:05.073564,2026-03-04T14:39:12.873564,22935.491071083336,1240.13
P02210,3,ED,admit,2026-02-15T19:46:02.752286,2026-03-03T18:00:34.511938,2026-03-04T14:43:34.511938,22934.52932753333,1243.0
P02211,1,ICU,admit,2026-02-15T19:49:00.933115,2026-02-15T19:49:00.933115,2026-02-16T01:39:48.333115,0.0,350.79
P02212,3,ED,admit,2026-02-15T19:52:40.976895,2026-03-03T19:27:33.268998,2026-03-04T16:04:02.068998,23014.87153505,1236.48
P02213,3,ED,admit,2026-02-15T19:54:51.678932,2026-03-03T20:13:37.707866,2026-03-04T17:20:11.907866,23058.767148900002,1266.57
P02214,3,ED,admit,2026-02-15T19:57:08.604869,2026-03-03T20:16:38.813985,2026-03-04T17:30:37.013985,23059.503485266665,1273.97
P02215,1,ICU,admit,2026-02-15T19:58:20.096681,2026-02-15T19:58:20.096681,2026-02-16T00:05:47.696681,0.0,247.46
P02216,2,ED,admit,2026-02-15T20:02:40.706122,2026-03-03T20:18:34.456639,2026-03-04T19:26:35.656639,23055.89584195,1388.02
P02217,3,ED,admit,2026-02-15T20:04:16.279099,2026-03-03T20:41:36.562017,2026-03-04T17:59:25.162017,23077.33804863333,1277.81
P02218,3,ED,admit,2026-02-15T20:07:27.936096,2026-03-03T21:22:07.760164,2026-03-04T18:30:47.360164,23114.663734466667,1268.66
P02219,3,ED,admit,2026-02-15T20:11:48.994478,2026-03-03T21:48:13.078583,2026-03-04T19:05:40.078583,23136.401401749998,1277.45
P02220,2,ED,admit,2026-02-15T20:14:42.400257,2026-03-03T22:36:55.543225,2026-03-04T20:24:02.143225,23182.219049466665,1307.11
P02221,2,ED,admit,2026-02-15T20:21:02.576596,2026-03-03T22:57:02.095421,2026-03-04T21:50:31.495421,23195.991980416664,1373.49
P02222,1,ICU,admit,2026-02-15T20:22:25.026696,2026-02-15T20:22:25.026696,2026-02-16T01:04:30.426696,0.0,282.09
P02223,2,ED,admit,2026-02-15T20:23:07.288690,2026-03-03T23:29:03.275188,2026-03-04T20:49:59.675188,23225.933108300003,1280.94
P02224,2,ED,admit,2026-02-15T20:26:59.966427,2026-03-03T23:55:44.644224,2026-03-04T22:57:05.044224,23248.744629949997,1381.34
P02225,2,ED,admit,2026-02-15T20:27:03.982965,2026-03-04T00:08:23.771276,2026-03-04T22:40:06.371276,23261.329805183334,1351.71
P02226,2,ED,admit,2026-02-15T20:27:58.822143,2026-03-04T00:23:29.564313,2026-03-04T21:42:56.564313,23275.5123695,1279.45
P02227,2,ED,admit,2026-02-15T20:29:00.846821,2026-03-04T00:37:47.810806,2026-03-04T22:20:49.610806,23288.782733083335,1303.03
P02228,2,ED,admit,2026-02-15T20:30:13.773938,2026-03-04T00:42:46.812830,2026-03-04T23:52:01.212830,23292.5506482,1389.24
P02229,3,ED,admit,2026-02-15T20:31:10.006430,2026-03-04T01:09:34.268989,2026-03-04T22:37:47.468989,23318.404375983333,1288.22
P02230,2,ED,admit,2026-02-15T20:31:11.906932,2026-03-04T01:29:12.641539,2026-03-04T23:46:25.841539,23338.012243449997,1337.22
P02231,1,ICU,admit,2026-02-15T20:32:14.244764,2026-02-15T20:32:14.244764,2026-02-16T01:09:10.644764,0.0,276.94
P02232,2,ED,admit,2026-02-15T20:33:50.050512,2026-03-04T01:54:12.939860,2026-03-05T00:18:35.139860,23360.381489133335,1344.37
P02233,2,ED,admit,2026-02-15T20:38:55.865825,2026-03-04T02:36:43.183914,2026-03-05T00:00:16.783914,23397.788634816665,1283.56
P02234,3,ED,admit,2026-02-15T20:42:07.573961,2026-03-04T03:24:05.153846,2026-03-05T00:34:38.153846,23441.959664749997,1270.55
P02235,2,ED,admit,2026-02-15T20:42:26.480187,2026-03-04T03:46:43.470115,2026-03-05T01:16:54.870115,23464.283165466666,1290.19
P02236,2,ED,admit,2026-02-15T20:43:40.022321,2026-03-04T04:52:41.439712,2026-03-05T04:14:13.839712,23529.023623183333,1401.54
P02237,2,ED,admit,2026-02-15T20:44:33.988436,2026-03-04T05:06:33.059822,2026-03-05T03:34:28.259822,23541.9845231,1347.92
P02238,2,ICU,admit,2026-02-15T20:48:09.165214,2026-02-15T20:48:09.165214,2026-02-15T23:06:37.365214,0.0,138.47
P02239,1,ICU,admit,2026-02-15T20:49:00.645655,2026-02-15T20:49:00.645655,2026-02-16T03:01:46.245655,0.0,372.76
P02240,3,ED,admit,2026-02-15T20:49:04.262263,2026-03-04T05:35:53.723688,2026-03-05T02:26:39.923688,23566.824357083337,1250.77
P02241,3,ED,admit,2026-02-15T20:49:40.606777,2026-03-04T05:51:01.385996,2026-03-05T02:30:40.385996,23581.346320316665,1239.65
P02242,3,ED,admit,2026-02-15T20:51:00.203182,2026-03-04T06:06:14.889062,2026-03-05T02:57:56.889062,23595.244764666666,1251.7
P02243,3,ED,admit,2026-02-15T20:51:01.627398,2026-03-04T07:18:36.309468,2026-03-05T04:37:09.909468,23667.578034500002,1278.56
P02244,2,ED,admit,2026-02-15T20:52:29.554820,2026-03-04T08:06:44.440871,2026-03-05T07:37:54.040871,23714.24810085,1411.16
P02245,2,ED,admit,2026-02-15T20:56:44.951862,2026-03-04T08:18:24.442845,2026-03-05T07:09:49.642845,23721.65818305,1371.42
P02246,2,ICU,admit,2026-02-15T20:57:49.775983,2026-02-15T20:57:49.775983,2026-02-15T23:54:24.575983,0.0,176.58
P02247,2,ED,admit,2026-02-15T21:01:36.167195,2026-03-04T08:38:51.765587,2026-03-05T06:16:28.365587,23737.259973199998,1297.61
P02248,3,ED,admit,2026-02-15T21:05:17.716490,2026-03-04T08:40:37.850703,2026-03-05T05:51:11.450703,23735.335570216666,1270.56
P02249,1,ICU,admit,2026-02-15T21:05:18.900365,2026-02-15T21:05:18.900365,2026-02-16T01:22:05.100365,0.0,256.77
P02250,2,ED,admit,2026-02-15T21:06:40.733708,2026-03-04T09:28:35.433931,2026-03-05T07:07:58.233931,23781.911670383335,1299.38
P02251,2,ED,admit,2026-02-15T21:07:23.396169,2026-03-04T10:18:54.362950,2026-03-05T08:42:40.562950,23831.516113016663,1343.77
P02252,3,ED,admit,2026-02-15T21:11:15.995274,2026-03-04T10:19:51.921574,2026-03-05T07:44:30.921574,23828.598771666664,1284.65
P02253,1,ICU,admit,2026-02-15T21:15:04.721797,2026-02-15T21:15:04.721797,2026-02-16T04:05:26.921797,0.0,410.37
P02254,2,ED,admit,2026-02-15T21:18:01.691370,2026-03-04T11:15:34.754264,2026-03-05T09:36:17.954264,23877.551048233334,1340.72
P02255,2,ED,admit,2026-02-15T21:21:04.243606,2026-03-04T11:17:45.761969,2026-03-05T09:53:13.361969,23876.691972716664,1355.46
P02256,3,ED,admit,2026-02-15T21:21:15.896894,2026-03-04T11:21:39.534536,2026-03-05T08:24:24.534536,23880.393960700003,1262.75
P02257,3,ED,admit,2026-02-15T21:22:10.740237,2026-03-04T11:26:59.491258,2026-03-05T08:44:37.891258,23884.812517016668,1277.64
P02258,2,ED,admit,2026-02-15T21:27:32.840047,2026-03-04T11:42:49.632743,2026-03-05T09:38:56.832743,23895.27987826667,1316.12
P02259,2,ED,admit,2026-02-15T21:27:48.924248,2026-03-04T11:45:35.972920,2026-03-05T10:56:50.972920,23897.784144533332,1391.25
P02260,2,ED,admit,2026-02-15T21:31:40.780404,2026-03-04T12:29:21.302279,2026-03-05T11:18:02.102279,23937.675364583334,1368.68
P02261,3,ED,admit,2026-02-15T21:31:55.947213,2026-03-04T12:40:02.692008,2026-03-05T10:16:29.092008,23948.11241325,1296.44
P02262,2,ED,admit,2026-02-15T21:34:04.487025,2026-03-04T12:51:23.914713,2026-03-05T11:11:44.314713,23957.3237948,1340.34
P02263,3,ED,admit,2026-02-15T21:47:01.447482,2026-03-04T13:54:37.454088,2026-03-05T11:23:48.854088,24007.6001101,1289.19
P02264,3,ED,admit,2026-02-15T21:50:01.138004,2026-03-04T14:02:49.380101,2026-03-05T11:00:13.380101,24012.804034949997,1257.4
P02265,2,ED,admit,2026-02-15T21:50:17.732457,2026-03-04T14:31:53.721457,2026-03-05T12:47:44.721457,24041.59981666667,1335.85
P02266,2,ED,admit,2026-02-15T21:50:20.060457,2026-03-04T14:39:12.873564,2026-03-05T13:56:33.273564,24048.88021845,1397.34
P02267,3,ED,admit,2026-02-15T21:56:50.553771,2026-03-04T14:43:34.511938,2026-03-05T11:57:03.911938,24046.732636116667,1273.49
P02268,3,ED,admit,2026-02-15T21:57:36.775349,2026-03-04T15:59:56.866023,2026-03-05T12:43:58.066023,24122.334844566667,1244.02
P02269,3,ED,admit,2026-02-15T21:59:02.990084,2026-03-04T16:04:02.068998,2026-03-05T12:52:56.068998,24124.984648566668,1248.9
P02270,2,ED,admit,2026-02-15T22:00:38.487226,2026-03-04T16:07:04.194453,2026-03-05T13:57:24.594453,24126.428453783334,1310.34
P02271,2,ED,admit,2026-02-15T22:01:44.987809,2026-03-04T17:20:11.907866,2026-03-05T16:07:49.107866,24198.448667616663,1367.62
P02272,3,ED,admit,2026-02-15T22:05:04.254392,2026-03-04T17:30:37.013985,2026-03-05T14:26:00.413985,24205.545993216667,1255.39
P02273,2,ED,admit,2026-02-15T22:07:48.437392,2026-03-04T17:59:25.162017,2026-03-05T15:52:49.762017,24231.612077083333,1313.41
P02274,2,ED,admit,2026-02-15T22:10:45.530189,2026-03-04T18:30:47.360164,2026-03-05T17:32:16.160164,24260.030499583332,1381.48
P02275,3,ED,admit,2026-02-15T22:13:14.458466,2026-03-04T19:05:40.078583,2026-03-05T16:42:28.078583,24292.42700195,1296.8
P02276,3,ED,admit,2026-02-15T22:13:19.699698,2026-03-04T19:26:35.656639,2026-03-05T16:59:08.656639,24313.265949016666,1292.55
P02277,2,ED,admit,2026-02-15T22:13:39.094112,2026-03-04T20:24:02.143225,2026-03-05T19:34:47.743225,24370.384151883332,1390.76
P02278,3,ED,admit,2026-02-15T22:13:56.637669,2026-03-04T20:49:59.675188,2026-03-05T17:42:58.475188,24396.050625316668,1252.98
P02279,3,ED,admit,2026-02-15T22:14:29.445657,2026-03-04T21:42:56.564313,2026-03-05T18:41:52.364313,24448.451977599998,1258.93
P02280,3,ED,admit,2026-02-15T22:18:47.275846,2026-03-04T21:50:31.495421,2026-03-05T19:15:00.895421,24451.736992916667,1284.49
P02281,2,ED,admit,2026-02-15T22:19:30.233580,2026-03-04T22:20:49.610806,2026-03-05T21:17:38.810806,24481.322953766667,1376.82
P02282,2,ED,admit,2026-02-15T22:20:25.334982,2026-03-04T22:37:47.468989,2026-03-05T21:05:13.868989,24497.368900116664,1347.44
P02283,3,ED,admit,2026-02-15T22:21:12.635122,2026-03-04T22:40:06.371276,2026-03-05T20:29:33.971276,24498.895602566667,1309.46
P02284,2,ED,admit,2026-02-15T22:21:51.371347,2026-03-04T22:57:05.044224,2026-03-05T21:42:57.244224,24515.227881283332,1365.87
P02285,2,ED,admit,2026-02-15T22:23:33.787371,2026-03-04T23:46:25.841539,2026-03-05T22:22:59.441539,24562.867569466664,1356.56
P02286,3,ED,admit,2026-02-15T22:23:52.802628,2026-03-04T23:52:01.212830,2026-03-05T20:52:48.612830,24568.140170033334,1260.79
P02287,3,ED,admit,2026-02-15T22:24:37.600507,2026-03-05T00:00:16.783914,2026-03-05T21:16:16.183914,24575.653056783332,1275.99
P02288,3,ED,admit,2026-02-15T22:29:53.167802,2026-03-05T00:18:35.139860,2026-03-05T22:21:24.339860,24588.6995343,1322.82
P02289,3,ED,admit,2026-02-15T22:31:04.269305,2026-03-05T00:34:38.153846,2026-03-05T21:49:52.553846,24603.56474235,1275.24
P02290,3,ED,admit,2026-02-15T22:34:13.785946,2026-03-05T01:16:54.870115,2026-03-05T22:36:14.670115,24642.68473615,1279.33
P02291,3,ED,admit,2026-02-15T22:40:13.740845,2026-03-05T02:26:39.923688,2026-03-06T00:06:00.323688,24706.436380716666,1299.34
P02292,3,ED,admit,2026-02-15T22:41:49.850118,2026-03-05T02:30:40.385996,2026-03-06T00:15:00.185996,24708.842264633335,1304.33
P02293,3,ED,admit,2026-02-15T22:43:37.129025,2026-03-05T02:57:56.889062,2026-03-06T00:46:14.889062,24734.32933395,1308.3
P02294,2,ED,admit,2026-02-15T22:43:42.136191,2026-03-05T03:34:28.259822,2026-03-06T02:00:15.059822,24770.768727183335,1345.78
P02295,2,ICU,admit,2026-02-15T22:43:51.004623,2026-02-15T22:43:51.004623,2026-02-16T01:16:21.604623,0.0,152.51
P02296,3,ED,admit,2026-02-15T22:45:59.175144,2026-03-05T04:14:13.839712,2026-03-06T02:25:22.839712,24808.244409466668,1331.15
P02297,3,ED,admit,2026-02-15T22:46:28.495058,2026-03-05T04:37:09.909468,2026-03-06T02:25:36.909468,24830.690240166667,1308.45
P02298,3,ED,admit,2026-02-15T22:50:22.045206,2026-03-05T05:51:11.450703,2026-03-06T03:14:25.250703,24900.823424950002,1283.23
P02299,2,ED,admit,2026-02-15T22:55:50.507367,2026-03-05T06:16:28.365587,2026-03-06T05:05:25.965587,24920.630970333335,1368.96
P02300,3,ED,admit,2026-02-15T22:57:39.687804,2026-03-05T07:07:58.233931,2026-03-06T04:41:33.033931,24970.309102116666,1293.58
P02301,3,ED,admit,2026-02-15T23:01:10.380353,2026-03-05T07:09:49.642845,2026-03-06T05:08:40.642845,24968.654374866666,1318.85
P02302,2,ICU,admit,2026-02-15T23:03:14.694806,2026-02-15T23:03:14.694806,2026-02-16T02:02:16.494806,0.0,179.03
P02303,3,ED,admit,2026-02-15T23:03:16.331914,2026-03-05T07:37:54.040871,2026-03-06T05:11:41.440871,24994.628482616667,1293.79
P02304,3,ED,admit,2026-02-15T23:04:11.025866,2026-03-05T07:44:30.921574,2026-03-06T05:47:58.521574,25000.331595133335,1323.46
P02305,3,ED,admit,2026-02-15T23:04:46.713415,2026-03-05T08:24:24.534536,2026-03-06T06:26:28.134536,25039.630352016666,1322.06
P02306,1,ICU,admit,2026-02-15T23:06:53.270863,2026-02-15T23:06:53.270863,2026-02-16T04:18:46.070863,0.0,311.88
P02307,3,ED,admit,2026-02-15T23:07:08.054262,2026-03-05T08:42:40.562950,2026-03-06T06:07:06.962950,25055.541811466668,1284.44
P02308,3,ED,admit,2026-02-15T23:08:58.869719,2026-03-05T08:44:37.891258,2026-03-06T06:41:37.891258,25055.650358983334,1317.0
P02309,2,ICU,admit,2026-02-15T23:10:21.449236,2026-02-15T23:10:21.449236,2026-02-16T01:33:08.249236,0.0,142.78
P02310,3,ED,admit,2026-02-15T23:11:07.191367,2026-03-05T09:36:17.954264,2026-03-06T07:35:49.754264,25105.179381616665,1319.53
P02311,3,ED,admit,2026-02-15T23:16:08.451658,2026-03-05T09:38:56.832743,2026-03-06T07:24:49.032743,25102.806351416668,1305.87
P02312,3,ED,admit,2026-02-15T23:17:34.411755,2026-03-05T09:53:13.361969,2026-03-06T07:58:39.161969,25115.649170233333,1325.43
P02313,3,ED,admit,2026-02-15T23:23:58.405526,2026-03-05T10:16:29.092008,2026-03-06T07:35:53.692008,25132.511441366667,1279.41
P02314,3,ED,admit,2026-02-15T23:25:07.124944,2026-03-05T10:56:50.972920,2026-03-06T08:19:50.972920,25171.7307996,1283.0
P02315,2,ED,admit,2026-02-15T23:26:10.221668,2026-03-05T11:00:13.380101,2026-03-06T09:59:47.580101,25174.052640550002,1379.57
P02316,3,ED,admit,2026-02-15T23:26:19.271606,2026-03-05T11:11:44.314713,2026-03-06T08:34:35.314713,25185.417385116667,1282.85
P02317,3,ED,admit,2026-02-15T23:28:40.304690,2026-03-05T11:18:02.102279,2026-03-06T08:42:14.102279,25189.36329315,1284.2
P02318,3,ED,admit,2026-02-15T23:33:36.781427,2026-03-05T11:23:48.854088,2026-03-06T09:25:51.854088,25190.20121101667,1322.05
P02319,1,ICU,admit,2026-02-15T23:34:14.809561,2026-02-15T23:34:14.809561,2026-02-16T04:50:04.009561,0.0,315.82
P02320,3,ED,admit,2026-02-15T23:35:27.439110,2026-03-05T11:57:03.911938,2026-03-06T09:57:04.511938,25221.60788046667,1320.01
P02321,3,ED,admit,2026-02-15T23:37:31.700583,2026-03-05T12:43:58.066023,2026-03-06T10:46:42.466023,25266.439424,1322.74
P02322,2,ED,admit,2026-02-15T23:37:36.315895,2026-03-05T12:47:44.721457,2026-03-06T11:43:02.721457,25270.140092700003,1375.3
P02323,3,ED,admit,2026-02-15T23:38:55.218854,2026-03-05T12:52:56.068998,2026-03-06T10:38:12.868998,25274.014169066668,1305.28
P02324,1,ICU,admit,2026-02-15T23:42:13.125626,2026-02-15T23:42:13.125626,2026-02-16T04:30:05.925626,0.0,287.88
P02325,3,ED,admit,2026-02-15T23:45:49.753348,2026-03-05T13:56:33.273564,2026-03-06T12:10:04.473564,25330.725336933334,1333.52
P02326,3,ED,admit,2026-02-15T23:47:42.402389,2026-03-05T13:57:24.594453,2026-03-06T11:31:01.194453,25329.703201066666,1293.61
P02327,2,ED,admit,2026-02-15T23:50:30.797626,2026-03-05T14:26:00.413985,2026-03-06T12:56:48.413985,25355.493605983334,1350.8
P02328,3,ED,admit,2026-02-15T23:51:38.710083,2026-03-05T15:52:49.762017,2026-03-06T13:31:25.162017,25441.184198900002,1298.59
P02329,3,ED,admit,2026-02-15T23:53:36.536954,2026-03-05T16:07:49.107866,2026-03-06T13:40:02.307866,25454.2095152,1292.22
P02330,2,ED,admit,2026-02-15T23:53:47.253140,2026-03-05T16:42:28.078583,2026-03-06T16:45:25.078583,25488.680424050002,1442.95
P02331,1,ICU,admit,2026-02-15T23:55:25.001227,2026-02-15T23:55:25.001227,2026-02-16T05:36:24.401227,0.0,340.99
P02332,2,ED,admit,2026-02-15T23:55:38.476098,2026-03-05T16:59:08.656639,2026-03-06T16:50:08.656639,25503.50300901667,1431.0
P02333,3,ED,admit,2026-02-15T23:57:04.041749,2026-03-05T17:32:16.160164,2026-03-06T15:00:18.560164,25535.20197358333,1288.04
P02334,3,ED,admit,2026-02-15T23:57:44.660625,2026-03-05T17:42:58.475188,2026-03-06T15:30:24.275188,25545.23024271667,1307.43
P02335,3,ED,admit,2026-02-16T00:08:16.847425,2026-03-05T18:41:52.364313,2026-03-06T16:49:00.164313,25593.591948133333,1327.13
P02336,3,ED,admit,2026-02-16T00:21:37.232103,2026-03-05T19:15:00.895421,2026-03-06T16:26:44.095421,25613.394388633333,1271.72
P02337,2,ED,admit,2026-02-16T00:52:52.698877,2026-03-05T19:34:47.743225,2026-03-06T18:23:48.343225,25601.917405800003,1369.01
P02338,2,ED,admit,2026-02-16T01:00:13.790164,2026-03-05T20:29:33.971276,2026-03-06T18:45:47.171276,25649.336351866667,1336.22
P02339,3,ED,admit,2026-02-16T01:01:04.735143,2026-03-05T20:52:48.612830,2026-03-06T17:54:26.412830,25671.731294783334,1261.63
P02340,3,ED,admit,2026-02-16T01:10:26.584315,2026-03-05T21:05:13.868989,2026-03-06T18:24:43.868989,25674.7880779,1279.5
P02341,3,ED,admit,2026-02-16T01:10:36.309741,2026-03-05T21:16:16.183914,2026-03-06T18:43:15.583914,25685.66456955,1286.99
P02342,2,ED,admit,2026-02-16T01:10:59.126809,2026-03-05T21:17:38.810806,2026-03-06T20:30:59.210806,25686.66139995,1393.34
P02343,1,ICU,admit,2026-02-16T01:18:32.832013,2026-02-16T01:18:32.832013,2026-02-16T05:53:37.032013,0.0,275.07
P02344,2,ED,admit,2026-02-16T01:35:14.178414,2026-03-05T21:42:57.244224,2026-03-06T18:41:15.244224,25687.7177635,1258.3
P02345,2,ED,admit,2026-02-16T01:37:26.400964,2026-03-05T21:49:52.553846,2026-03-06T19:44:14.753846,25692.435881366666,1314.37
P02346,3,ED,admit,2026-02-16T01:54:20.584861,2026-03-05T22:21:24.339860,2026-03-06T18:23:57.339860,25707.062583316667,1202.55
P02347,2,ED,admit,2026-02-16T02:14:06.111268,2026-03-05T22:22:59.441539,2026-03-06T20:00:24.041539,25688.88883785,1297.41
P02348,3,ED,admit,2026-02-16T02:37:23.713055,2026-03-05T22:36:14.670115,2026-03-06T17:54:37.470115,25678.849284333333,1158.38
P02349,2,ED,admit,2026-02-16T02:42:58.025051,2026-03-06T00:06:00.323688,2026-03-06T21:58:23.723688,25763.038310616666,1312.39
P02350,2,ED,admit,2026-02-16T02:44:23.850714,2026-03-06T00:15:00.185996,2026-03-06T20:47:07.985996,25770.605588033333,1232.13
P02351,3,ED,admit,2026-02-16T02:49:16.663734,2026-03-06T00:46:14.889062,2026-03-06T20:10:26.289062,25796.970422133334,1164.19
P02352,2,ED,admit,2026-02-16T02:57:54.220335,2026-03-06T02:00:15.059822,2026-03-06T22:19:04.259822,25862.34732478333,1218.82
P02353,3,ED,admit,2026-02-16T03:06:47.215085,2026-03-06T02:25:22.839712,2026-03-06T21:57:45.039712,25878.59374378333,1172.37
P02354,3,ED,admit,2026-02-16T03:09:27.737149,2026-03-06T02:25:36.909468,2026-03-06T21:28:20.709468,25876.152871983333,1142.73
P02355,2,ED,admit,2026-02-16T03:13:44.756176,2026-03-06T03:14:25.250703,2026-03-06T23:53:04.250703,25920.674908783334,1238.65
P02356,3,ED,admit,2026-02-16T03:14:50.496650,2026-03-06T04:41:33.033931,2026-03-07T00:26:46.233931,26006.708954683334,1185.22
P02357,2,ED,admit,2026-02-16T03:24:49.503062,2026-03-06T05:05:25.965587,2026-03-07T01:57:39.765587,26020.60770875,1252.23
P02358,2,ED,admit,2026-02-16T03:33:29.332931,2026-03-06T05:08:40.642845,2026-03-07T01:30:52.042845,26015.18849856667,1222.19
P02359,3,ED,admit,2026-02-16T03:36:07.753062,2026-03-06T05:11:41.440871,2026-03-06T23:54:06.040871,26015.561463483333,1122.41
P02360,2,ICU,admit,2026-02-16T04:15:29.024698,2026-02-16T04:15:29.024698,2026-02-16T07:29:12.224698,0.0,193.72
P02361,3,ED,admit,2026-02-16T04:16:40.661048,2026-03-06T05:47:58.521574,2026-03-07T00:27:21.321574,26011.297675433332,1119.38
P02362,3,ED,admit,2026-02-16T04:17:34.088468,2026-03-06T06:07:06.962950,2026-03-07T00:59:20.162950,26029.547908033335,1132.22
P02363,3,ED,admit,2026-02-16T04:17:35.109221,2026-03-06T06:26:28.134536,2026-03-07T01:22:10.134536,26048.88375525,1135.7
P02364,2,ED,admit,2026-02-16T04:50:46.925207,2026-03-06T06:41:37.891258,2026-03-07T02:36:54.691258,26030.849434183332,1195.28
P02365,3,ED,admit,2026-02-16T04:52:06.387336,2026-03-06T07:24:49.032743,2026-03-07T01:09:05.832743,26072.710756783334,1064.28
P02366,2,ED,admit,2026-02-16T05:42:32.689787,2026-03-06T07:35:49.754264,2026-03-07T01:30:35.354264,26033.28440795,1074.76
P02367,2,ED,admit,2026-02-16T05:52:23.218012,2026-03-06T07:35:53.692008,2026-03-07T02:40:28.492008,26023.50789993333,1144.58
P02368,2,ED,admit,2026-02-16T05:55:22.123850,2026-03-06T07:58:39.161969,2026-03-07T02:15:52.361969,26043.283968649997,1097.22
P02369,3,ED,admit,2026-02-16T06:00:07.110208,2026-03-06T08:19:50.972920,2026-03-07T01:40:45.572920,26059.731045200002,1040.91
P02370,3,ED,admit,2026-02-16T06:04:28.788250,2026-03-06T08:34:35.314713,2026-03-07T01:17:39.514713,26070.108774383334,1003.07
P02371,2,ED,admit,2026-02-16T06:28:35.791909,2026-03-06T08:42:14.102279,2026-03-07T03:30:11.702279,26053.63850616667,1127.96
P02372,2,ED,admit,2026-02-16T06:35:09.762094,2026-03-06T09:25:51.854088,2026-03-07T04:07:44.654088,26090.701533233332,1121.88
P02373,2,ED,admit,2026-02-16T06:53:32.983049,2026-03-06T09:57:04.511938,2026-03-07T04:27:52.511938,26103.52548148333,1110.8
P02374,3,ED,admit,2026-02-16T06:59:17.896897,2026-03-06T09:59:47.580101,2026-03-07T02:34:43.380101,26100.494720066665,994.93
P02375,2,ED,admit,2026-02-16T07:01:40.746434,2026-03-06T10:38:12.868998,2026-03-07T04:07:15.268998,26136.53537606667,1049.04
P02376,1,ICU,admit,2026-02-16T07:09:45.349630,2026-02-16T07:09:45.349630,2026-02-16T12:30:48.349630,0.0,321.05
P02377,3,ED,admit,2026-02-16T07:10:59.043210,2026-03-06T10:46:42.466023,2026-03-07T02:42:20.866023,26135.72371355,955.64
P02378,2,ED,admit,2026-02-16T07:18:33.478372,2026-03-06T11:31:01.194453,2026-03-07T04:32:19.794453,26172.46193468333,1021.31
P02379,3,ED,admit,2026-02-16T07:25:42.381590,2026-03-06T11:43:02.721457,2026-03-07T03:04:28.521457,26177.338997783332,921.43
P02380,2,ED,admit,2026-02-16T07:30:34.343258,2026-03-06T12:10:04.473564,2026-03-07T04:42:54.873564,26199.502171766664,992.84
P02381,3,ED,admit,2026-02-16T07:35:44.611454,2026-03-06T12:56:48.413985,2026-03-07T04:39:34.013985,26241.063375516667,942.76
P02382,2,ED,admit,2026-02-16T07:47:50.982156,2026-03-06T13:31:25.162017,2026-03-07T05:44:37.762017,26263.56966435,973.21
P02383,3,ED,admit,2026-02-16T08:29:32.928954,2026-03-06T13:40:02.307866,2026-03-07T04:32:56.307866,26230.489648533334,892.9
P02384,3,ED,admit,2026-02-16T08:42:38.308823,2026-03-06T15:00:18.560164,2026-03-07T05:54:10.760164,26297.670855683333,893.87
P02385,1,ICU,admit,2026-02-16T08:50:44.398361,2026-02-16T08:50:44.398361,2026-02-16T14:25:01.198361,0.0,334.28
P02386,2,ED,admit,2026-02-16T09:05:17.833754,2026-03-06T15:30:24.275188,2026-03-07T07:07:20.675188,26305.107357233333,936.94
P02387,3,ED,admit,2026-02-16T09:05:40.359977,2026-03-06T16:26:44.095421,2026-03-07T06:49:21.895421,26361.0622574,862.63
P02388,2,ED,admit,2026-02-16T09:07:44.328180,2026-03-06T16:45:25.078583,2026-03-07T08:14:04.078583,26377.679173383334,928.65
P02389,2,ED,admit,2026-02-16T09:08:04.445600,2026-03-06T16:49:00.164313,2026-03-07T09:32:51.764313,26380.928645216667,1003.86
P02390,3,ED,admit,2026-02-16T09:13:05.149136,2026-03-06T16:50:08.656639,2026-03-07T07:39:48.256639,26377.058458383333,889.66
P02391,2,ED,admit,2026-02-16T09:29:40.807389,2026-03-06T17:54:26.412830,2026-03-07T10:18:58.212830,26424.760090683336,984.53
P02392,3,ED,admit,2026-02-16T09:33:10.646622,2026-03-06T17:54:37.470115,2026-03-07T08:45:07.470115,26421.447058216665,890.5
P02393,3,ED,admit,2026-02-16T09:43:00.488776,2026-03-06T18:23:48.343225,2026-03-07T09:05:57.343225,26440.79757415,882.15
P02394,3,ED,admit,2026-02-16T09:50:37.077997,2026-03-06T18:23:57.339860,2026-03-07T09:03:42.939860,26433.337697716666,879.76
P02395,3,ED,admit,2026-02-16T09:54:47.003517,2026-03-06T18:24:43.868989,2026-03-07T08:13:38.468989,26429.947757866667,828.91
P02396,3,ED,admit,2026-02-16T09:55:31.523960,2026-03-06T18:41:15.244224,2026-03-07T08:47:12.844224,26445.728671066663,845.96
P02397,3,ED,admit,2026-02-16T10:00:25.078221,2026-03-06T18:43:15.583914,2026-03-07T08:44:17.983914,26442.84176155,841.04
P02398,2,ED,admit,2026-02-16T10:04:11.858123,2026-03-06T18:45:47.171276,2026-03-07T10:11:02.771276,26441.58855255,925.26
P02399,3,ED,admit,2026-02-16T10:08:20.732564,2026-03-06T19:44:14.753846,2026-03-07T09:39:03.353846,26495.9003547,834.81
P02400,3,ED,admit,2026-02-16T10:15:20.779723,2026-03-06T20:00:24.041539,2026-03-07T10:32:40.841539,26505.0543636,872.28
P02401,3,ED,admit,2026-02-16T10:42:36.711430,2026-03-06T20:10:26.289062,2026-03-07T10:05:16.689062,26487.826293866667,834.84
P02402,3,ED,admit,2026-02-16T10:47:08.023317,2026-03-06T20:30:59.210806,2026-03-07T10:08:26.210806,26503.853124816666,817.45
P02403,2,ED,admit,2026-02-16T10:49:16.537859,2026-03-06T20:47:07.985996,2026-03-07T10:58:21.785996,26517.85746895,851.23
P02404,3,ED,admit,2026-02-16T10:50:19.068798,2026-03-06T21:28:20.709468,2026-03-07T11:36:25.509468,26558.027344500002,848.08
P02405,1,ICU,admit,2026-02-16T10:50:26.714788,2026-02-16T10:50:26.714788,2026-02-16T17:45:14.114788,0.0,414.79
P02406,2,ED,admit,2026-02-16T10:54:44.629141,2026-03-06T21:57:45.039712,2026-03-07T12:32:40.839712,26583.00684285,874.93
P02407,2,ED,admit,2026-02-16T10:55:41.188341,2026-03-06T21:58:23.723688,2026-03-07T13:39:58.523688,26582.70892245,941.58
P02408,2,ED,admit,2026-02-16T10:58:51.881904,2026-03-06T22:19:04.259822,2026-03-07T13:21:14.459822,26600.206298633337,902.17
P02409,2,ED,admit,2026-02-16T11:00:26.725636,2026-03-06T23:53:04.250703,2026-03-07T14:44:32.450703,26692.625417783333,891.47
P02410,3,ED,admit,2026-02-16T11:04:20.394966,2026-03-06T23:54:06.040871,2026-03-07T13:52:06.040871,26689.76076508333,838.0
P02411,3,ED,admit,2026-02-16T11:25:01.515919,2026-03-07T00:26:46.233931,2026-03-07T13:58:40.233931,26701.7453002,811.9
P02412,2,ED,admit,2026-02-16T11:36:28.481749,2026-03-07T00:27:21.321574,2026-03-07T15:33:25.521574,26690.88066375,906.07
P02413,2,ED,admit,2026-02-16T11:45:31.066431,2026-03-07T00:59:20.162950,2026-03-07T16:21:00.962950,26713.818275316666,921.68
P02414,2,ED,admit,2026-02-16T12:16:47.981408,2026-03-07T01:09:05.832743,2026-03-07T16:18:44.232743,26692.29752225,909.64
P02415,2,ED,admit,2026-02-16T12:23:13.345419,2026-03-07T01:17:39.514713,2026-03-07T14:50:32.914713,26694.4361549,812.89
P02416,3,ED,admit,2026-02-16T12:24:26.177783,2026-03-07T01:22:10.134536,2026-03-07T14:09:06.534536,26697.73261255,766.94
P02417,3,ED,admit,2026-02-16T12:26:55.909184,2026-03-07T01:30:35.354264,2026-03-07T14:25:01.754264,26703.657418,774.44
P02418,3,ED,admit,2026-02-16T12:28:22.581136,2026-03-07T01:30:52.042845,2026-03-07T14:02:23.842845,26702.49102848333,751.53
P02419,3,ED,admit,2026-02-16T12:29:44.081482,2026-03-07T01:40:45.572920,2026-03-07T14:44:01.772920,26711.0248573,783.27
P02420,3,ED,admit,2026-02-16T12:34:17.815244,2026-03-07T01:57:39.765587,2026-03-07T15:04:14.565587,26723.36583905,786.58
P02421,3,ED,admit,2026-02-16T12:35:29.432480,2026-03-07T02:15:52.361969,2026-03-07T14:46:18.161969,26740.38215815,750.43
P02422,2,ED,admit,2026-02-16T12:36:19.917939,2026-03-07T02:34:43.380101,2026-03-07T16:51:10.980101,26758.391036033332,856.46
P02423,2,ED,admit,2026-02-16T12:36:33.801869,2026-03-07T02:36:54.691258,2026-03-07T17:23:59.491258,26760.34815648333,887.08
P02424,2,ED,admit,2026-02-16T12:38:57.356166,2026-03-07T02:40:28.492008,2026-03-07T16:14:48.292008,26761.5189307,814.33
P02425,1,ED,admit,2026-02-16T13:02:38.500190,2026-03-07T02:42:20.866023,2026-03-07T19:35:44.266023,26739.70609721667,1013.39
P02426,2,ED,admit,2026-02-16T13:08:10.315068,2026-03-07T03:04:28.521457,2026-03-07T16:02:40.521457,26756.303439816667,778.2
P02427,1,ED,admit,2026-02-16T13:12:40.701555,2026-03-07T03:30:11.702279,2026-03-07T21:18:21.302279,26777.516678733333,1068.16
P02428,2,ED,admit,2026-02-16T13:22:52.203210,2026-03-07T04:07:15.268998,2026-03-07T18:17:46.468998,26804.384429799997,850.52
P02429,3,ED,admit,2026-02-16T13:23:05.362064,2026-03-07T04:07:44.654088,2026-03-07T16:38:17.054088,26804.654867066667,750.54
P02430,3,ED,admit,2026-02-16T13:30:11.606774,2026-03-07T04:27:52.511938,2026-03-07T16:47:54.311938,26817.681752733337,740.03
P02431,3,ED,admit,2026-02-16T13:34:18.472384,2026-03-07T04:32:19.794453,2026-03-07T16:33:29.394453,26818.022034483332,721.16
P02432,3,ED,admit,2026-02-16T13:53:42.687667,2026-03-07T04:32:56.307866,2026-03-07T16:04:53.907866,26799.227003316668,691.96
P02433,3,ED,admit,2026-02-16T14:07:57.705069,2026-03-07T04:39:34.013985,2026-03-07T16:01:37.013985,26791.6051486,682.05
P02434,2,ED,admit,2026-02-16T14:10:03.257065,2026-03-07T04:42:54.873564,2026-03-07T17:56:47.673564,26792.860274983334,793.88
P02435,3,ED,admit,2026-02-16T14:15:04.821240,2026-03-07T05:44:37.762017,2026-03-07T17:06:25.762017,26849.54901295,681.8
P02436,3,ED,admit,2026-02-16T14:16:45.320417,2026-03-07T05:54:10.760164,2026-03-07T17:42:29.360164,26857.423995783334,708.31
P02437,1,ED,admit,2026-02-16T14:24:08.821811,2026-03-07T06:49:21.895421,2026-03-07T23:17:17.695421,26905.2178935,987.93
P02438,1,ICU,admit,2026-02-16T14:36:44.174039,2026-02-16T14:36:44.174039,2026-02-16T19:00:59.174039,0.0,264.25
P02439,3,ED,admit,2026-02-16T14:39:58.154923,2026-03-07T07:07:20.675188,2026-03-07T18:59:13.475188,26907.37533775,711.88
P02440,2,ED,admit,2026-02-16T14:40:34.021171,2026-03-07T07:39:48.256639,2026-03-07T19:57:38.656639,26939.2372578,737.84
P02441,2,ED,admit,2026-02-16T14:41:21.443562,2026-03-07T08:13:38.468989,2026-03-07T20:13:39.068989,26972.283757116664,720.01
P02442,3,ED,admit,2026-02-16T14:42:54.801727,2026-03-07T08:14:04.078583,2026-03-07T19:27:00.478583,26971.154614266667,672.94
P02443,2,ED,admit,2026-02-16T14:52:27.785758,2026-03-07T08:44:17.983914,2026-03-07T21:32:44.383914,26991.836635933334,768.44
P02444,3,ED,admit,2026-02-16T14:56:29.212338,2026-03-07T08:45:07.470115,2026-03-07T19:59:08.670115,26988.637629616667,674.02
P02445,3,ED,admit,2026-02-16T15:02:05.526211,2026-03-07T08:47:12.844224,2026-03-07T20:10:02.644224,26985.121966883333,682.83
P02446,3,ED,admit,2026-02-16T15:05:43.750960,2026-03-07T09:03:42.939860,2026-03-07T20:19:31.539860,26997.986481666667,675.81
P02447,3,ED,admit,2026-02-16T15:08:08.034987,2026-03-07T09:05:57.343225,2026-03-07T20:19:42.943225,26997.821803966664,673.76
P02448,2,ED,admit,2026-02-16T15:09:52.497288,2026-03-07T09:32:51.764313,2026-03-07T21:55:53.564313,27022.98778375,743.03
P02449,2,ED,admit,2026-02-16T15:40:43.122278,2026-03-07T09:39:03.353846,2026-03-07T21:19:42.353846,26998.3371928,700.65
P02450,3,ED,admit,2026-02-16T15:49:43.421428,2026-03-07T10:05:16.689062,2026-03-07T20:31:28.689062,27015.554460566666,626.2
P02451,3,ED,admit,2026-02-16T16:00:28.501311,2026-03-07T10:08:26.210806,2026-03-07T20:26:58.010806,27007.961824916667,618.53
P02452,2,ED,admit,2026-02-16T16:07:48.618791,2026-03-07T10:11:02.771276,2026-03-07T21:49:52.571276,27003.23587475,698.83
P02453,3,ED,admit,2026-02-16T16:31:39.729641,2026-03-07T10:18:58.212830,2026-03-07T20:44:25.812830,26987.30805315,625.46
P02454,1,ED,admit,2026-02-16T16:35:46.776602,2026-03-07T10:32:40.841539,2026-03-08T01:47:34.241539,26996.901082283333,914.89
P02455,3,ED,admit,2026-02-16T16:36:04.385808,2026-03-07T10:58:21.785996,2026-03-07T21:24:28.385996,27022.290003133334,626.11
P02456,3,ED,admit,2026-02-16T16:40:15.119486,2026-03-07T11:36:25.509468,2026-03-07T21:48:59.709468,27056.173166366665,612.57
P02457,3,ED,admit,2026-02-16T16:41:59.668571,2026-03-07T12:32:40.839712,2026-03-07T23:09:34.839712,27110.686185683335,636.9
P02458,2,ED,admit,2026-02-16T16:42:24.261855,2026-03-07T13:21:14.459822,2026-03-08T00:03:25.859822,27158.836632783336,642.19
P02459,3,ED,admit,2026-02-16T17:05:20.902953,2026-03-07T13:39:58.523688,2026-03-07T23:30:36.923688,27154.62701225,590.64
P02460,3,ED,admit,2026-02-16T17:06:11.611409,2026-03-07T13:52:06.040871,2026-03-07T23:50:57.640871,27165.9071577,598.86
P02461,2,ED,admit,2026-02-16T17:14:27.575784,2026-03-07T13:58:40.233931,2026-03-08T00:59:25.833931,27164.210969116666,660.76
P02462,3,ED,admit,2026-02-16T17:20:36.682785,2026-03-07T14:02:23.842845,2026-03-07T23:43:59.842845,27161.786000999997,581.6
P02463,2,ED,admit,2026-02-16T17:30:48.544107,2026-03-07T14:09:06.534536,2026-03-08T01:43:26.934536,27158.299840483334,694.34
P02464,2,ICU,admit,2026-02-16T17:38:38.695046,2026-02-16T17:38:38.695046,2026-02-16T21:05:17.095046,0.0,206.64
P02465,3,ED,admit,2026-02-16T17:38:52.665783,2026-03-07T14:25:01.754264,2026-03-08T00:02:07.154264,27166.15147468333,577.09
P02466,2,ED,admit,2026-02-16T17:49:00.479568,2026-03-07T14:44:01.772920,2026-03-08T00:59:25.772920,27175.021555866664,615.4
P02467,3,ED,admit,2026-02-16T17:49:09.222647,2026-03-07T14:44:32.450703,2026-03-08T00:23:27.650703,27175.387134266668,578.92
P02468,3,ED,admit,2026-02-16T18:11:11.897352,2026-03-07T14:46:18.161969,2026-03-07T23:53:27.761969,27155.104410283333,547.16
P02469,2,ICU,admit,2026-02-16T18:26:17.691975,2026-02-16T18:26:17.691975,2026-02-16T20:27:58.491975,0.0,121.68
P02470,3,ED,admit,2026-02-16T18:26:49.668492,2026-03-07T14:50:32.914713,2026-03-08T00:05:50.914713,27143.720770350003,555.3
P02471,3,ED,admit,2026-02-16T18:41:22.370658,2026-03-07T15:04:14.565587,2026-03-07T23:29:55.965587,27142.869915483334,505.69
P02472,2,ED,admit,2026-02-16T18:53:09.876104,2026-03-07T15:33:25.521574,2026-03-08T01:21:42.321574,27160.260757833334,588.28
P02473,3,ED,admit,2026-02-16T18:53:43.374872,2026-03-07T16:01:37.013985,2026-03-08T00:14:14.213985,27187.893985216666,492.62
P02474,3,ED,admit,2026-02-16T18:59:08.153742,2026-03-07T16:02:40.521457,2026-03-08T00:10:55.521457,27183.539461916665,488.25
P02475,2,ED,admit,2026-02-16T19:06:56.409622,2026-03-07T16:04:53.907866,2026-03-08T01:23:08.307866,27177.958304066666,558.24
P02476,2,ICU,admit,2026-02-16T19:48:21.816406,2026-02-16T19:48:21.816406,2026-02-16T21:52:21.216406,0.0,123.99
P02477,2,ED,admit,2026-02-16T19:50:53.672783,2026-03-07T16:14:48.292008,2026-03-08T02:13:06.292008,27143.910320416668,598.3
P02478,2,ED,admit,2026-02-16T19:51:46.455057,2026-03-07T16:18:44.232743,2026-03-08T00:39:29.832743,27146.962961433335,500.76
P02479,1,ICU,admit,2026-02-16T19:55:02.798782,2026-02-16T19:55:02.798782,2026-02-17T02:07:59.198782,0.0,372.94
P02480,2,ED,admit,2026-02-16T20:06:44.447252,2026-03-07T16:21:00.962950,2026-03-08T01:48:09.962950,27134.275261633335,567.15
P02481,2,ED,admit,2026-02-16T20:29:30.850417,2026-03-07T16:33:29.394453,2026-03-08T02:07:37.194453,27123.975733933334,574.13
P02482,3,ED,admit,2026-02-16T20:31:47.515275,2026-03-07T16:38:17.054088,2026-03-08T00:06:47.654088,27126.492313550003,448.51
P02483,2,ED,admit,2026-02-16T20:48:39.945828,2026-03-07T16:47:54.311938,2026-03-08T00:39:21.911938,27119.239435166666,471.46
P02484,3,ED,admit,2026-02-16T20:51:05.921638,2026-03-07T16:51:10.980101,2026-03-08T00:13:48.180101,27120.08430771667,442.62
P02485,2,ED,admit,2026-02-16T21:01:07.648769,2026-03-07T17:06:25.762017,2026-03-08T00:39:26.962017,27125.301887466667,453.02
P02486,2,ED,admit,2026-02-16T21:11:05.532334,2026-03-07T17:23:59.491258,2026-03-08T00:35:02.491258,27132.899315399998,431.05
P02487,3,ED,admit,2026-02-16T21:46:18.836804,2026-03-07T17:42:29.360164,2026-03-08T00:03:04.160164,27116.175389333333,380.58
P02488,3,ED,admit,2026-02-16T21:53:38.640090,2026-03-07T17:56:47.673564,2026-03-07T23:52:37.473564,27123.1505579,355.83
P02489,3,ED,admit,2026-02-16T22:05:21.237930,2026-03-07T18:17:46.468998,2026-03-08T00:18:33.268998,27132.4205178,360.78
P02490,2,ED,admit,2026-02-16T22:15:01.717014,2026-03-07T18:59:13.475188,2026-03-08T02:01:21.875188,27164.195969566666,422.14
P02491,3,ED,admit,2026-02-16T22:21:19.856395,2026-03-07T19:27:00.478583,2026-03-08T01:49:22.678583,27185.677036466666,382.37
P02492,3,ED,admit,2026-02-16T22:24:48.240702,2026-03-07T19:35:44.266023,2026-03-08T01:25:38.866023,27190.93375535,349.91
P02493,3,ED,admit,2026-02-16T22:30:29.588345,2026-03-07T19:57:38.656639,2026-03-08T02:26:53.056639,27207.151138233334,389.24
P02494,3,ED,admit,2026-02-16T22:47:38.736022,2026-03-07T19:59:08.670115,2026-03-08T01:56:14.670115,27191.49890155,357.1
P02495,3,ED,admit,2026-02-16T23:39:18.228060,2026-03-07T20:10:02.644224,2026-03-08T01:21:36.244224,27150.7402694,311.56
P02496,2,ED,admit,2026-02-16T23:40:14.457419,2026-03-07T20:13:39.068989,2026-03-08T01:48:36.668989,27153.410192833333,334.96
P02497,3,ED,admit,2026-02-16T23:41:33.152389,2026-03-07T20:19:31.539860,2026-03-08T01:43:25.539860,27157.973124516666,323.9
P02498,2,ED,admit,2026-02-16T23:43:04.231269,2026-03-07T20:19:42.943225,2026-03-08T02:44:38.743225,27156.645199266666,384.93
P02499,3,ED,admit,2026-02-16T23:52:50.102592,2026-03-07T20:26:58.010806,2026-03-08T01:18:39.410806,27154.131803566666,291.69
P02500,3,ED,admit,2026-02-16T23:54:00.262500,2026-03-07T20:31:28.689062,2026-03-08T01:39:46.089062,27157.473776033334,308.29
